<annotation>
  <folder/>
  <filename>10006.jpg</filename>
  <database/>
  <annotation/>
  <image/>
  <size>
    <height>360</height>
    <width>640</width>
    <depth>3</depth>
  </size>
  <segmented/>
  <object>
    <name>Person</name>
    <pose/>
    <truncated/>
    <difficult/>
    <bndbox>
      <xmin>315.3179190751445</xmin>
      <ymin>38.86705202312139</ymin>
      <xmax>440.1734104046243</xmax>
      <ymax>352.16184971098266</ymax>
    </bndbox>
  </object>
  <object>
    <name>Person</name>
    <pose/>
    <truncated/>
    <difficult/>
    <bndbox>
      <xmin>101.44508670520231</xmin>
      <ymin>164.58959537572255</ymin>
      <xmax>393.0635838150289</xmax>
      <ymax>291.757225433526</ymax>
    </bndbox>
  </object>
  <object>
    <name>Bottle</name>
    <pose/>
    <truncated/>
    <difficult/>
    <bndbox>
      <xmin>435.26011560693644</xmin>
      <ymin>168.34682080924856</ymin>
      <xmax>452.3121387283237</xmax>
      <ymax>210.2543352601156</ymax>
    </bndbox>
  </object>
  <object>
    <name>Medicine</name>
    <pose/>
    <truncated/>
    <difficult/>
    <bndbox>
      <xmin>431.7919075144509</xmin>
      <ymin>211.98843930635837</ymin>
      <xmax>436.70520231213874</xmax>
      <ymax>227.3063583815029</ymax>
    </bndbox>
  </object>
  <object>
    <name>Medicine</name>
    <pose/>
    <truncated/>
    <difficult/>
    <bndbox>
      <xmin>441.0404624277457</xmin>
      <ymin>211.98843930635837</ymin>
      <xmax>451.4450867052023</xmax>
      <ymax>231.64161849710982</ymax>
    </bndbox>
  </object>
  <object>
    <name>InfusionBag</name>
    <pose/>
    <truncated/>
    <difficult/>
    <bndbox>
      <xmin>270.5202312138728</xmin>
      <ymin>50.42774566473989</ymin>
      <xmax>291.0404624277457</xmax>
      <ymax>87.13294797687861</ymax>
    </bndbox>
  </object>
</annotation>
