<annotation>
  <folder/>
  <filename>10024.jpg</filename>
  <database/>
  <annotation/>
  <image/>
  <size>
    <height>360</height>
    <width>640</width>
    <depth>3</depth>
  </size>
  <segmented/>
  <object>
    <name>InfusionBag</name>
    <pose/>
    <truncated/>
    <difficult/>
    <bndbox>
      <xmin>268.2080924855491</xmin>
      <ymin>47.53757225433526</ymin>
      <xmax>288.4393063583815</xmax>
      <ymax>83.37572254335261</ymax>
    </bndbox>
  </object>
  <object>
    <name>Person</name>
    <pose/>
    <truncated/>
    <difficult/>
    <bndbox>
      <xmin>104.33526011560694</xmin>
      <ymin>170.65895953757226</ymin>
      <xmax>378.6127167630058</xmax>
      <ymax>293.78034682080926</ymax>
    </bndbox>
  </object>
  <object>
    <name>Person</name>
    <pose/>
    <truncated/>
    <difficult/>
    <bndbox>
      <xmin>318.2080924855491</xmin>
      <ymin>74.70520231213872</ymin>
      <xmax>447.6878612716763</xmax>
      <ymax>352.16184971098266</ymax>
    </bndbox>
  </object>
  <object>
    <name>Medicine</name>
    <pose/>
    <truncated/>
    <difficult/>
    <bndbox>
      <xmin>442.19653179190755</xmin>
      <ymin>205.91907514450867</ymin>
      <xmax>453.46820809248555</xmax>
      <ymax>228.46242774566474</ymax>
    </bndbox>
  </object>
  <object>
    <name>Bottle</name>
    <pose/>
    <truncated/>
    <difficult/>
    <bndbox>
      <xmin>435.83815028901734</xmin>
      <ymin>163.14450867052022</ymin>
      <xmax>451.4450867052023</xmax>
      <ymax>203.31791907514452</ymax>
    </bndbox>
  </object>
</annotation>
