<annotation>
  <folder/>
  <filename>10036.jpg</filename>
  <database/>
  <annotation/>
  <image/>
  <size>
    <height>360</height>
    <width>640</width>
    <depth>3</depth>
  </size>
  <segmented/>
  <object>
    <name>InfusionBag</name>
    <pose/>
    <truncated/>
    <difficult/>
    <bndbox>
      <xmin>265.8959537572254</xmin>
      <ymin>45.80346820809249</ymin>
      <xmax>288.15028901734104</xmax>
      <ymax>78.7514450867052</ymax>
    </bndbox>
  </object>
  <object>
    <name>Person</name>
    <pose/>
    <truncated/>
    <difficult/>
    <bndbox>
      <xmin>101.15606936416185</xmin>
      <ymin>164.58959537572255</ymin>
      <xmax>383.8150289017341</xmax>
      <ymax>295.22543352601156</ymax>
    </bndbox>
  </object>
  <object>
    <name>Person</name>
    <pose/>
    <truncated/>
    <difficult/>
    <bndbox>
      <xmin>320.23121387283237</xmin>
      <ymin>70.08092485549133</ymin>
      <xmax>454.33526011560696</xmax>
      <ymax>351.0057803468208</ymax>
    </bndbox>
  </object>
  <object>
    <name>Bottle</name>
    <pose/>
    <truncated/>
    <difficult/>
    <bndbox>
      <xmin>440.1734104046243</xmin>
      <ymin>156.78612716763007</ymin>
      <xmax>454.04624277456645</xmax>
      <ymax>191.46820809248555</ymax>
    </bndbox>
  </object>
  <object>
    <name>Medicine</name>
    <pose/>
    <truncated/>
    <difficult/>
    <bndbox>
      <xmin>447.1098265895954</xmin>
      <ymin>200.4277456647399</ymin>
      <xmax>458.09248554913296</xmax>
      <ymax>221.52601156069363</ymax>
    </bndbox>
  </object>
</annotation>
