<annotation>
  <folder/>
  <filename>10030.jpg</filename>
  <database/>
  <annotation/>
  <image/>
  <size>
    <height>360</height>
    <width>640</width>
    <depth>3</depth>
  </size>
  <segmented/>
  <object>
    <name>InfusionBag</name>
    <pose/>
    <truncated/>
    <difficult/>
    <bndbox>
      <xmin>269.36416184971097</xmin>
      <ymin>48.115606936416185</ymin>
      <xmax>287.28323699421964</xmax>
      <ymax>81.0635838150289</ymax>
    </bndbox>
  </object>
  <object>
    <name>Person</name>
    <pose/>
    <truncated/>
    <difficult/>
    <bndbox>
      <xmin>102.60115606936417</xmin>
      <ymin>171.52601156069363</ymin>
      <xmax>387.28323699421964</xmax>
      <ymax>292.6242774566474</ymax>
    </bndbox>
  </object>
  <object>
    <name>Person</name>
    <pose/>
    <truncated/>
    <difficult/>
    <bndbox>
      <xmin>322.5433526011561</xmin>
      <ymin>68.05780346820809</ymin>
      <xmax>452.89017341040466</xmax>
      <ymax>347.53757225433526</ymax>
    </bndbox>
  </object>
  <object>
    <name>Bottle</name>
    <pose/>
    <truncated/>
    <difficult/>
    <bndbox>
      <xmin>439.01734104046244</xmin>
      <ymin>159.38728323699422</ymin>
      <xmax>452.3121387283237</xmax>
      <ymax>202.16184971098266</ymax>
    </bndbox>
  </object>
  <object>
    <name>Medicine</name>
    <pose/>
    <truncated/>
    <difficult/>
    <bndbox>
      <xmin>446.242774566474</xmin>
      <ymin>203.02890173410404</ymin>
      <xmax>455.4913294797688</xmax>
      <ymax>223.83815028901734</ymax>
    </bndbox>
  </object>
</annotation>
