<annotation>
  <folder/>
  <filename>10048.jpg</filename>
  <database/>
  <annotation/>
  <image/>
  <size>
    <height>360</height>
    <width>640</width>
    <depth>3</depth>
  </size>
  <segmented/>
  <object>
    <name>Person</name>
    <pose/>
    <truncated/>
    <difficult/>
    <bndbox>
      <xmin>90.17341040462428</xmin>
      <ymin>165.45664739884393</ymin>
      <xmax>379.19075144508673</xmax>
      <ymax>309.0982658959538</ymax>
    </bndbox>
  </object>
  <object>
    <name>Person</name>
    <pose/>
    <truncated/>
    <difficult/>
    <bndbox>
      <xmin>310.40462427745666</xmin>
      <ymin>71.81502890173411</ymin>
      <xmax>460.98265895953756</xmax>
      <ymax>351.0057803468208</ymax>
    </bndbox>
  </object>
  <object>
    <name>Bottle</name>
    <pose/>
    <truncated/>
    <difficult/>
    <bndbox>
      <xmin>437.28323699421964</xmin>
      <ymin>154.76300578034682</ymin>
      <xmax>450.57803468208095</xmax>
      <ymax>186.84393063583815</ymax>
    </bndbox>
  </object>
  <object>
    <name>Medicine</name>
    <pose/>
    <truncated/>
    <difficult/>
    <bndbox>
      <xmin>449.4219653179191</xmin>
      <ymin>199.56069364161849</ymin>
      <xmax>456.9364161849711</xmax>
      <ymax>220.36994219653178</ymax>
    </bndbox>
  </object>
  <object>
    <name>InfusionBag</name>
    <pose/>
    <truncated/>
    <difficult/>
    <bndbox>
      <xmin>255.78034682080926</xmin>
      <ymin>40.3121387283237</ymin>
      <xmax>276.5895953757225</xmax>
      <ymax>75.57225433526011</ymax>
    </bndbox>
  </object>
</annotation>
