<annotation>
  <folder/>
  <filename>10042.jpg</filename>
  <database/>
  <annotation/>
  <image/>
  <size>
    <height>360</height>
    <width>640</width>
    <depth>3</depth>
  </size>
  <segmented/>
  <object>
    <name>InfusionBag</name>
    <pose/>
    <truncated/>
    <difficult/>
    <bndbox>
      <xmin>262.42774566473986</xmin>
      <ymin>42.91329479768786</ymin>
      <xmax>281.7919075144509</xmax>
      <ymax>77.01734104046243</ymax>
    </bndbox>
  </object>
  <object>
    <name>Person</name>
    <pose/>
    <truncated/>
    <difficult/>
    <bndbox>
      <xmin>313.5838150289017</xmin>
      <ymin>72.6820809248555</ymin>
      <xmax>462.71676300578036</xmax>
      <ymax>349.84971098265896</ymax>
    </bndbox>
  </object>
  <object>
    <name>Person</name>
    <pose/>
    <truncated/>
    <difficult/>
    <bndbox>
      <xmin>93.35260115606937</xmin>
      <ymin>154.1849710982659</ymin>
      <xmax>412.1387283236994</xmax>
      <ymax>302.4508670520231</ymax>
    </bndbox>
  </object>
  <object>
    <name>Bottle</name>
    <pose/>
    <truncated/>
    <difficult/>
    <bndbox>
      <xmin>440.1734104046243</xmin>
      <ymin>157.07514450867052</ymin>
      <xmax>453.1791907514451</xmax>
      <ymax>189.44508670520233</ymax>
    </bndbox>
  </object>
  <object>
    <name>Medicine</name>
    <pose/>
    <truncated/>
    <difficult/>
    <bndbox>
      <xmin>449.4219653179191</xmin>
      <ymin>199.27167630057804</ymin>
      <xmax>456.0693641618497</xmax>
      <ymax>221.23699421965318</ymax>
    </bndbox>
  </object>
</annotation>
