<annotation>
  <folder/>
  <filename>10054.jpg</filename>
  <database/>
  <annotation/>
  <image/>
  <size>
    <height>360</height>
    <width>640</width>
    <depth>3</depth>
  </size>
  <segmented/>
  <object>
    <name>Person</name>
    <pose/>
    <truncated/>
    <difficult/>
    <bndbox>
      <xmin>89.59537572254335</xmin>
      <ymin>146.67052023121389</ymin>
      <xmax>366.76300578034716</xmax>
      <ymax>312.85549132947983</ymax>
    </bndbox>
  </object>
  <object>
    <name>Person</name>
    <pose/>
    <truncated/>
    <difficult/>
    <bndbox>
      <xmin>302.3121387283237</xmin>
      <ymin>71.81502890173411</ymin>
      <xmax>464.73988439306356</xmax>
      <ymax>355.34104046242777</ymax>
    </bndbox>
  </object>
  <object>
    <name>InfusionBag</name>
    <pose/>
    <truncated/>
    <difficult/>
    <bndbox>
      <xmin>248.26589595375722</xmin>
      <ymin>38.86705202312139</ymin>
      <xmax>273.4104046242775</xmax>
      <ymax>76.72832369942196</ymax>
    </bndbox>
  </object>
  <object>
    <name>Bottle</name>
    <pose/>
    <truncated/>
    <difficult/>
    <bndbox>
      <xmin>437.57225433526014</xmin>
      <ymin>153.60693641618496</ymin>
      <xmax>449.71098265895955</xmax>
      <ymax>179.90751445086704</ymax>
    </bndbox>
  </object>
  <object>
    <name>Medicine</name>
    <pose/>
    <truncated/>
    <difficult/>
    <bndbox>
      <xmin>451.15606936416185</xmin>
      <ymin>199.84971098265896</ymin>
      <xmax>458.09248554913296</xmax>
      <ymax>219.5028901734104</ymax>
    </bndbox>
  </object>
</annotation>
