<annotation>
  <folder/>
  <filename>10090.jpg</filename>
  <database/>
  <annotation/>
  <image/>
  <size>
    <height>360</height>
    <width>640</width>
    <depth>3</depth>
  </size>
  <segmented/>
  <object>
    <name>InfusionBag</name>
    <pose/>
    <truncated/>
    <difficult/>
    <bndbox>
      <xmin>242.19653179190752</xmin>
      <ymin>33.3757225433526</ymin>
      <xmax>267.6300578034682</xmax>
      <ymax>71.23699421965318</ymax>
    </bndbox>
  </object>
  <object>
    <name>Person</name>
    <pose/>
    <truncated/>
    <difficult/>
    <bndbox>
      <xmin>109.2485549132948</xmin>
      <ymin>107.65317919075144</ymin>
      <xmax>370.23121387283237</xmax>
      <ymax>314.3005780346821</ymax>
    </bndbox>
  </object>
  <object>
    <name>Person</name>
    <pose/>
    <truncated/>
    <difficult/>
    <bndbox>
      <xmin>310.1156069364162</xmin>
      <ymin>55.91907514450867</ymin>
      <xmax>487.8612716763006</xmax>
      <ymax>336.5549132947977</ymax>
    </bndbox>
  </object>
</annotation>
