<annotation>
  <folder/>
  <filename>10126.jpg</filename>
  <database/>
  <annotation/>
  <image/>
  <size>
    <height>360</height>
    <width>640</width>
    <depth>3</depth>
  </size>
  <segmented/>
  <object>
    <name>InfusionBag</name>
    <pose/>
    <truncated/>
    <difficult/>
    <bndbox>
      <xmin>197.97687861271677</xmin>
      <ymin>28.751445086705203</ymin>
      <xmax>224.85549132947978</xmax>
      <ymax>71.52601156069365</ymax>
    </bndbox>
  </object>
  <object>
    <name>Person</name>
    <pose/>
    <truncated/>
    <difficult/>
    <bndbox>
      <xmin>115.60693641618498</xmin>
      <ymin>86.55491329479769</ymin>
      <xmax>343.64161849710985</xmax>
      <ymax>343.78034682080926</ymax>
    </bndbox>
  </object>
  <object>
    <name>Person</name>
    <pose/>
    <truncated/>
    <difficult/>
    <bndbox>
      <xmin>286.70520231213874</xmin>
      <ymin>44.64739884393064</ymin>
      <xmax>481.21387283236993</xmax>
      <ymax>332.21965317919074</ymax>
    </bndbox>
  </object>
</annotation>
