<annotation>
  <folder/>
  <filename>10132.jpg</filename>
  <database/>
  <annotation/>
  <image/>
  <size>
    <height>360</height>
    <width>640</width>
    <depth>3</depth>
  </size>
  <segmented/>
  <object>
    <name>InfusionBag</name>
    <pose/>
    <truncated/>
    <difficult/>
    <bndbox>
      <xmin>197.97687861271677</xmin>
      <ymin>29.32947976878613</ymin>
      <xmax>226.01156069364163</xmax>
      <ymax>71.23699421965318</ymax>
    </bndbox>
  </object>
  <object>
    <name>Person</name>
    <pose/>
    <truncated/>
    <difficult/>
    <bndbox>
      <xmin>132.65895953757226</xmin>
      <ymin>83.95375722543352</ymin>
      <xmax>344.5086705202312</xmax>
      <ymax>350.4277456647399</ymax>
    </bndbox>
  </object>
  <object>
    <name>Person</name>
    <pose/>
    <truncated/>
    <difficult/>
    <bndbox>
      <xmin>289.3063583815029</xmin>
      <ymin>44.06936416184971</ymin>
      <xmax>481.7919075144509</xmax>
      <ymax>333.95375722543355</ymax>
    </bndbox>
  </object>
</annotation>
