<annotation>
  <folder/>
  <filename>10144.jpg</filename>
  <database/>
  <annotation/>
  <image/>
  <size>
    <height>360</height>
    <width>640</width>
    <depth>3</depth>
  </size>
  <segmented/>
  <object>
    <name>InfusionBag</name>
    <pose/>
    <truncated/>
    <difficult/>
    <bndbox>
      <xmin>186.41618497109826</xmin>
      <ymin>29.040462427745666</ymin>
      <xmax>217.91907514450867</xmax>
      <ymax>69.5028901734104</ymax>
    </bndbox>
  </object>
  <object>
    <name>Person</name>
    <pose/>
    <truncated/>
    <difficult/>
    <bndbox>
      <xmin>150.8670520231214</xmin>
      <ymin>78.46242774566474</ymin>
      <xmax>334.6820809248555</xmax>
      <ymax>341.1791907514451</ymax>
    </bndbox>
  </object>
  <object>
    <name>Person</name>
    <pose/>
    <truncated/>
    <difficult/>
    <bndbox>
      <xmin>285.83815028901734</xmin>
      <ymin>35.39884393063584</ymin>
      <xmax>476.0115606936416</xmax>
      <ymax>318.63583815028903</ymax>
    </bndbox>
  </object>
</annotation>
