<annotation>
  <folder/>
  <filename>10156.jpg</filename>
  <database/>
  <annotation/>
  <image/>
  <size>
    <height>360</height>
    <width>640</width>
    <depth>3</depth>
  </size>
  <segmented/>
  <object>
    <name>InfusionBag</name>
    <pose/>
    <truncated/>
    <difficult/>
    <bndbox>
      <xmin>175.14450867052022</xmin>
      <ymin>29.907514450867055</ymin>
      <xmax>203.46820809248555</xmax>
      <ymax>72.97109826589596</ymax>
    </bndbox>
  </object>
  <object>
    <name>Person</name>
    <pose/>
    <truncated/>
    <difficult/>
    <bndbox>
      <xmin>165.31791907514452</xmin>
      <ymin>79.61849710982659</ymin>
      <xmax>326.0115606936416</xmax>
      <ymax>330.77456647398844</ymax>
    </bndbox>
  </object>
  <object>
    <name>Person</name>
    <pose/>
    <truncated/>
    <difficult/>
    <bndbox>
      <xmin>274.5664739884393</xmin>
      <ymin>28.751445086705203</ymin>
      <xmax>458.09248554913296</xmax>
      <ymax>311.12138728323697</ymax>
    </bndbox>
  </object>
</annotation>
