<annotation>
  <folder/>
  <filename>10174.jpg</filename>
  <database/>
  <annotation/>
  <image/>
  <size>
    <height>360</height>
    <width>640</width>
    <depth>3</depth>
  </size>
  <segmented/>
  <object>
    <name>InfusionBag</name>
    <pose/>
    <truncated/>
    <difficult/>
    <bndbox>
      <xmin>143.35260115606937</xmin>
      <ymin>37.13294797687861</ymin>
      <xmax>175.14450867052022</xmax>
      <ymax>79.90751445086705</ymax>
    </bndbox>
  </object>
  <object>
    <name>Person</name>
    <pose/>
    <truncated/>
    <difficult/>
    <bndbox>
      <xmin>168.78612716763007</xmin>
      <ymin>86.26589595375722</ymin>
      <xmax>305.4913294797688</xmax>
      <ymax>338.57803468208095</ymax>
    </bndbox>
  </object>
  <object>
    <name>Person</name>
    <pose/>
    <truncated/>
    <difficult/>
    <bndbox>
      <xmin>259.8265895953757</xmin>
      <ymin>27.884393063583815</ymin>
      <xmax>427.1676300578035</xmax>
      <ymax>308.23121387283237</ymax>
    </bndbox>
  </object>
</annotation>
