<annotation>
  <folder/>
  <filename>10180.jpg</filename>
  <database/>
  <annotation/>
  <image/>
  <size>
    <height>360</height>
    <width>640</width>
    <depth>3</depth>
  </size>
  <segmented/>
  <object>
    <name>InfusionBag</name>
    <pose/>
    <truncated/>
    <difficult/>
    <bndbox>
      <xmin>135.83815028901734</xmin>
      <ymin>37.421965317919074</ymin>
      <xmax>170.23121387283237</xmax>
      <ymax>81.0635838150289</ymax>
    </bndbox>
  </object>
  <object>
    <name>Person</name>
    <pose/>
    <truncated/>
    <difficult/>
    <bndbox>
      <xmin>171.09826589595377</xmin>
      <ymin>87.42196531791907</ymin>
      <xmax>305.2023121387283</xmax>
      <ymax>336.26589595375725</ymax>
    </bndbox>
  </object>
  <object>
    <name>Person</name>
    <pose/>
    <truncated/>
    <difficult/>
    <bndbox>
      <xmin>259.2485549132948</xmin>
      <ymin>23.838150289017342</ymin>
      <xmax>423.12138728323697</xmax>
      <ymax>307.36416184971097</ymax>
    </bndbox>
  </object>
</annotation>
