<annotation>
  <folder/>
  <filename>10186.jpg</filename>
  <database/>
  <annotation/>
  <image/>
  <size>
    <height>360</height>
    <width>640</width>
    <depth>3</depth>
  </size>
  <segmented/>
  <object>
    <name>InfusionBag</name>
    <pose/>
    <truncated/>
    <difficult/>
    <bndbox>
      <xmin>140.46242774566474</xmin>
      <ymin>34.24277456647399</ymin>
      <xmax>170.52023121387285</xmax>
      <ymax>77.59537572254335</ymax>
    </bndbox>
  </object>
  <object>
    <name>Person</name>
    <pose/>
    <truncated/>
    <difficult/>
    <bndbox>
      <xmin>178.90173410404626</xmin>
      <ymin>84.53179190751445</ymin>
      <xmax>316.47398843930637</xmax>
      <ymax>336.5549132947977</ymax>
    </bndbox>
  </object>
  <object>
    <name>Person</name>
    <pose/>
    <truncated/>
    <difficult/>
    <bndbox>
      <xmin>268.78612716763007</xmin>
      <ymin>18.92485549132948</ymin>
      <xmax>428.0346820809249</xmax>
      <ymax>309.67630057803467</ymax>
    </bndbox>
  </object>
</annotation>
