<annotation>
  <folder/>
  <filename>10198.jpg</filename>
  <database/>
  <annotation/>
  <image/>
  <size>
    <height>360</height>
    <width>640</width>
    <depth>3</depth>
  </size>
  <segmented/>
  <object>
    <name>InfusionBag</name>
    <pose/>
    <truncated/>
    <difficult/>
    <bndbox>
      <xmin>166.76300578034682</xmin>
      <ymin>35.687861271676304</ymin>
      <xmax>194.79768786127167</xmax>
      <ymax>79.61849710982659</ymax>
    </bndbox>
  </object>
  <object>
    <name>Person</name>
    <pose/>
    <truncated/>
    <difficult/>
    <bndbox>
      <xmin>226.01156069364163</xmin>
      <ymin>87.42196531791907</ymin>
      <xmax>350.0</xmax>
      <ymax>334.8208092485549</ymax>
    </bndbox>
  </object>
  <object>
    <name>Person</name>
    <pose/>
    <truncated/>
    <difficult/>
    <bndbox>
      <xmin>306.35838150289015</xmin>
      <ymin>14.01156069364162</ymin>
      <xmax>448.84393063583815</xmax>
      <ymax>295.22543352601156</ymax>
    </bndbox>
  </object>
</annotation>
