<annotation>
  <folder/>
  <filename>10204.jpg</filename>
  <database/>
  <annotation/>
  <image/>
  <size>
    <height>360</height>
    <width>640</width>
    <depth>3</depth>
  </size>
  <segmented/>
  <object>
    <name>InfusionBag</name>
    <pose/>
    <truncated/>
    <difficult/>
    <bndbox>
      <xmin>165.89595375722544</xmin>
      <ymin>39.445086705202314</ymin>
      <xmax>197.39884393063585</xmax>
      <ymax>83.66473988439307</ymax>
    </bndbox>
  </object>
  <object>
    <name>Person</name>
    <pose/>
    <truncated/>
    <difficult/>
    <bndbox>
      <xmin>234.39306358381504</xmin>
      <ymin>90.60115606936417</ymin>
      <xmax>356.64739884393066</xmax>
      <ymax>334.53179190751445</ymax>
    </bndbox>
  </object>
  <object>
    <name>Person</name>
    <pose/>
    <truncated/>
    <difficult/>
    <bndbox>
      <xmin>310.40462427745666</xmin>
      <ymin>17.479768786127167</ymin>
      <xmax>448.26589595375725</xmax>
      <ymax>293.2023121387283</ymax>
    </bndbox>
  </object>
</annotation>
