<annotation>
  <folder/>
  <filename>10228.jpg</filename>
  <database/>
  <annotation/>
  <image/>
  <size>
    <height>360</height>
    <width>640</width>
    <depth>3</depth>
  </size>
  <segmented/>
  <object>
    <name>InfusionBag</name>
    <pose/>
    <truncated/>
    <difficult/>
    <bndbox>
      <xmin>122.25433526011561</xmin>
      <ymin>46.092485549132945</ymin>
      <xmax>152.89017341040463</xmax>
      <ymax>90.89017341040463</ymax>
    </bndbox>
  </object>
  <object>
    <name>Person</name>
    <pose/>
    <truncated/>
    <difficult/>
    <bndbox>
      <xmin>194.79768786127167</xmin>
      <ymin>96.38150289017341</ymin>
      <xmax>329.76878612716763</xmax>
      <ymax>339.7341040462428</ymax>
    </bndbox>
  </object>
  <object>
    <name>Person</name>
    <pose/>
    <truncated/>
    <difficult/>
    <bndbox>
      <xmin>264.73988439306356</xmin>
      <ymin>13.433526011560694</ymin>
      <xmax>404.33526011560696</xmax>
      <ymax>295.22543352601156</ymax>
    </bndbox>
  </object>
</annotation>
