<annotation>
  <folder/>
  <filename>10222.jpg</filename>
  <database/>
  <annotation/>
  <image/>
  <size>
    <height>360</height>
    <width>640</width>
    <depth>3</depth>
  </size>
  <segmented/>
  <object>
    <name>InfusionBag</name>
    <pose/>
    <truncated/>
    <difficult/>
    <bndbox>
      <xmin>136.9942196531792</xmin>
      <ymin>45.225433526011564</ymin>
      <xmax>167.0520231213873</xmax>
      <ymax>88.57803468208093</ymax>
    </bndbox>
  </object>
  <object>
    <name>Person</name>
    <pose/>
    <truncated/>
    <difficult/>
    <bndbox>
      <xmin>208.67052023121389</xmin>
      <ymin>94.0693641618497</ymin>
      <xmax>341.90751445086704</xmax>
      <ymax>337.4219653179191</ymax>
    </bndbox>
  </object>
  <object>
    <name>Person</name>
    <pose/>
    <truncated/>
    <difficult/>
    <bndbox>
      <xmin>280.0578034682081</xmin>
      <ymin>13.433526011560694</ymin>
      <xmax>417.34104046242777</xmax>
      <ymax>298.6936416184971</ymax>
    </bndbox>
  </object>
</annotation>
