<annotation>
  <folder/>
  <filename>10234.jpg</filename>
  <database/>
  <annotation/>
  <image/>
  <size>
    <height>360</height>
    <width>640</width>
    <depth>3</depth>
  </size>
  <segmented/>
  <object>
    <name>InfusionBag</name>
    <pose/>
    <truncated/>
    <difficult/>
    <bndbox>
      <xmin>104.04624277456648</xmin>
      <ymin>47.53757225433526</ymin>
      <xmax>136.9942196531792</xmax>
      <ymax>92.33526011560694</ymax>
    </bndbox>
  </object>
  <object>
    <name>Person</name>
    <pose/>
    <truncated/>
    <difficult/>
    <bndbox>
      <xmin>181.21387283236996</xmin>
      <ymin>95.80346820809248</ymin>
      <xmax>319.0751445086705</xmax>
      <ymax>342.6242774566474</ymax>
    </bndbox>
  </object>
  <object>
    <name>Person</name>
    <pose/>
    <truncated/>
    <difficult/>
    <bndbox>
      <xmin>250.8670520231214</xmin>
      <ymin>11.121387283236995</ymin>
      <xmax>392.77456647398844</xmax>
      <ymax>294.35838150289015</ymax>
    </bndbox>
  </object>
</annotation>
