<annotation>
  <folder/>
  <filename>10258.jpg</filename>
  <database/>
  <annotation/>
  <image/>
  <size>
    <height>360</height>
    <width>640</width>
    <depth>3</depth>
  </size>
  <segmented/>
  <object>
    <name>InfusionBag</name>
    <pose/>
    <truncated/>
    <difficult/>
    <bndbox>
      <xmin>89.59537572254335</xmin>
      <ymin>48.982658959537574</ymin>
      <xmax>127.74566473988439</xmax>
      <ymax>98.11560693641619</ymax>
    </bndbox>
  </object>
  <object>
    <name>Person</name>
    <pose/>
    <truncated/>
    <difficult/>
    <bndbox>
      <xmin>200.0</xmin>
      <ymin>95.51445086705202</ymin>
      <xmax>375.4335260115607</xmax>
      <ymax>356.4971098265896</ymax>
    </bndbox>
  </object>
  <object>
    <name>Bottle</name>
    <pose/>
    <truncated/>
    <difficult/>
    <bndbox>
      <xmin>304.04624277456645</xmin>
      <ymin>127.30635838150289</ymin>
      <xmax>316.7630057803468</xmax>
      <ymax>155.0520231213873</ymax>
    </bndbox>
  </object>
  <object>
    <name>Person</name>
    <pose/>
    <truncated/>
    <difficult/>
    <bndbox>
      <xmin>276.87861271676303</xmin>
      <ymin>1.294797687861271</ymin>
      <xmax>394.7976878612717</xmax>
      <ymax>263.1445086705202</ymax>
    </bndbox>
  </object>
</annotation>
