<annotation>
  <folder/>
  <filename>10264.jpg</filename>
  <database/>
  <annotation/>
  <image/>
  <size>
    <height>360</height>
    <width>640</width>
    <depth>3</depth>
  </size>
  <segmented/>
  <object>
    <name>InfusionBag</name>
    <pose/>
    <truncated/>
    <difficult/>
    <bndbox>
      <xmin>87.57225433526011</xmin>
      <ymin>52.73988439306359</ymin>
      <xmax>121.09826589595376</xmax>
      <ymax>103.60693641618498</ymax>
    </bndbox>
  </object>
  <object>
    <name>Person</name>
    <pose/>
    <truncated/>
    <difficult/>
    <bndbox>
      <xmin>203.757225433526</xmin>
      <ymin>96.95953757225433</ymin>
      <xmax>385.83815028901734</xmax>
      <ymax>357.9421965317919</ymax>
    </bndbox>
  </object>
  <object>
    <name>Person</name>
    <pose/>
    <truncated/>
    <difficult/>
    <bndbox>
      <xmin>274.2774566473988</xmin>
      <ymin>3.0289017341040463</ymin>
      <xmax>391.32947976878614</xmax>
      <ymax>261.12138728323697</ymax>
    </bndbox>
  </object>
  <object>
    <name>Bottle</name>
    <pose/>
    <truncated/>
    <difficult/>
    <bndbox>
      <xmin>297.6878612716763</xmin>
      <ymin>129.6184971098266</ymin>
      <xmax>310.98265895953756</xmax>
      <ymax>150.4277456647399</ymax>
    </bndbox>
  </object>
</annotation>
