<annotation>
  <folder/>
  <filename>10270.jpg</filename>
  <database/>
  <annotation/>
  <image/>
  <size>
    <height>360</height>
    <width>640</width>
    <depth>3</depth>
  </size>
  <segmented/>
  <object>
    <name>InfusionBag</name>
    <pose/>
    <truncated/>
    <difficult/>
    <bndbox>
      <xmin>72.54335260115607</xmin>
      <ymin>58.23121387283237</ymin>
      <xmax>109.82658959537572</xmax>
      <ymax>108.23121387283237</ymax>
    </bndbox>
  </object>
  <object>
    <name>Person</name>
    <pose/>
    <truncated/>
    <difficult/>
    <bndbox>
      <xmin>194.79768786127167</xmin>
      <ymin>99.27167630057804</ymin>
      <xmax>382.08092485549133</xmax>
      <ymax>358.5202312138728</ymax>
    </bndbox>
  </object>
  <object>
    <name>Person</name>
    <pose/>
    <truncated/>
    <difficult/>
    <bndbox>
      <xmin>264.4508670520231</xmin>
      <ymin>6.78612716763006</ymin>
      <xmax>379.19075144508673</xmax>
      <ymax>261.6994219653179</ymax>
    </bndbox>
  </object>
  <object>
    <name>Bottle</name>
    <pose/>
    <truncated/>
    <difficult/>
    <bndbox>
      <xmin>284.39306358381504</xmin>
      <ymin>130.77456647398844</ymin>
      <xmax>299.1329479768786</xmax>
      <ymax>150.71676300578034</ymax>
    </bndbox>
  </object>
</annotation>
