<annotation>
  <folder/>
  <filename>10282.jpg</filename>
  <database/>
  <annotation/>
  <image/>
  <size>
    <height>360</height>
    <width>640</width>
    <depth>3</depth>
  </size>
  <segmented/>
  <object>
    <name>InfusionBag</name>
    <pose/>
    <truncated/>
    <difficult/>
    <bndbox>
      <xmin>28.612716763005782</xmin>
      <ymin>64.878612716763</ymin>
      <xmax>71.09826589595376</xmax>
      <ymax>117.76878612716763</ymax>
    </bndbox>
  </object>
  <object>
    <name>Person</name>
    <pose/>
    <truncated/>
    <difficult/>
    <bndbox>
      <xmin>167.91907514450867</xmin>
      <ymin>104.18497109826589</ymin>
      <xmax>361.84971098265896</xmax>
      <ymax>355.05202312138726</ymax>
    </bndbox>
  </object>
  <object>
    <name>Person</name>
    <pose/>
    <truncated/>
    <difficult/>
    <bndbox>
      <xmin>238.15028901734104</xmin>
      <ymin>8.520231213872833</ymin>
      <xmax>351.4450867052023</xmax>
      <ymax>251.5838150289017</ymax>
    </bndbox>
  </object>
  <object>
    <name>Bottle</name>
    <pose/>
    <truncated/>
    <difficult/>
    <bndbox>
      <xmin>253.46820809248555</xmin>
      <ymin>134.53179190751445</ymin>
      <xmax>268.78612716763007</xmax>
      <ymax>152.16184971098266</ymax>
    </bndbox>
  </object>
</annotation>
