<annotation>
  <folder/>
  <filename>10294.jpg</filename>
  <database/>
  <annotation/>
  <image/>
  <size>
    <height>360</height>
    <width>640</width>
    <depth>3</depth>
  </size>
  <segmented/>
  <object>
    <name>InfusionBag</name>
    <pose/>
    <truncated/>
    <difficult/>
    <bndbox>
      <xmin>7.225433526011561</xmin>
      <ymin>69.21387283236994</ymin>
      <xmax>47.10982658959538</xmax>
      <ymax>120.9479768786127</ymax>
    </bndbox>
  </object>
  <object>
    <name>Person</name>
    <pose/>
    <truncated/>
    <difficult/>
    <bndbox>
      <xmin>155.20231213872833</xmin>
      <ymin>103.89595375722543</ymin>
      <xmax>361.5606936416185</xmax>
      <ymax>353.02890173410407</ymax>
    </bndbox>
  </object>
  <object>
    <name>Person</name>
    <pose/>
    <truncated/>
    <difficult/>
    <bndbox>
      <xmin>220.23121387283237</xmin>
      <ymin>5.919075144508671</ymin>
      <xmax>339.59537572254334</xmax>
      <ymax>246.67052023121386</ymax>
    </bndbox>
  </object>
</annotation>
