<annotation>
  <folder/>
  <filename>10312.jpg</filename>
  <database/>
  <annotation/>
  <image/>
  <size>
    <height>360</height>
    <width>640</width>
    <depth>3</depth>
  </size>
  <segmented/>
  <object>
    <name>InfusionBag</name>
    <pose/>
    <truncated/>
    <difficult/>
    <bndbox>
      <xmin>21.965317919075144</xmin>
      <ymin>79.90751445086705</ymin>
      <xmax>65.31791907514452</xmax>
      <ymax>135.39884393063585</ymax>
    </bndbox>
  </object>
  <object>
    <name>Person</name>
    <pose/>
    <truncated/>
    <difficult/>
    <bndbox>
      <xmin>188.72832369942196</xmin>
      <ymin>107.36416184971098</ymin>
      <xmax>413.8728323699422</xmax>
      <ymax>346.67052023121386</ymax>
    </bndbox>
  </object>
  <object>
    <name>Person</name>
    <pose/>
    <truncated/>
    <difficult/>
    <bndbox>
      <xmin>243.9306358381503</xmin>
      <ymin>9.387283236994222</ymin>
      <xmax>352.60115606936415</xmax>
      <ymax>230.19653179190752</ymax>
    </bndbox>
  </object>
</annotation>
