<annotation>
  <folder/>
  <filename>10318.jpg</filename>
  <database/>
  <annotation/>
  <image/>
  <size>
    <height>360</height>
    <width>640</width>
    <depth>3</depth>
  </size>
  <segmented/>
  <object>
    <name>InfusionBag</name>
    <pose/>
    <truncated/>
    <difficult/>
    <bndbox>
      <xmin>20.23121387283237</xmin>
      <ymin>82.79768786127168</ymin>
      <xmax>65.60693641618496</xmax>
      <ymax>143.20231213872833</ymax>
    </bndbox>
  </object>
  <object>
    <name>Person</name>
    <pose/>
    <truncated/>
    <difficult/>
    <bndbox>
      <xmin>179.47976878612718</xmin>
      <ymin>109.38728323699422</ymin>
      <xmax>417.6300578034682</xmax>
      <ymax>340.8901734104046</ymax>
    </bndbox>
  </object>
  <object>
    <name>Person</name>
    <pose/>
    <truncated/>
    <difficult/>
    <bndbox>
      <xmin>237.28323699421966</xmin>
      <ymin>14.589595375722542</ymin>
      <xmax>345.95375722543355</xmax>
      <ymax>222.10404624277456</ymax>
    </bndbox>
  </object>
</annotation>
