<annotation>
  <folder/>
  <filename>10330.jpg</filename>
  <database/>
  <annotation/>
  <image/>
  <size>
    <height>360</height>
    <width>640</width>
    <depth>3</depth>
  </size>
  <segmented/>
  <object>
    <name>InfusionBag</name>
    <pose/>
    <truncated/>
    <difficult/>
    <bndbox>
      <xmin>1.1560693641618498</xmin>
      <ymin>90.60115606936417</ymin>
      <xmax>45.664739884393065</xmax>
      <ymax>146.67052023121389</ymax>
    </bndbox>
  </object>
  <object>
    <name>Person</name>
    <pose/>
    <truncated/>
    <difficult/>
    <bndbox>
      <xmin>169.07514450867052</xmin>
      <ymin>115.45664739884393</ymin>
      <xmax>403.46820809248555</xmax>
      <ymax>337.4219653179191</ymax>
    </bndbox>
  </object>
  <object>
    <name>Person</name>
    <pose/>
    <truncated/>
    <difficult/>
    <bndbox>
      <xmin>219.364161849711</xmin>
      <ymin>17.76878612716763</ymin>
      <xmax>327.7456647398844</xmax>
      <ymax>219.79190751445086</ymax>
    </bndbox>
  </object>
</annotation>
