<annotation>
  <folder/>
  <filename>1035.jpg</filename>
  <database/>
  <annotation/>
  <image/>
  <size>
    <height>360</height>
    <width>640</width>
    <depth>3</depth>
  </size>
  <segmented/>
  <object>
    <name>InfusionBag</name>
    <pose/>
    <truncated/>
    <difficult/>
    <bndbox>
      <xmin>138.43930635838151</xmin>
      <ymin>2.1618497109826595</ymin>
      <xmax>177.7456647398844</xmax>
      <ymax>71.52601156069365</ymax>
    </bndbox>
  </object>
  <object>
    <name>Person</name>
    <pose/>
    <truncated/>
    <difficult/>
    <bndbox>
      <xmin>185.2601156069364</xmin>
      <ymin>111.69942196531792</ymin>
      <xmax>605.2023121387283</xmax>
      <ymax>317.76878612716763</ymax>
    </bndbox>
  </object>
  <object>
    <name>Person</name>
    <pose/>
    <truncated/>
    <difficult/>
    <bndbox>
      <xmin>233.8150289017341</xmin>
      <ymin>52.73988439306359</ymin>
      <xmax>373.6994219653179</xmax>
      <ymax>199.27167630057804</ymax>
    </bndbox>
  </object>
  <object>
    <name>Medicine</name>
    <pose/>
    <truncated/>
    <difficult/>
    <bndbox>
      <xmin>243.0635838150289</xmin>
      <ymin>133.08670520231215</ymin>
      <xmax>265.3179190751445</xmax>
      <ymax>146.67052023121389</ymax>
    </bndbox>
  </object>
</annotation>
