<annotation>
  <folder/>
  <filename>10354.jpg</filename>
  <database/>
  <annotation/>
  <image/>
  <size>
    <height>360</height>
    <width>640</width>
    <depth>3</depth>
  </size>
  <segmented/>
  <object>
    <name>InfusionBag</name>
    <pose/>
    <truncated/>
    <difficult/>
    <bndbox>
      <xmin>0.28901734104046245</xmin>
      <ymin>94.9364161849711</ymin>
      <xmax>41.32947976878613</xmax>
      <ymax>157.94219653179192</ymax>
    </bndbox>
  </object>
  <object>
    <name>Person</name>
    <pose/>
    <truncated/>
    <difficult/>
    <bndbox>
      <xmin>180.63583815028903</xmin>
      <ymin>115.45664739884393</ymin>
      <xmax>434.39306358381504</xmax>
      <ymax>326.4393063583815</ymax>
    </bndbox>
  </object>
  <object>
    <name>Person</name>
    <pose/>
    <truncated/>
    <difficult/>
    <bndbox>
      <xmin>223.121387283237</xmin>
      <ymin>16.034682080924856</ymin>
      <xmax>337.28323699421964</xmax>
      <ymax>222.10404624277456</ymax>
    </bndbox>
  </object>
</annotation>
