<annotation>
  <folder/>
  <filename>10360.jpg</filename>
  <database/>
  <annotation/>
  <image/>
  <size>
    <height>360</height>
    <width>640</width>
    <depth>3</depth>
  </size>
  <segmented/>
  <object>
    <name>InfusionBag</name>
    <pose/>
    <truncated/>
    <difficult/>
    <bndbox>
      <xmin>4.624277456647399</xmin>
      <ymin>90.3121387283237</ymin>
      <xmax>58.092485549132945</xmax>
      <ymax>164.01156069364163</ymax>
    </bndbox>
  </object>
  <object>
    <name>Person</name>
    <pose/>
    <truncated/>
    <difficult/>
    <bndbox>
      <xmin>199.13294797687863</xmin>
      <ymin>114.30057803468208</ymin>
      <xmax>451.4450867052023</xmax>
      <ymax>321.2369942196532</ymax>
    </bndbox>
  </object>
  <object>
    <name>Person</name>
    <pose/>
    <truncated/>
    <difficult/>
    <bndbox>
      <xmin>228.32369942196533</xmin>
      <ymin>16.901734104046245</ymin>
      <xmax>343.9306358381503</xmax>
      <ymax>222.68208092485548</ymax>
    </bndbox>
  </object>
</annotation>
