<annotation>
  <folder/>
  <filename>10366.jpg</filename>
  <database/>
  <annotation/>
  <image/>
  <size>
    <height>360</height>
    <width>640</width>
    <depth>3</depth>
  </size>
  <segmented/>
  <object>
    <name>InfusionBag</name>
    <pose/>
    <truncated/>
    <difficult/>
    <bndbox>
      <xmin>10.115606936416185</xmin>
      <ymin>98.69364161849711</ymin>
      <xmax>63.005780346820806</xmax>
      <ymax>164.30057803468208</ymax>
    </bndbox>
  </object>
  <object>
    <name>Bottle</name>
    <pose/>
    <truncated/>
    <difficult/>
    <bndbox>
      <xmin>200.0</xmin>
      <ymin>159.67630057803467</ymin>
      <xmax>211.84971098265896</xmax>
      <ymax>176.43930635838151</ymax>
    </bndbox>
  </object>
  <object>
    <name>Person</name>
    <pose/>
    <truncated/>
    <difficult/>
    <bndbox>
      <xmin>197.6878612716763</xmin>
      <ymin>116.61271676300578</ymin>
      <xmax>451.7341040462428</xmax>
      <ymax>313.4335260115607</ymax>
    </bndbox>
  </object>
  <object>
    <name>Person</name>
    <pose/>
    <truncated/>
    <difficult/>
    <bndbox>
      <xmin>224.85549132947978</xmin>
      <ymin>15.745664739884393</ymin>
      <xmax>344.21965317919074</xmax>
      <ymax>222.39306358381504</ymax>
    </bndbox>
  </object>
</annotation>
