<annotation>
  <folder/>
  <filename>10396.jpg</filename>
  <database/>
  <annotation/>
  <image/>
  <size>
    <height>360</height>
    <width>640</width>
    <depth>3</depth>
  </size>
  <segmented/>
  <object>
    <name>InfusionBag</name>
    <pose/>
    <truncated/>
    <difficult/>
    <bndbox>
      <xmin>24.85549132947977</xmin>
      <ymin>92.91329479768787</ymin>
      <xmax>84.39306358381504</xmax>
      <ymax>171.8150289017341</ymax>
    </bndbox>
  </object>
  <object>
    <name>Bottle</name>
    <pose/>
    <truncated/>
    <difficult/>
    <bndbox>
      <xmin>189.88439306358381</xmin>
      <ymin>170.65895953757226</ymin>
      <xmax>210.40462427745666</xmax>
      <ymax>205.0520231213873</ymax>
    </bndbox>
  </object>
  <object>
    <name>Person</name>
    <pose/>
    <truncated/>
    <difficult/>
    <bndbox>
      <xmin>210.11560693641619</xmin>
      <ymin>117.47976878612718</ymin>
      <xmax>461.5606936416185</xmax>
      <ymax>307.0751445086705</ymax>
    </bndbox>
  </object>
  <object>
    <name>Person</name>
    <pose/>
    <truncated/>
    <difficult/>
    <bndbox>
      <xmin>226.878612716763</xmin>
      <ymin>22.68208092485549</ymin>
      <xmax>348.84393063583815</xmax>
      <ymax>227.01734104046244</ymax>
    </bndbox>
  </object>
</annotation>
