<annotation>
  <folder/>
  <filename>10414.jpg</filename>
  <database/>
  <annotation/>
  <image/>
  <size>
    <height>360</height>
    <width>640</width>
    <depth>3</depth>
  </size>
  <segmented/>
  <object>
    <name>InfusionBag</name>
    <pose/>
    <truncated/>
    <difficult/>
    <bndbox>
      <xmin>56.06936416184971</xmin>
      <ymin>105.34104046242774</ymin>
      <xmax>103.17919075144509</xmax>
      <ymax>173.83815028901734</ymax>
    </bndbox>
  </object>
  <object>
    <name>Bottle</name>
    <pose/>
    <truncated/>
    <difficult/>
    <bndbox>
      <xmin>189.3063583815029</xmin>
      <ymin>174.70520231213874</ymin>
      <xmax>209.53757225433526</xmax>
      <ymax>210.83236994219652</ymax>
    </bndbox>
  </object>
  <object>
    <name>Person</name>
    <pose/>
    <truncated/>
    <difficult/>
    <bndbox>
      <xmin>223.121387283237</xmin>
      <ymin>121.52601156069363</ymin>
      <xmax>470.23121387283237</xmax>
      <ymax>307.9421965317919</ymax>
    </bndbox>
  </object>
  <object>
    <name>Person</name>
    <pose/>
    <truncated/>
    <difficult/>
    <bndbox>
      <xmin>230.92485549132948</xmin>
      <ymin>25.57225433526012</ymin>
      <xmax>352.3121387283237</xmax>
      <ymax>228.75144508670522</ymax>
    </bndbox>
  </object>
</annotation>
