<annotation>
  <folder/>
  <filename>1041.jpg</filename>
  <database/>
  <annotation/>
  <image/>
  <size>
    <height>360</height>
    <width>640</width>
    <depth>3</depth>
  </size>
  <segmented/>
  <object>
    <name>InfusionBag</name>
    <pose/>
    <truncated/>
    <difficult/>
    <bndbox>
      <xmin>131.21387283236993</xmin>
      <ymin>0.4277456647398843</ymin>
      <xmax>171.09826589595377</xmax>
      <ymax>71.52601156069365</ymax>
    </bndbox>
  </object>
  <object>
    <name>Person</name>
    <pose/>
    <truncated/>
    <difficult/>
    <bndbox>
      <xmin>183.8150289017341</xmin>
      <ymin>114.58959537572254</ymin>
      <xmax>601.4450867052024</xmax>
      <ymax>321.2369942196532</ymax>
    </bndbox>
  </object>
  <object>
    <name>Person</name>
    <pose/>
    <truncated/>
    <difficult/>
    <bndbox>
      <xmin>234.39306358381504</xmin>
      <ymin>55.91907514450867</ymin>
      <xmax>376.87861271676303</xmax>
      <ymax>201.58381502890174</ymax>
    </bndbox>
  </object>
  <object>
    <name>Medicine</name>
    <pose/>
    <truncated/>
    <difficult/>
    <bndbox>
      <xmin>243.64161849710982</xmin>
      <ymin>134.53179190751445</ymin>
      <xmax>262.1387283236994</xmax>
      <ymax>147.2485549132948</ymax>
    </bndbox>
  </object>
</annotation>
