<annotation>
  <folder/>
  <filename>10426.jpg</filename>
  <database/>
  <annotation/>
  <image/>
  <size>
    <height>360</height>
    <width>640</width>
    <depth>3</depth>
  </size>
  <segmented/>
  <object>
    <name>InfusionBag</name>
    <pose/>
    <truncated/>
    <difficult/>
    <bndbox>
      <xmin>43.641618497109825</xmin>
      <ymin>102.16184971098266</ymin>
      <xmax>97.97687861271676</xmax>
      <ymax>175.8612716763006</ymax>
    </bndbox>
  </object>
  <object>
    <name>Bottle</name>
    <pose/>
    <truncated/>
    <difficult/>
    <bndbox>
      <xmin>181.5028901734104</xmin>
      <ymin>174.70520231213874</ymin>
      <xmax>203.46820809248555</xmax>
      <ymax>212.27745664739885</ymax>
    </bndbox>
  </object>
  <object>
    <name>Person</name>
    <pose/>
    <truncated/>
    <difficult/>
    <bndbox>
      <xmin>212.71676300578034</xmin>
      <ymin>124.12716763005781</ymin>
      <xmax>465.02890173410407</xmax>
      <ymax>308.23121387283237</ymax>
    </bndbox>
  </object>
  <object>
    <name>Person</name>
    <pose/>
    <truncated/>
    <difficult/>
    <bndbox>
      <xmin>223.41040462427745</xmin>
      <ymin>28.46242774566474</ymin>
      <xmax>346.242774566474</xmax>
      <ymax>232.79768786127167</ymax>
    </bndbox>
  </object>
</annotation>
