<annotation>
  <folder/>
  <filename>10420.jpg</filename>
  <database/>
  <annotation/>
  <image/>
  <size>
    <height>360</height>
    <width>640</width>
    <depth>3</depth>
  </size>
  <segmented/>
  <object>
    <name>InfusionBag</name>
    <pose/>
    <truncated/>
    <difficult/>
    <bndbox>
      <xmin>45.664739884393065</xmin>
      <ymin>100.13872832369943</ymin>
      <xmax>99.71098265895954</xmax>
      <ymax>175.28323699421966</ymax>
    </bndbox>
  </object>
  <object>
    <name>Bottle</name>
    <pose/>
    <truncated/>
    <difficult/>
    <bndbox>
      <xmin>185.83815028901734</xmin>
      <ymin>174.70520231213874</ymin>
      <xmax>207.51445086705203</xmax>
      <ymax>211.69942196531792</ymax>
    </bndbox>
  </object>
  <object>
    <name>Person</name>
    <pose/>
    <truncated/>
    <difficult/>
    <bndbox>
      <xmin>214.7398843930636</xmin>
      <ymin>122.10404624277456</ymin>
      <xmax>466.1849710982659</xmax>
      <ymax>309.0982658959538</ymax>
    </bndbox>
  </object>
  <object>
    <name>Person</name>
    <pose/>
    <truncated/>
    <difficult/>
    <bndbox>
      <xmin>225.72254335260115</xmin>
      <ymin>27.30635838150289</ymin>
      <xmax>347.6878612716763</xmax>
      <ymax>231.9306358381503</ymax>
    </bndbox>
  </object>
</annotation>
