<annotation>
  <folder/>
  <filename>10432.jpg</filename>
  <database/>
  <annotation/>
  <image/>
  <size>
    <height>360</height>
    <width>640</width>
    <depth>3</depth>
  </size>
  <segmented/>
  <object>
    <name>InfusionBag</name>
    <pose/>
    <truncated/>
    <difficult/>
    <bndbox>
      <xmin>37.861271676300575</xmin>
      <ymin>107.65317919075144</ymin>
      <xmax>91.61849710982659</xmax>
      <ymax>176.43930635838151</ymax>
    </bndbox>
  </object>
  <object>
    <name>Bottle</name>
    <pose/>
    <truncated/>
    <difficult/>
    <bndbox>
      <xmin>178.32369942196533</xmin>
      <ymin>176.72832369942196</ymin>
      <xmax>201.44508670520233</xmax>
      <ymax>211.98843930635837</ymax>
    </bndbox>
  </object>
  <object>
    <name>Person</name>
    <pose/>
    <truncated/>
    <difficult/>
    <bndbox>
      <xmin>209.53757225433526</xmin>
      <ymin>122.10404624277456</ymin>
      <xmax>459.8265895953757</xmax>
      <ymax>310.2543352601156</ymax>
    </bndbox>
  </object>
  <object>
    <name>Person</name>
    <pose/>
    <truncated/>
    <difficult/>
    <bndbox>
      <xmin>220.8092485549133</xmin>
      <ymin>29.907514450867055</ymin>
      <xmax>343.35260115606934</xmax>
      <ymax>230.77456647398844</ymax>
    </bndbox>
  </object>
</annotation>
