<annotation>
  <folder/>
  <filename>1047.jpg</filename>
  <database/>
  <annotation/>
  <image/>
  <size>
    <height>360</height>
    <width>640</width>
    <depth>3</depth>
  </size>
  <segmented/>
  <object>
    <name>InfusionBag</name>
    <pose/>
    <truncated/>
    <difficult/>
    <bndbox>
      <xmin>118.78612716763006</xmin>
      <ymin>0.7167630057803471</ymin>
      <xmax>163.0057803468208</xmax>
      <ymax>77.01734104046243</ymax>
    </bndbox>
  </object>
  <object>
    <name>Person</name>
    <pose/>
    <truncated/>
    <difficult/>
    <bndbox>
      <xmin>184.97109826589596</xmin>
      <ymin>120.08092485549133</ymin>
      <xmax>601.1560693641619</xmax>
      <ymax>325.28323699421964</ymax>
    </bndbox>
  </object>
  <object>
    <name>Person</name>
    <pose/>
    <truncated/>
    <difficult/>
    <bndbox>
      <xmin>231.5028901734104</xmin>
      <ymin>58.23121387283237</ymin>
      <xmax>376.87861271676303</xmax>
      <ymax>202.16184971098266</ymax>
    </bndbox>
  </object>
  <object>
    <name>Medicine</name>
    <pose/>
    <truncated/>
    <difficult/>
    <bndbox>
      <xmin>241.32947976878614</xmin>
      <ymin>138.0</ymin>
      <xmax>258.3815028901734</xmax>
      <ymax>149.27167630057804</ymax>
    </bndbox>
  </object>
</annotation>
