<annotation>
  <folder/>
  <filename>1059.jpg</filename>
  <database/>
  <annotation/>
  <image/>
  <size>
    <height>360</height>
    <width>640</width>
    <depth>3</depth>
  </size>
  <segmented/>
  <object>
    <name>InfusionBag</name>
    <pose/>
    <truncated/>
    <difficult/>
    <bndbox>
      <xmin>125.14450867052024</xmin>
      <ymin>3.317919075144509</ymin>
      <xmax>164.4508670520231</xmax>
      <ymax>86.84393063583815</ymax>
    </bndbox>
  </object>
  <object>
    <name>Person</name>
    <pose/>
    <truncated/>
    <difficult/>
    <bndbox>
      <xmin>203.757225433526</xmin>
      <ymin>124.99421965317919</ymin>
      <xmax>618.4971098265896</xmax>
      <ymax>337.1329479768786</ymax>
    </bndbox>
  </object>
  <object>
    <name>Medicine</name>
    <pose/>
    <truncated/>
    <difficult/>
    <bndbox>
      <xmin>254.6242774566474</xmin>
      <ymin>144.64739884393063</ymin>
      <xmax>273.6994219653179</xmax>
      <ymax>156.78612716763007</ymax>
    </bndbox>
  </object>
  <object>
    <name>Person</name>
    <pose/>
    <truncated/>
    <difficult/>
    <bndbox>
      <xmin>245.08670520231215</xmin>
      <ymin>66.03468208092485</ymin>
      <xmax>398.26589595375725</xmax>
      <ymax>209.09826589595377</ymax>
    </bndbox>
  </object>
</annotation>
