<annotation>
  <folder/>
  <filename>1065.jpg</filename>
  <database/>
  <annotation/>
  <image/>
  <size>
    <height>360</height>
    <width>640</width>
    <depth>3</depth>
  </size>
  <segmented/>
  <object>
    <name>InfusionBag</name>
    <pose/>
    <truncated/>
    <difficult/>
    <bndbox>
      <xmin>122.83236994219654</xmin>
      <ymin>1.5838150289017339</ymin>
      <xmax>157.22543352601156</xmax>
      <ymax>74.70520231213872</ymax>
    </bndbox>
  </object>
  <object>
    <name>Person</name>
    <pose/>
    <truncated/>
    <difficult/>
    <bndbox>
      <xmin>210.11560693641619</xmin>
      <ymin>117.47976878612718</ymin>
      <xmax>606.9364161849711</xmax>
      <ymax>351.8728323699422</ymax>
    </bndbox>
  </object>
  <object>
    <name>Person</name>
    <pose/>
    <truncated/>
    <difficult/>
    <bndbox>
      <xmin>249.13294797687863</xmin>
      <ymin>61.121387283237</ymin>
      <xmax>400.57803468208095</xmax>
      <ymax>211.98843930635837</ymax>
    </bndbox>
  </object>
  <object>
    <name>Medicine</name>
    <pose/>
    <truncated/>
    <difficult/>
    <bndbox>
      <xmin>258.67052023121386</xmin>
      <ymin>138.28901734104048</ymin>
      <xmax>275.1445086705202</xmax>
      <ymax>151.58381502890174</ymax>
    </bndbox>
  </object>
</annotation>
