<annotation>
  <folder/>
  <filename>11002.jpg</filename>
  <database/>
  <annotation/>
  <image/>
  <size>
    <height>360</height>
    <width>640</width>
    <depth>3</depth>
  </size>
  <segmented/>
  <object>
    <name>InfusionBag</name>
    <pose/>
    <truncated/>
    <difficult/>
    <bndbox>
      <xmin>262.42774566473986</xmin>
      <ymin>28.46242774566474</ymin>
      <xmax>288.15028901734104</xmax>
      <ymax>69.79190751445087</ymax>
    </bndbox>
  </object>
  <object>
    <name>Person</name>
    <pose/>
    <truncated/>
    <difficult/>
    <bndbox>
      <xmin>63.872832369942195</xmin>
      <ymin>168.92485549132948</ymin>
      <xmax>454.33526011560696</xmax>
      <ymax>351.5838150289017</ymax>
    </bndbox>
  </object>
  <object>
    <name>Person</name>
    <pose/>
    <truncated/>
    <difficult/>
    <bndbox>
      <xmin>485.26011560693644</xmin>
      <ymin>1.00578034682081</ymin>
      <xmax>638.0</xmax>
      <ymax>359.0</ymax>
    </bndbox>
  </object>
  <object>
    <name>Medicine</name>
    <pose/>
    <truncated/>
    <difficult/>
    <bndbox>
      <xmin>502.02312138728325</xmin>
      <ymin>236.84393063583815</ymin>
      <xmax>513.0057803468209</xmax>
      <ymax>256.78612716763007</ymax>
    </bndbox>
  </object>
  <object>
    <name>Medicine</name>
    <pose/>
    <truncated/>
    <difficult/>
    <bndbox>
      <xmin>482.6589595375723</xmin>
      <ymin>223.83815028901734</ymin>
      <xmax>498.26589595375725</xmax>
      <ymax>249.84971098265896</ymax>
    </bndbox>
  </object>
</annotation>
