<annotation>
  <folder/>
  <filename>11008.jpg</filename>
  <database/>
  <annotation/>
  <image/>
  <size>
    <height>360</height>
    <width>640</width>
    <depth>3</depth>
  </size>
  <segmented/>
  <object>
    <name>Person</name>
    <pose/>
    <truncated/>
    <difficult/>
    <bndbox>
      <xmin>66.76300578034682</xmin>
      <ymin>172.10404624277456</ymin>
      <xmax>454.04624277456645</xmax>
      <ymax>355.05202312138726</ymax>
    </bndbox>
  </object>
  <object>
    <name>Person</name>
    <pose/>
    <truncated/>
    <difficult/>
    <bndbox>
      <xmin>491.32947976878614</xmin>
      <ymin>1.294797687861271</ymin>
      <xmax>639.0</xmax>
      <ymax>355.0</ymax>
    </bndbox>
  </object>
  <object>
    <name>InfusionBag</name>
    <pose/>
    <truncated/>
    <difficult/>
    <bndbox>
      <xmin>262.71676300578036</xmin>
      <ymin>29.907514450867055</ymin>
      <xmax>289.59537572254334</xmax>
      <ymax>71.23699421965318</ymax>
    </bndbox>
  </object>
  <object>
    <name>Medicine</name>
    <pose/>
    <truncated/>
    <difficult/>
    <bndbox>
      <xmin>485.83815028901734</xmin>
      <ymin>224.41618497109826</ymin>
      <xmax>500.0</xmax>
      <ymax>253.31791907514452</ymax>
    </bndbox>
  </object>
  <object>
    <name>Medicine</name>
    <pose/>
    <truncated/>
    <difficult/>
    <bndbox>
      <xmin>501.4450867052023</xmin>
      <ymin>237.71098265895955</ymin>
      <xmax>515.028901734104</xmax>
      <ymax>258.23121387283237</ymax>
    </bndbox>
  </object>
</annotation>
