<annotation>
  <folder/>
  <filename>11026.jpg</filename>
  <database/>
  <annotation/>
  <image/>
  <size>
    <height>360</height>
    <width>640</width>
    <depth>3</depth>
  </size>
  <segmented/>
  <object>
    <name>InfusionBag</name>
    <pose/>
    <truncated/>
    <difficult/>
    <bndbox>
      <xmin>264.4508670520231</xmin>
      <ymin>32.21965317919075</ymin>
      <xmax>293.0635838150289</xmax>
      <ymax>71.23699421965318</ymax>
    </bndbox>
  </object>
  <object>
    <name>Person</name>
    <pose/>
    <truncated/>
    <difficult/>
    <bndbox>
      <xmin>49.421965317919074</xmin>
      <ymin>173.5491329479769</ymin>
      <xmax>456.64739884393066</xmax>
      <ymax>354.1849710982659</ymax>
    </bndbox>
  </object>
  <object>
    <name>Person</name>
    <pose/>
    <truncated/>
    <difficult/>
    <bndbox>
      <xmin>518.2080924855492</xmin>
      <ymin>1.8728323699421967</ymin>
      <xmax>638.150289017341</xmax>
      <ymax>358.5202312138728</ymax>
    </bndbox>
  </object>
  <object>
    <name>Medicine</name>
    <pose/>
    <truncated/>
    <difficult/>
    <bndbox>
      <xmin>488.4393063583815</xmin>
      <ymin>227.59537572254337</ymin>
      <xmax>501.4450867052023</xmax>
      <ymax>254.18497109826592</ymax>
    </bndbox>
  </object>
  <object>
    <name>Medicine</name>
    <pose/>
    <truncated/>
    <difficult/>
    <bndbox>
      <xmin>502.60115606936415</xmin>
      <ymin>240.89017341040463</ymin>
      <xmax>515.606936416185</xmax>
      <ymax>259.67630057803467</ymax>
    </bndbox>
  </object>
</annotation>
