<annotation>
  <folder/>
  <filename>1102.jpg</filename>
  <database/>
  <annotation/>
  <image/>
  <size>
    <height>360</height>
    <width>640</width>
    <depth>3</depth>
  </size>
  <segmented/>
  <object>
    <name>InfusionBag</name>
    <pose/>
    <truncated/>
    <difficult/>
    <bndbox>
      <xmin>117.05202312138728</xmin>
      <ymin>1.5838150289017339</ymin>
      <xmax>152.89017341040463</xmax>
      <ymax>57.36416184971098</ymax>
    </bndbox>
  </object>
  <object>
    <name>Person</name>
    <pose/>
    <truncated/>
    <difficult/>
    <bndbox>
      <xmin>218.20809248554914</xmin>
      <ymin>104.47398843930635</ymin>
      <xmax>616.0</xmax>
      <ymax>358.0</ymax>
    </bndbox>
  </object>
  <object>
    <name>Person</name>
    <pose/>
    <truncated/>
    <difficult/>
    <bndbox>
      <xmin>265.60693641618496</xmin>
      <ymin>52.73988439306359</ymin>
      <xmax>430.63583815028903</xmax>
      <ymax>216.32369942196533</ymax>
    </bndbox>
  </object>
  <object>
    <name>Medicine</name>
    <pose/>
    <truncated/>
    <difficult/>
    <bndbox>
      <xmin>278.0346820809249</xmin>
      <ymin>129.04046242774567</ymin>
      <xmax>291.6184971098266</xmax>
      <ymax>140.02312138728323</ymax>
    </bndbox>
  </object>
</annotation>
