<annotation>
  <folder/>
  <filename>11020.jpg</filename>
  <database/>
  <annotation/>
  <image/>
  <size>
    <height>360</height>
    <width>640</width>
    <depth>3</depth>
  </size>
  <segmented/>
  <object>
    <name>InfusionBag</name>
    <pose/>
    <truncated/>
    <difficult/>
    <bndbox>
      <xmin>262.42774566473986</xmin>
      <ymin>33.08670520231214</ymin>
      <xmax>292.485549132948</xmax>
      <ymax>70.65895953757226</ymax>
    </bndbox>
  </object>
  <object>
    <name>Person</name>
    <pose/>
    <truncated/>
    <difficult/>
    <bndbox>
      <xmin>46.24277456647399</xmin>
      <ymin>170.08092485549133</ymin>
      <xmax>460.98265895953756</xmax>
      <ymax>353.02890173410407</ymax>
    </bndbox>
  </object>
  <object>
    <name>Person</name>
    <pose/>
    <truncated/>
    <difficult/>
    <bndbox>
      <xmin>504.6242774566474</xmin>
      <ymin>2.4508670520231224</ymin>
      <xmax>639.0</xmax>
      <ymax>357.0</ymax>
    </bndbox>
  </object>
  <object>
    <name>Medicine</name>
    <pose/>
    <truncated/>
    <difficult/>
    <bndbox>
      <xmin>487.28323699421964</xmin>
      <ymin>224.70520231213874</ymin>
      <xmax>500.57803468208095</xmax>
      <ymax>254.18497109826592</ymax>
    </bndbox>
  </object>
  <object>
    <name>Medicine</name>
    <pose/>
    <truncated/>
    <difficult/>
    <bndbox>
      <xmin>504.04624277456645</xmin>
      <ymin>240.3121387283237</ymin>
      <xmax>516.1849710982659</xmax>
      <ymax>259.3872832369942</ymax>
    </bndbox>
  </object>
</annotation>
