<annotation>
  <folder/>
  <filename>11032.jpg</filename>
  <database/>
  <annotation/>
  <image/>
  <size>
    <height>360</height>
    <width>640</width>
    <depth>3</depth>
  </size>
  <segmented/>
  <object>
    <name>InfusionBag</name>
    <pose/>
    <truncated/>
    <difficult/>
    <bndbox>
      <xmin>268.4971098265896</xmin>
      <ymin>35.97687861271676</ymin>
      <xmax>290.1734104046243</xmax>
      <ymax>73.54913294797689</ymax>
    </bndbox>
  </object>
  <object>
    <name>Person</name>
    <pose/>
    <truncated/>
    <difficult/>
    <bndbox>
      <xmin>71.09826589595376</xmin>
      <ymin>172.10404624277456</ymin>
      <xmax>461.84971098265896</xmax>
      <ymax>353.60693641618496</ymax>
    </bndbox>
  </object>
  <object>
    <name>Person</name>
    <pose/>
    <truncated/>
    <difficult/>
    <bndbox>
      <xmin>510.40462427745666</xmin>
      <ymin>1.8728323699421967</ymin>
      <xmax>638.0</xmax>
      <ymax>359.0</ymax>
    </bndbox>
  </object>
  <object>
    <name>Medicine</name>
    <pose/>
    <truncated/>
    <difficult/>
    <bndbox>
      <xmin>487.57225433526014</xmin>
      <ymin>228.1734104046243</ymin>
      <xmax>502.02312138728325</xmax>
      <ymax>254.76300578034682</ymax>
    </bndbox>
  </object>
  <object>
    <name>Medicine</name>
    <pose/>
    <truncated/>
    <difficult/>
    <bndbox>
      <xmin>504.6242774566474</xmin>
      <ymin>242.91329479768785</ymin>
      <xmax>516.7630057803468</xmax>
      <ymax>260.2543352601156</ymax>
    </bndbox>
  </object>
</annotation>
