<annotation>
  <folder/>
  <filename>11044.jpg</filename>
  <database/>
  <annotation/>
  <image/>
  <size>
    <height>360</height>
    <width>640</width>
    <depth>3</depth>
  </size>
  <segmented/>
  <object>
    <name>InfusionBag</name>
    <pose/>
    <truncated/>
    <difficult/>
    <bndbox>
      <xmin>268.78612716763007</xmin>
      <ymin>37.421965317919074</ymin>
      <xmax>293.35260115606934</xmax>
      <ymax>74.99421965317919</ymax>
    </bndbox>
  </object>
  <object>
    <name>Person</name>
    <pose/>
    <truncated/>
    <difficult/>
    <bndbox>
      <xmin>73.69942196531792</xmin>
      <ymin>171.23699421965318</ymin>
      <xmax>458.67052023121386</xmax>
      <ymax>353.60693641618496</ymax>
    </bndbox>
  </object>
  <object>
    <name>Person</name>
    <pose/>
    <truncated/>
    <difficult/>
    <bndbox>
      <xmin>491.0404624277457</xmin>
      <ymin>1.00578034682081</ymin>
      <xmax>639.0</xmax>
      <ymax>357.0</ymax>
    </bndbox>
  </object>
  <object>
    <name>Medicine</name>
    <pose/>
    <truncated/>
    <difficult/>
    <bndbox>
      <xmin>490.7514450867052</xmin>
      <ymin>229.90751445086704</ymin>
      <xmax>502.89017341040466</xmax>
      <ymax>255.91907514450867</ymax>
    </bndbox>
  </object>
  <object>
    <name>Medicine</name>
    <pose/>
    <truncated/>
    <difficult/>
    <bndbox>
      <xmin>505.78034682080926</xmin>
      <ymin>242.33526011560693</ymin>
      <xmax>517.3410404624277</xmax>
      <ymax>262.8554913294798</ymax>
    </bndbox>
  </object>
</annotation>
