<annotation>
  <folder/>
  <filename>11050.jpg</filename>
  <database/>
  <annotation/>
  <image/>
  <size>
    <height>360</height>
    <width>640</width>
    <depth>3</depth>
  </size>
  <segmented/>
  <object>
    <name>InfusionBag</name>
    <pose/>
    <truncated/>
    <difficult/>
    <bndbox>
      <xmin>268.4971098265896</xmin>
      <ymin>37.421965317919074</ymin>
      <xmax>293.64161849710985</xmax>
      <ymax>75.28323699421965</ymax>
    </bndbox>
  </object>
  <object>
    <name>Person</name>
    <pose/>
    <truncated/>
    <difficult/>
    <bndbox>
      <xmin>71.38728323699422</xmin>
      <ymin>168.0578034682081</ymin>
      <xmax>456.9364161849711</xmax>
      <ymax>355.6300578034682</ymax>
    </bndbox>
  </object>
  <object>
    <name>Person</name>
    <pose/>
    <truncated/>
    <difficult/>
    <bndbox>
      <xmin>493.3526011560694</xmin>
      <ymin>1.8728323699421967</ymin>
      <xmax>639</xmax>
      <ymax>358</ymax>
    </bndbox>
  </object>
  <object>
    <name>Medicine</name>
    <pose/>
    <truncated/>
    <difficult/>
    <bndbox>
      <xmin>487.57225433526014</xmin>
      <ymin>226.43930635838151</ymin>
      <xmax>504.04624277456645</xmax>
      <ymax>254.76300578034682</ymax>
    </bndbox>
  </object>
  <object>
    <name>Medicine</name>
    <pose/>
    <truncated/>
    <difficult/>
    <bndbox>
      <xmin>506.9364161849711</xmin>
      <ymin>243.78034682080926</ymin>
      <xmax>517.6300578034682</xmax>
      <ymax>261.6994219653179</ymax>
    </bndbox>
  </object>
</annotation>
