<annotation>
  <folder/>
  <filename>11056.jpg</filename>
  <database/>
  <annotation/>
  <image/>
  <size>
    <height>360</height>
    <width>640</width>
    <depth>3</depth>
  </size>
  <segmented/>
  <object>
    <name>Person</name>
    <pose/>
    <truncated/>
    <difficult/>
    <bndbox>
      <xmin>69.36416184971098</xmin>
      <ymin>155.91907514450867</ymin>
      <xmax>462.1387283236994</xmax>
      <ymax>355.05202312138726</ymax>
    </bndbox>
  </object>
  <object>
    <name>Person</name>
    <pose/>
    <truncated/>
    <difficult/>
    <bndbox>
      <xmin>469.36416184971097</xmin>
      <ymin>1.5838150289017339</ymin>
      <xmax>639.0</xmax>
      <ymax>356.0</ymax>
    </bndbox>
  </object>
  <object>
    <name>Medicine</name>
    <pose/>
    <truncated/>
    <difficult/>
    <bndbox>
      <xmin>488.4393063583815</xmin>
      <ymin>227.59537572254337</ymin>
      <xmax>504.33526011560696</xmax>
      <ymax>255.91907514450867</ymax>
    </bndbox>
  </object>
  <object>
    <name>Medicine</name>
    <pose/>
    <truncated/>
    <difficult/>
    <bndbox>
      <xmin>506.64739884393066</xmin>
      <ymin>243.49132947976878</ymin>
      <xmax>517.0520231213873</xmax>
      <ymax>261.6994219653179</ymax>
    </bndbox>
  </object>
  <object>
    <name>InfusionBag</name>
    <pose/>
    <truncated/>
    <difficult/>
    <bndbox>
      <xmin>267.34104046242777</xmin>
      <ymin>37.71098265895954</ymin>
      <xmax>293.64161849710985</xmax>
      <ymax>75.57225433526011</ymax>
    </bndbox>
  </object>
</annotation>
