<annotation>
  <folder/>
  <filename>11074.jpg</filename>
  <database/>
  <annotation/>
  <image/>
  <size>
    <height>360</height>
    <width>640</width>
    <depth>3</depth>
  </size>
  <segmented/>
  <object>
    <name>InfusionBag</name>
    <pose/>
    <truncated/>
    <difficult/>
    <bndbox>
      <xmin>276.87861271676303</xmin>
      <ymin>37.71098265895954</ymin>
      <xmax>301.4450867052023</xmax>
      <ymax>74.41618497109826</ymax>
    </bndbox>
  </object>
  <object>
    <name>Person</name>
    <pose/>
    <truncated/>
    <difficult/>
    <bndbox>
      <xmin>97.39884393063583</xmin>
      <ymin>112.85549132947978</ymin>
      <xmax>428.0346820809249</xmax>
      <ymax>344.9364161849711</ymax>
    </bndbox>
  </object>
  <object>
    <name>Person</name>
    <pose/>
    <truncated/>
    <difficult/>
    <bndbox>
      <xmin>462.4277456647399</xmin>
      <ymin>2.4508670520231224</ymin>
      <xmax>636.1271676300578</xmax>
      <ymax>354.47398843930637</ymax>
    </bndbox>
  </object>
</annotation>
