<annotation>
  <folder/>
  <filename>11086.jpg</filename>
  <database/>
  <annotation/>
  <image/>
  <size>
    <height>360</height>
    <width>640</width>
    <depth>3</depth>
  </size>
  <segmented/>
  <object>
    <name>InfusionBag</name>
    <pose/>
    <truncated/>
    <difficult/>
    <bndbox>
      <xmin>289.01734104046244</xmin>
      <ymin>34.820809248554916</ymin>
      <xmax>313.5838150289017</xmax>
      <ymax>74.99421965317919</ymax>
    </bndbox>
  </object>
  <object>
    <name>Bottle</name>
    <pose/>
    <truncated/>
    <difficult/>
    <bndbox>
      <xmin>577.7456647398844</xmin>
      <ymin>192.33526011560693</ymin>
      <xmax>600.2890173410404</xmax>
      <ymax>250.71676300578036</ymax>
    </bndbox>
  </object>
  <object>
    <name>Person</name>
    <pose/>
    <truncated/>
    <difficult/>
    <bndbox>
      <xmin>119.07514450867052</xmin>
      <ymin>107.94219653179191</ymin>
      <xmax>419.6531791907515</xmax>
      <ymax>341.46820809248555</ymax>
    </bndbox>
  </object>
  <object>
    <name>Person</name>
    <pose/>
    <truncated/>
    <difficult/>
    <bndbox>
      <xmin>419.36416184971097</xmin>
      <ymin>4.76300578034682</ymin>
      <xmax>614</xmax>
      <ymax>359</ymax>
    </bndbox>
  </object>
</annotation>
