<annotation>
  <folder/>
  <filename>1108.jpg</filename>
  <database/>
  <annotation/>
  <image/>
  <size>
    <height>360</height>
    <width>640</width>
    <depth>3</depth>
  </size>
  <segmented/>
  <object>
    <name>InfusionBag</name>
    <pose/>
    <truncated/>
    <difficult/>
    <bndbox>
      <xmin>111.84971098265896</xmin>
      <ymin>1.00578034682081</ymin>
      <xmax>136.41618497109826</xmax>
      <ymax>25.861271676300575</ymax>
    </bndbox>
  </object>
  <object>
    <name>Person</name>
    <pose/>
    <truncated/>
    <difficult/>
    <bndbox>
      <xmin>202.02312138728323</xmin>
      <ymin>85.10982658959537</ymin>
      <xmax>563.8728323699422</xmax>
      <ymax>357.0751445086705</ymax>
    </bndbox>
  </object>
  <object>
    <name>Person</name>
    <pose/>
    <truncated/>
    <difficult/>
    <bndbox>
      <xmin>256.35838150289015</xmin>
      <ymin>28.751445086705203</ymin>
      <xmax>424.2774566473988</xmax>
      <ymax>203.31791907514452</ymax>
    </bndbox>
  </object>
</annotation>
