<annotation>
  <folder/>
  <filename>11092.jpg</filename>
  <database/>
  <annotation/>
  <image/>
  <size>
    <height>360</height>
    <width>640</width>
    <depth>3</depth>
  </size>
  <segmented/>
  <object>
    <name>InfusionBag</name>
    <pose/>
    <truncated/>
    <difficult/>
    <bndbox>
      <xmin>287.57225433526014</xmin>
      <ymin>30.196531791907518</ymin>
      <xmax>313.5838150289017</xmax>
      <ymax>70.08092485549133</ymax>
    </bndbox>
  </object>
  <object>
    <name>Person</name>
    <pose/>
    <truncated/>
    <difficult/>
    <bndbox>
      <xmin>112.42774566473989</xmin>
      <ymin>99.5606936416185</ymin>
      <xmax>403.46820809248555</xmax>
      <ymax>342.91329479768785</ymax>
    </bndbox>
  </object>
  <object>
    <name>Person</name>
    <pose/>
    <truncated/>
    <difficult/>
    <bndbox>
      <xmin>368.78612716763007</xmin>
      <ymin>19.213872832369944</ymin>
      <xmax>605.7803468208092</xmax>
      <ymax>357.0751445086705</ymax>
    </bndbox>
  </object>
  <object>
    <name>Bottle</name>
    <pose/>
    <truncated/>
    <difficult/>
    <bndbox>
      <xmin>572.8323699421966</xmin>
      <ymin>192.04624277456648</ymin>
      <xmax>599.1329479768787</xmax>
      <ymax>245.514450867052</ymax>
    </bndbox>
  </object>
</annotation>
