<annotation>
  <folder/>
  <filename>11098.jpg</filename>
  <database/>
  <annotation/>
  <image/>
  <size>
    <height>360</height>
    <width>640</width>
    <depth>3</depth>
  </size>
  <segmented/>
  <object>
    <name>InfusionBag</name>
    <pose/>
    <truncated/>
    <difficult/>
    <bndbox>
      <xmin>284.1040462427746</xmin>
      <ymin>31.930635838150287</ymin>
      <xmax>312.1387283236994</xmax>
      <ymax>70.08092485549133</ymax>
    </bndbox>
  </object>
  <object>
    <name>Bottle</name>
    <pose/>
    <truncated/>
    <difficult/>
    <bndbox>
      <xmin>569.9421965317919</xmin>
      <ymin>189.44508670520233</ymin>
      <xmax>590.4624277456647</xmax>
      <ymax>242.33526011560693</ymax>
    </bndbox>
  </object>
  <object>
    <name>Person</name>
    <pose/>
    <truncated/>
    <difficult/>
    <bndbox>
      <xmin>103.17919075144509</xmin>
      <ymin>88.28901734104046</ymin>
      <xmax>396.242774566474</xmax>
      <ymax>347.2485549132948</ymax>
    </bndbox>
  </object>
  <object>
    <name>Person</name>
    <pose/>
    <truncated/>
    <difficult/>
    <bndbox>
      <xmin>323.12138728323697</xmin>
      <ymin>31.352601156069362</ymin>
      <xmax>590</xmax>
      <ymax>359</ymax>
    </bndbox>
  </object>
</annotation>
