<annotation>
  <folder/>
  <filename>11104.jpg</filename>
  <database/>
  <annotation/>
  <image/>
  <size>
    <height>360</height>
    <width>640</width>
    <depth>3</depth>
  </size>
  <segmented/>
  <object>
    <name>Bottle</name>
    <pose/>
    <truncated/>
    <difficult/>
    <bndbox>
      <xmin>560.1156069364162</xmin>
      <ymin>185.10982658959537</ymin>
      <xmax>588.4393063583815</xmax>
      <ymax>239.15606936416185</ymax>
    </bndbox>
  </object>
  <object>
    <name>InfusionBag</name>
    <pose/>
    <truncated/>
    <difficult/>
    <bndbox>
      <xmin>278.6127167630058</xmin>
      <ymin>30.774566473988443</ymin>
      <xmax>307.514450867052</xmax>
      <ymax>72.97109826589596</ymax>
    </bndbox>
  </object>
  <object>
    <name>Person</name>
    <pose/>
    <truncated/>
    <difficult/>
    <bndbox>
      <xmin>97.6878612716763</xmin>
      <ymin>86.26589595375722</ymin>
      <xmax>379.76878612716763</xmax>
      <ymax>345.514450867052</ymax>
    </bndbox>
  </object>
  <object>
    <name>Person</name>
    <pose/>
    <truncated/>
    <difficult/>
    <bndbox>
      <xmin>317.91907514450867</xmin>
      <ymin>31.641618497109825</ymin>
      <xmax>576.5895953757225</xmax>
      <ymax>358.23121387283237</ymax>
    </bndbox>
  </object>
</annotation>
