<annotation>
  <folder/>
  <filename>11122.jpg</filename>
  <database/>
  <annotation/>
  <image/>
  <size>
    <height>360</height>
    <width>640</width>
    <depth>3</depth>
  </size>
  <segmented/>
  <object>
    <name>InfusionBag</name>
    <pose/>
    <truncated/>
    <difficult/>
    <bndbox>
      <xmin>285.2601156069364</xmin>
      <ymin>19.213872832369944</ymin>
      <xmax>312.1387283236994</xmax>
      <ymax>63.4335260115607</ymax>
    </bndbox>
  </object>
  <object>
    <name>Bottle</name>
    <pose/>
    <truncated/>
    <difficult/>
    <bndbox>
      <xmin>574.8554913294797</xmin>
      <ymin>166.32369942196536</ymin>
      <xmax>598.8439306358381</xmax>
      <ymax>220.3699421965318</ymax>
    </bndbox>
  </object>
  <object>
    <name>Person</name>
    <pose/>
    <truncated/>
    <difficult/>
    <bndbox>
      <xmin>119.07514450867052</xmin>
      <ymin>74.1271676300578</ymin>
      <xmax>406.6473988439309</xmax>
      <ymax>357.0751445086705</ymax>
    </bndbox>
  </object>
  <object>
    <name>Person</name>
    <pose/>
    <truncated/>
    <difficult/>
    <bndbox>
      <xmin>339.88439306358384</xmin>
      <ymin>5.341040462427745</ymin>
      <xmax>573.6994219653179</xmax>
      <ymax>355.0520231213873</ymax>
    </bndbox>
  </object>
</annotation>
