<annotation>
  <folder/>
  <filename>11134.jpg</filename>
  <database/>
  <annotation/>
  <image/>
  <size>
    <height>360</height>
    <width>640</width>
    <depth>3</depth>
  </size>
  <segmented/>
  <object>
    <name>InfusionBag</name>
    <pose/>
    <truncated/>
    <difficult/>
    <bndbox>
      <xmin>263.29479768786126</xmin>
      <ymin>17.190751445086704</ymin>
      <xmax>286.9942196531792</xmax>
      <ymax>57.07514450867052</ymax>
    </bndbox>
  </object>
  <object>
    <name>Bottle</name>
    <pose/>
    <truncated/>
    <difficult/>
    <bndbox>
      <xmin>549.7109826589594</xmin>
      <ymin>150.42774566473992</ymin>
      <xmax>570.5202312138729</xmax>
      <ymax>198.6936416184971</ymax>
    </bndbox>
  </object>
  <object>
    <name>Person</name>
    <pose/>
    <truncated/>
    <difficult/>
    <bndbox>
      <xmin>144.50867052023122</xmin>
      <ymin>70.08092485549135</ymin>
      <xmax>373.69942196531895</xmax>
      <ymax>357.9421965317919</ymax>
    </bndbox>
  </object>
  <object>
    <name>Person</name>
    <pose/>
    <truncated/>
    <difficult/>
    <bndbox>
      <xmin>321.9653179190752</xmin>
      <ymin>0.7167630057803454</ymin>
      <xmax>545.0</xmax>
      <ymax>359.0</ymax>
    </bndbox>
  </object>
</annotation>
