<annotation>
  <folder/>
  <filename>1114.jpg</filename>
  <database/>
  <annotation/>
  <image/>
  <size>
    <height>360</height>
    <width>640</width>
    <depth>3</depth>
  </size>
  <segmented/>
  <object>
    <name>Person</name>
    <pose/>
    <truncated/>
    <difficult/>
    <bndbox>
      <xmin>206.64739884393063</xmin>
      <ymin>72.10404624277457</ymin>
      <xmax>532.6589595375723</xmax>
      <ymax>359.38728323699434</ymax>
    </bndbox>
  </object>
  <object>
    <name>Person</name>
    <pose/>
    <truncated/>
    <difficult/>
    <bndbox>
      <xmin>252.02312138728323</xmin>
      <ymin>22.971098265895954</ymin>
      <xmax>416.7630057803468</xmax>
      <ymax>198.11560693641619</ymax>
    </bndbox>
  </object>
  <object>
    <name>InfusionBag</name>
    <pose/>
    <truncated/>
    <difficult/>
    <bndbox>
      <xmin>103.17919075144509</xmin>
      <ymin>0.7167630057803471</ymin>
      <xmax>124.27745664739885</xmax>
      <ymax>21.52601156069364</ymax>
    </bndbox>
  </object>
  <object>
    <name>Medicine</name>
    <pose/>
    <truncated/>
    <difficult/>
    <bndbox>
      <xmin>262.71676300578036</xmin>
      <ymin>98.98265895953757</ymin>
      <xmax>275.7225433526012</xmax>
      <ymax>109.67630057803468</ymax>
    </bndbox>
  </object>
</annotation>
