<annotation>
  <folder/>
  <filename>11164.jpg</filename>
  <database/>
  <annotation/>
  <image/>
  <size>
    <height>360</height>
    <width>640</width>
    <depth>3</depth>
  </size>
  <segmented/>
  <object>
    <name>InfusionBag</name>
    <pose/>
    <truncated/>
    <difficult/>
    <bndbox>
      <xmin>222.5433526011561</xmin>
      <ymin>12.277456647398846</ymin>
      <xmax>248.84393063583855</xmax>
      <ymax>55.34104046242774</ymax>
    </bndbox>
  </object>
  <object>
    <name>Bottle</name>
    <pose/>
    <truncated/>
    <difficult/>
    <bndbox>
      <xmin>500.5780346820809</xmin>
      <ymin>123.26011560693641</ymin>
      <xmax>521.0982658959537</xmax>
      <ymax>171.23699421965318</ymax>
    </bndbox>
  </object>
  <object>
    <name>Person</name>
    <pose/>
    <truncated/>
    <difficult/>
    <bndbox>
      <xmin>159.0</xmin>
      <ymin>70.08092485549133</ymin>
      <xmax>368.49710982658917</xmax>
      <ymax>359.0</ymax>
    </bndbox>
  </object>
  <object>
    <name>Person</name>
    <pose/>
    <truncated/>
    <difficult/>
    <bndbox>
      <xmin>325.4335260115607</xmin>
      <ymin>3.317919075144509</ymin>
      <xmax>530.346820809249</xmax>
      <ymax>359.38728323699434</ymax>
    </bndbox>
  </object>
</annotation>
