<annotation>
  <folder/>
  <filename>11188.jpg</filename>
  <database/>
  <annotation/>
  <image/>
  <size>
    <height>360</height>
    <width>640</width>
    <depth>3</depth>
  </size>
  <segmented/>
  <object>
    <name>InfusionBag</name>
    <pose/>
    <truncated/>
    <difficult/>
    <bndbox>
      <xmin>188.72832369942196</xmin>
      <ymin>21.236994219653187</ymin>
      <xmax>215.0289017341044</xmax>
      <ymax>64.30057803468209</ymax>
    </bndbox>
  </object>
  <object>
    <name>Person</name>
    <pose/>
    <truncated/>
    <difficult/>
    <bndbox>
      <xmin>169.0</xmin>
      <ymin>66.90173410404624</ymin>
      <xmax>357.22543352601167</xmax>
      <ymax>359.0</ymax>
    </bndbox>
  </object>
  <object>
    <name>Person</name>
    <pose/>
    <truncated/>
    <difficult/>
    <bndbox>
      <xmin>290.46242774566474</xmin>
      <ymin>20.080924855491325</ymin>
      <xmax>510.9826589595379</xmax>
      <ymax>358.12138728323714</ymax>
    </bndbox>
  </object>
</annotation>
