<annotation>
  <folder/>
  <filename>11194.jpg</filename>
  <database/>
  <annotation/>
  <image/>
  <size>
    <height>360</height>
    <width>640</width>
    <depth>3</depth>
  </size>
  <segmented/>
  <object>
    <name>InfusionBag</name>
    <pose/>
    <truncated/>
    <difficult/>
    <bndbox>
      <xmin>188.72832369942196</xmin>
      <ymin>25.861271676300593</ymin>
      <xmax>215.0289017341044</xmax>
      <ymax>68.92485549132948</ymax>
    </bndbox>
  </object>
  <object>
    <name>Person</name>
    <pose/>
    <truncated/>
    <difficult/>
    <bndbox>
      <xmin>203.46820809248555</xmin>
      <ymin>64.878612716763</ymin>
      <xmax>365.89595375722547</xmax>
      <ymax>357.6531791907515</ymax>
    </bndbox>
  </object>
  <object>
    <name>Person</name>
    <pose/>
    <truncated/>
    <difficult/>
    <bndbox>
      <xmin>308.67052023121386</xmin>
      <ymin>10.832369942196532</ymin>
      <xmax>510.9826589595379</xmax>
      <ymax>358.12138728323714</ymax>
    </bndbox>
  </object>
</annotation>
