<annotation>
  <folder/>
  <filename>1120.jpg</filename>
  <database/>
  <annotation/>
  <image/>
  <size>
    <height>360</height>
    <width>640</width>
    <depth>3</depth>
  </size>
  <segmented/>
  <object>
    <name>InfusionBag</name>
    <pose/>
    <truncated/>
    <difficult/>
    <bndbox>
      <xmin>98.26589595375724</xmin>
      <ymin>0.13872832369943566</ymin>
      <xmax>123.69942196531792</xmax>
      <ymax>22.104046242774565</ymax>
    </bndbox>
  </object>
  <object>
    <name>Person</name>
    <pose/>
    <truncated/>
    <difficult/>
    <bndbox>
      <xmin>204.91329479768785</xmin>
      <ymin>72.39306358381504</ymin>
      <xmax>530.0</xmax>
      <ymax>359.0</ymax>
    </bndbox>
  </object>
  <object>
    <name>Person</name>
    <pose/>
    <truncated/>
    <difficult/>
    <bndbox>
      <xmin>247.1098265895954</xmin>
      <ymin>22.971098265895943</ymin>
      <xmax>415.8959537572254</xmax>
      <ymax>196.3815028901734</ymax>
    </bndbox>
  </object>
</annotation>
