<annotation>
  <folder/>
  <filename>11206.jpg</filename>
  <database/>
  <annotation/>
  <image/>
  <size>
    <height>360</height>
    <width>640</width>
    <depth>3</depth>
  </size>
  <segmented/>
  <object>
    <name>InfusionBag</name>
    <pose/>
    <truncated/>
    <difficult/>
    <bndbox>
      <xmin>182.08092485549133</xmin>
      <ymin>29.618497109826606</ymin>
      <xmax>208.09248554913293</xmax>
      <ymax>75.28323699421965</ymax>
    </bndbox>
  </object>
  <object>
    <name>Person</name>
    <pose/>
    <truncated/>
    <difficult/>
    <bndbox>
      <xmin>204.91329479768785</xmin>
      <ymin>72.39306358381504</ymin>
      <xmax>371.3872832369942</xmax>
      <ymax>341.1791907514451</ymax>
    </bndbox>
  </object>
  <object>
    <name>Person</name>
    <pose/>
    <truncated/>
    <difficult/>
    <bndbox>
      <xmin>318.78612716763007</xmin>
      <ymin>17.76878612716763</ymin>
      <xmax>503.0</xmax>
      <ymax>359.0</ymax>
    </bndbox>
  </object>
</annotation>
