<annotation>
  <folder/>
  <filename>11212.jpg</filename>
  <database/>
  <annotation/>
  <image/>
  <size>
    <height>360</height>
    <width>640</width>
    <depth>3</depth>
  </size>
  <segmented/>
  <object>
    <name>InfusionBag</name>
    <pose/>
    <truncated/>
    <difficult/>
    <bndbox>
      <xmin>176.0115606936416</xmin>
      <ymin>30.485549132947995</ymin>
      <xmax>202.0231213872832</xmax>
      <ymax>76.15028901734104</ymax>
    </bndbox>
  </object>
  <object>
    <name>Person</name>
    <pose/>
    <truncated/>
    <difficult/>
    <bndbox>
      <xmin>204.91329479768785</xmin>
      <ymin>72.39306358381504</ymin>
      <xmax>371.3872832369942</xmax>
      <ymax>341.1791907514451</ymax>
    </bndbox>
  </object>
  <object>
    <name>Person</name>
    <pose/>
    <truncated/>
    <difficult/>
    <bndbox>
      <xmin>311.27167630057806</xmin>
      <ymin>17.479768786127153</ymin>
      <xmax>495.485549132948</xmax>
      <ymax>358.71098265895955</ymax>
    </bndbox>
  </object>
</annotation>
