<annotation>
  <folder/>
  <filename>11218.jpg</filename>
  <database/>
  <annotation/>
  <image/>
  <size>
    <height>360</height>
    <width>640</width>
    <depth>3</depth>
  </size>
  <segmented/>
  <object>
    <name>InfusionBag</name>
    <pose/>
    <truncated/>
    <difficult/>
    <bndbox>
      <xmin>167.91907514450867</xmin>
      <ymin>29.329479768786143</ymin>
      <xmax>193.93063583815027</xmax>
      <ymax>74.99421965317919</ymax>
    </bndbox>
  </object>
  <object>
    <name>Person</name>
    <pose/>
    <truncated/>
    <difficult/>
    <bndbox>
      <xmin>134.10404624277456</xmin>
      <ymin>81.64161849710983</ymin>
      <xmax>354.6242774566481</xmax>
      <ymax>341.46820809248584</ymax>
    </bndbox>
  </object>
  <object>
    <name>Person</name>
    <pose/>
    <truncated/>
    <difficult/>
    <bndbox>
      <xmin>311.27167630057806</xmin>
      <ymin>17.479768786127153</ymin>
      <xmax>495.485549132948</xmax>
      <ymax>358.71098265895955</ymax>
    </bndbox>
  </object>
</annotation>
