<annotation>
  <folder/>
  <filename>11236.jpg</filename>
  <database/>
  <annotation/>
  <image/>
  <size>
    <height>360</height>
    <width>640</width>
    <depth>3</depth>
  </size>
  <segmented/>
  <object>
    <name>InfusionBag</name>
    <pose/>
    <truncated/>
    <difficult/>
    <bndbox>
      <xmin>181.79190751445086</xmin>
      <ymin>23.83815028901735</ymin>
      <xmax>207.80346820809245</xmax>
      <ymax>69.50289017341039</ymax>
    </bndbox>
  </object>
  <object>
    <name>Person</name>
    <pose/>
    <truncated/>
    <difficult/>
    <bndbox>
      <xmin>148.26589595375722</xmin>
      <ymin>69.5028901734104</ymin>
      <xmax>353.46820809248527</xmax>
      <ymax>338.00000000000045</ymax>
    </bndbox>
  </object>
  <object>
    <name>Person</name>
    <pose/>
    <truncated/>
    <difficult/>
    <bndbox>
      <xmin>300.0</xmin>
      <ymin>1.5838150289017356</ymin>
      <xmax>517.0520231213873</xmax>
      <ymax>350.4277456647399</ymax>
    </bndbox>
  </object>
</annotation>
