<annotation>
  <folder/>
  <filename>11242.jpg</filename>
  <database/>
  <annotation/>
  <image/>
  <size>
    <height>360</height>
    <width>640</width>
    <depth>3</depth>
  </size>
  <segmented/>
  <object>
    <name>InfusionBag</name>
    <pose/>
    <truncated/>
    <difficult/>
    <bndbox>
      <xmin>200.86705202312137</xmin>
      <ymin>21.81502890173411</ymin>
      <xmax>226.87861271676297</xmax>
      <ymax>67.47976878612715</ymax>
    </bndbox>
  </object>
  <object>
    <name>Person</name>
    <pose/>
    <truncated/>
    <difficult/>
    <bndbox>
      <xmin>183.23699421965318</xmin>
      <ymin>68.63583815028902</ymin>
      <xmax>370.52023121387253</xmax>
      <ymax>336.8439306358386</ymax>
    </bndbox>
  </object>
  <object>
    <name>Person</name>
    <pose/>
    <truncated/>
    <difficult/>
    <bndbox>
      <xmin>308.38150289017346</xmin>
      <ymin>1.5838150289017356</ymin>
      <xmax>525.4335260115607</xmax>
      <ymax>350.4277456647399</ymax>
    </bndbox>
  </object>
</annotation>
