<annotation>
  <folder/>
  <filename>11248.jpg</filename>
  <database/>
  <annotation/>
  <image/>
  <size>
    <height>360</height>
    <width>640</width>
    <depth>3</depth>
  </size>
  <segmented/>
  <object>
    <name>InfusionBag</name>
    <pose/>
    <truncated/>
    <difficult/>
    <bndbox>
      <xmin>209.8265895953757</xmin>
      <ymin>25.57225433526012</ymin>
      <xmax>235.8381502890173</xmax>
      <ymax>71.23699421965318</ymax>
    </bndbox>
  </object>
  <object>
    <name>Person</name>
    <pose/>
    <truncated/>
    <difficult/>
    <bndbox>
      <xmin>193.6416184971098</xmin>
      <ymin>76.43930635838149</ymin>
      <xmax>380.92485549132914</xmax>
      <ymax>344.6473988439309</ymax>
    </bndbox>
  </object>
  <object>
    <name>Person</name>
    <pose/>
    <truncated/>
    <difficult/>
    <bndbox>
      <xmin>315.3179190751445</xmin>
      <ymin>1.8728323699421967</ymin>
      <xmax>540.7514450867051</xmax>
      <ymax>350.71676300578036</ymax>
    </bndbox>
  </object>
</annotation>
