<annotation>
  <folder/>
  <filename>11254.jpg</filename>
  <database/>
  <annotation/>
  <image/>
  <size>
    <height>360</height>
    <width>640</width>
    <depth>3</depth>
  </size>
  <segmented/>
  <object>
    <name>InfusionBag</name>
    <pose/>
    <truncated/>
    <difficult/>
    <bndbox>
      <xmin>209.8265895953757</xmin>
      <ymin>25.57225433526012</ymin>
      <xmax>235.8381502890173</xmax>
      <ymax>71.23699421965318</ymax>
    </bndbox>
  </object>
  <object>
    <name>Person</name>
    <pose/>
    <truncated/>
    <difficult/>
    <bndbox>
      <xmin>176.01156069364163</xmin>
      <ymin>79.90751445086705</ymin>
      <xmax>380.92485549132914</xmax>
      <ymax>344.6473988439309</ymax>
    </bndbox>
  </object>
  <object>
    <name>Person</name>
    <pose/>
    <truncated/>
    <difficult/>
    <bndbox>
      <xmin>317.05202312138726</xmin>
      <ymin>10.54335260115607</ymin>
      <xmax>541.9075144508671</xmax>
      <ymax>328.1734104046243</ymax>
    </bndbox>
  </object>
</annotation>
