<annotation>
  <folder/>
  <filename>1126.jpg</filename>
  <database/>
  <annotation/>
  <image/>
  <size>
    <height>360</height>
    <width>640</width>
    <depth>3</depth>
  </size>
  <segmented/>
  <object>
    <name>InfusionBag</name>
    <pose/>
    <truncated/>
    <difficult/>
    <bndbox>
      <xmin>97.39884393063582</xmin>
      <ymin>-0.4393063583815007</ymin>
      <xmax>121.38728323699422</xmax>
      <ymax>23.54913294797688</ymax>
    </bndbox>
  </object>
  <object>
    <name>Person</name>
    <pose/>
    <truncated/>
    <difficult/>
    <bndbox>
      <xmin>210.98265895953756</xmin>
      <ymin>72.6820809248555</ymin>
      <xmax>528.0</xmax>
      <ymax>359.0</ymax>
    </bndbox>
  </object>
  <object>
    <name>Person</name>
    <pose/>
    <truncated/>
    <difficult/>
    <bndbox>
      <xmin>249.7109826589595</xmin>
      <ymin>20.36994219653179</ymin>
      <xmax>420.8092485549133</xmax>
      <ymax>197.53757225433526</ymax>
    </bndbox>
  </object>
</annotation>
