<annotation>
  <folder/>
  <filename>11260.jpg</filename>
  <database/>
  <annotation/>
  <image/>
  <size>
    <height>360</height>
    <width>640</width>
    <depth>3</depth>
  </size>
  <segmented/>
  <object>
    <name>InfusionBag</name>
    <pose/>
    <truncated/>
    <difficult/>
    <bndbox>
      <xmin>213.5838150289017</xmin>
      <ymin>26.15028901734104</ymin>
      <xmax>241.6184971098266</xmax>
      <ymax>72.6820809248555</ymax>
    </bndbox>
  </object>
  <object>
    <name>Person</name>
    <pose/>
    <truncated/>
    <difficult/>
    <bndbox>
      <xmin>312.42774566473986</xmin>
      <ymin>16.612716763005782</ymin>
      <xmax>553.7572254335261</xmax>
      <ymax>332.21965317919074</ymax>
    </bndbox>
  </object>
  <object>
    <name>Person</name>
    <pose/>
    <truncated/>
    <difficult/>
    <bndbox>
      <xmin>149.71098265895955</xmin>
      <ymin>79.04046242774567</ymin>
      <xmax>376.0115606936416</xmax>
      <ymax>347.8265895953757</ymax>
    </bndbox>
  </object>
</annotation>
