<annotation>
  <folder/>
  <filename>11266.jpg</filename>
  <database/>
  <annotation/>
  <image/>
  <size>
    <height>360</height>
    <width>640</width>
    <depth>3</depth>
  </size>
  <segmented/>
  <object>
    <name>InfusionBag</name>
    <pose/>
    <truncated/>
    <difficult/>
    <bndbox>
      <xmin>213.5838150289017</xmin>
      <ymin>26.15028901734104</ymin>
      <xmax>241.6184971098266</xmax>
      <ymax>72.6820809248555</ymax>
    </bndbox>
  </object>
  <object>
    <name>Person</name>
    <pose/>
    <truncated/>
    <difficult/>
    <bndbox>
      <xmin>319.94219653179186</xmin>
      <ymin>21.815028901734085</ymin>
      <xmax>557.514450867052</xmax>
      <ymax>330.1965317919075</ymax>
    </bndbox>
  </object>
  <object>
    <name>Person</name>
    <pose/>
    <truncated/>
    <difficult/>
    <bndbox>
      <xmin>149.71098265895955</xmin>
      <ymin>79.04046242774567</ymin>
      <xmax>375.0</xmax>
      <ymax>359.0</ymax>
    </bndbox>
  </object>
</annotation>
