<annotation>
  <folder/>
  <filename>11290.jpg</filename>
  <database/>
  <annotation/>
  <image/>
  <size>
    <height>360</height>
    <width>640</width>
    <depth>3</depth>
  </size>
  <segmented/>
  <object>
    <name>InfusionBag</name>
    <pose/>
    <truncated/>
    <difficult/>
    <bndbox>
      <xmin>222.83236994219652</xmin>
      <ymin>8.520231213872833</ymin>
      <xmax>255.20231213872833</xmax>
      <ymax>59.098265895953745</ymax>
    </bndbox>
  </object>
  <object>
    <name>Person</name>
    <pose/>
    <truncated/>
    <difficult/>
    <bndbox>
      <xmin>386.1271676300578</xmin>
      <ymin>19.791907514450866</ymin>
      <xmax>580.635838150289</xmax>
      <ymax>322.3930635838151</ymax>
    </bndbox>
  </object>
  <object>
    <name>Person</name>
    <pose/>
    <truncated/>
    <difficult/>
    <bndbox>
      <xmin>232.08092485549133</xmin>
      <ymin>64.01156069364161</ymin>
      <xmax>408.3815028901734</xmax>
      <ymax>356.78612716763007</ymax>
    </bndbox>
  </object>
</annotation>
