<annotation>
  <folder/>
  <filename>11308.jpg</filename>
  <database/>
  <annotation/>
  <image/>
  <size>
    <height>360</height>
    <width>640</width>
    <depth>3</depth>
  </size>
  <segmented/>
  <object>
    <name>InfusionBag</name>
    <pose/>
    <truncated/>
    <difficult/>
    <bndbox>
      <xmin>180.0578034682081</xmin>
      <ymin>1.00578034682081</ymin>
      <xmax>212.1387283236994</xmax>
      <ymax>46.67052023121387</ymax>
    </bndbox>
  </object>
  <object>
    <name>Person</name>
    <pose/>
    <truncated/>
    <difficult/>
    <bndbox>
      <xmin>345.9537572254335</xmin>
      <ymin>1.5838150289017499</ymin>
      <xmax>528.0346820809251</xmax>
      <ymax>263.4335260115606</ymax>
    </bndbox>
  </object>
  <object>
    <name>Person</name>
    <pose/>
    <truncated/>
    <difficult/>
    <bndbox>
      <xmin>153.46820809248555</xmin>
      <ymin>44.64739884393064</ymin>
      <xmax>391.6820809248555</xmax>
      <ymax>350.618497109827</ymax>
    </bndbox>
  </object>
  <object>
    <name>Medicine</name>
    <pose/>
    <truncated/>
    <difficult/>
    <bndbox>
      <xmin>409.24855491329487</xmin>
      <ymin>127.01734104046244</ymin>
      <xmax>420.8092485549134</xmax>
      <ymax>144.93641618497114</ymax>
    </bndbox>
  </object>
  <object>
    <name>Bottle</name>
    <pose/>
    <truncated/>
    <difficult/>
    <bndbox>
      <xmin>415.02890173410407</xmin>
      <ymin>104.47398843930635</ymin>
      <xmax>430.3468208092486</xmax>
      <ymax>140.3121387283237</ymax>
    </bndbox>
  </object>
</annotation>
