<annotation>
  <folder/>
  <filename>11302.jpg</filename>
  <database/>
  <annotation/>
  <image/>
  <size>
    <height>360</height>
    <width>640</width>
    <depth>3</depth>
  </size>
  <segmented/>
  <object>
    <name>InfusionBag</name>
    <pose/>
    <truncated/>
    <difficult/>
    <bndbox>
      <xmin>197.1098265895954</xmin>
      <ymin>3.0289017341040463</ymin>
      <xmax>229.4797687861272</xmax>
      <ymax>53.60693641618496</ymax>
    </bndbox>
  </object>
  <object>
    <name>Person</name>
    <pose/>
    <truncated/>
    <difficult/>
    <bndbox>
      <xmin>383.8150289017341</xmin>
      <ymin>10.254335260115607</ymin>
      <xmax>553.4682080924856</xmax>
      <ymax>273.26011560693644</ymax>
    </bndbox>
  </object>
  <object>
    <name>Person</name>
    <pose/>
    <truncated/>
    <difficult/>
    <bndbox>
      <xmin>180.34682080924856</xmin>
      <ymin>52.73988439306359</ymin>
      <xmax>405.5549132947977</xmax>
      <ymax>360.7341040462428</ymax>
    </bndbox>
  </object>
  <object>
    <name>Medicine</name>
    <pose/>
    <truncated/>
    <difficult/>
    <bndbox>
      <xmin>426.30057803468213</xmin>
      <ymin>131.64161849710982</ymin>
      <xmax>437.86127167630065</xmax>
      <ymax>149.5606936416185</ymax>
    </bndbox>
  </object>
</annotation>
