<annotation>
  <folder/>
  <filename>11314.jpg</filename>
  <database/>
  <annotation/>
  <image/>
  <size>
    <height>360</height>
    <width>640</width>
    <depth>3</depth>
  </size>
  <segmented/>
  <object>
    <name>InfusionBag</name>
    <pose/>
    <truncated/>
    <difficult/>
    <bndbox>
      <xmin>167.91907514450867</xmin>
      <ymin>1.2947976878612728</ymin>
      <xmax>199.99999999999997</xmax>
      <ymax>46.959537572254334</ymax>
    </bndbox>
  </object>
  <object>
    <name>Person</name>
    <pose/>
    <truncated/>
    <difficult/>
    <bndbox>
      <xmin>345.9537572254335</xmin>
      <ymin>-1.01734104046243</ymin>
      <xmax>520.2312138728324</xmax>
      <ymax>259.3872832369942</ymax>
    </bndbox>
  </object>
  <object>
    <name>Person</name>
    <pose/>
    <truncated/>
    <difficult/>
    <bndbox>
      <xmin>146.82080924855495</xmin>
      <ymin>43.49132947976879</ymin>
      <xmax>385.0346820809249</xmax>
      <ymax>349.46242774566514</ymax>
    </bndbox>
  </object>
  <object>
    <name>Medicine</name>
    <pose/>
    <truncated/>
    <difficult/>
    <bndbox>
      <xmin>394.2196531791908</xmin>
      <ymin>124.41618497109826</ymin>
      <xmax>405.7803468208093</xmax>
      <ymax>142.33526011560696</ymax>
    </bndbox>
  </object>
  <object>
    <name>Bottle</name>
    <pose/>
    <truncated/>
    <difficult/>
    <bndbox>
      <xmin>401.73410404624275</xmin>
      <ymin>104.7630057803468</ymin>
      <xmax>414.16184971098266</xmax>
      <ymax>132.79768786127167</ymax>
    </bndbox>
  </object>
</annotation>
