<annotation>
  <folder/>
  <filename>11338.jpg</filename>
  <database/>
  <annotation/>
  <image/>
  <size>
    <height>360</height>
    <width>640</width>
    <depth>3</depth>
  </size>
  <segmented/>
  <object>
    <name>InfusionBag</name>
    <pose/>
    <truncated/>
    <difficult/>
    <bndbox>
      <xmin>103.46820809248555</xmin>
      <ymin>11.121387283236995</ymin>
      <xmax>138.15028901734127</xmax>
      <ymax>66.61271676300579</ymax>
    </bndbox>
  </object>
  <object>
    <name>Bottle</name>
    <pose/>
    <truncated/>
    <difficult/>
    <bndbox>
      <xmin>332.9479768786127</xmin>
      <ymin>114.30057803468206</ymin>
      <xmax>341.90751445086704</xmax>
      <ymax>134.82080924855492</ymax>
    </bndbox>
  </object>
  <object>
    <name>Medicine</name>
    <pose/>
    <truncated/>
    <difficult/>
    <bndbox>
      <xmin>332.36994219653184</xmin>
      <ymin>135.39884393063585</ymin>
      <xmax>340.46242774566474</xmax>
      <ymax>149.27167630057804</ymax>
    </bndbox>
  </object>
  <object>
    <name>Medicine</name>
    <pose/>
    <truncated/>
    <difficult/>
    <bndbox>
      <xmin>344.5086705202312</xmin>
      <ymin>135.68786127167633</ymin>
      <xmax>352.8901734104046</xmax>
      <ymax>147.82658959537574</ymax>
    </bndbox>
  </object>
  <object>
    <name>Person</name>
    <pose/>
    <truncated/>
    <difficult/>
    <bndbox>
      <xmin>167.0520231213873</xmin>
      <ymin>54.47398843930637</ymin>
      <xmax>388.43930635838143</xmax>
      <ymax>359.09826589595366</ymax>
    </bndbox>
  </object>
  <object>
    <name>Person</name>
    <pose/>
    <truncated/>
    <difficult/>
    <bndbox>
      <xmin>306.6473988439306</xmin>
      <ymin>-0.43930635838151844</ymin>
      <xmax>442.19653179190755</xmax>
      <ymax>241.46820809248555</ymax>
    </bndbox>
  </object>
</annotation>
