<annotation>
  <folder/>
  <filename>11332.jpg</filename>
  <database/>
  <annotation/>
  <image/>
  <size>
    <height>360</height>
    <width>640</width>
    <depth>3</depth>
  </size>
  <segmented/>
  <object>
    <name>InfusionBag</name>
    <pose/>
    <truncated/>
    <difficult/>
    <bndbox>
      <xmin>123.41040462427746</xmin>
      <ymin>6.78612716763006</ymin>
      <xmax>158.09248554913296</xmax>
      <ymax>62.27745664739885</ymax>
    </bndbox>
  </object>
  <object>
    <name>Bottle</name>
    <pose/>
    <truncated/>
    <difficult/>
    <bndbox>
      <xmin>352.60115606936415</xmin>
      <ymin>115.16763005780346</ymin>
      <xmax>363.0057803468208</xmax>
      <ymax>131.64161849710982</ymax>
    </bndbox>
  </object>
  <object>
    <name>Medicine</name>
    <pose/>
    <truncated/>
    <difficult/>
    <bndbox>
      <xmin>351.7341040462428</xmin>
      <ymin>129.6184971098266</ymin>
      <xmax>360.1156069364162</xmax>
      <ymax>145.51445086705203</ymax>
    </bndbox>
  </object>
  <object>
    <name>Medicine</name>
    <pose/>
    <truncated/>
    <difficult/>
    <bndbox>
      <xmin>362.71676300578036</xmin>
      <ymin>132.50867052023122</ymin>
      <xmax>371.0982658959538</xmax>
      <ymax>144.64739884393063</ymax>
    </bndbox>
  </object>
  <object>
    <name>Person</name>
    <pose/>
    <truncated/>
    <difficult/>
    <bndbox>
      <xmin>165.60693641618496</xmin>
      <ymin>52.73988439306359</ymin>
      <xmax>364.73988439306356</xmax>
      <ymax>357.9421965317919</ymax>
    </bndbox>
  </object>
  <object>
    <name>Person</name>
    <pose/>
    <truncated/>
    <difficult/>
    <bndbox>
      <xmin>319.36416184971097</xmin>
      <ymin>1.00578034682081</ymin>
      <xmax>465.8959537572254</xmax>
      <ymax>242.91329479768785</ymax>
    </bndbox>
  </object>
</annotation>
