<annotation>
  <folder/>
  <filename>1133.jpg</filename>
  <database/>
  <annotation/>
  <image/>
  <size>
    <height>360</height>
    <width>640</width>
    <depth>3</depth>
  </size>
  <segmented/>
  <object>
    <name>InfusionBag</name>
    <pose/>
    <truncated/>
    <difficult/>
    <bndbox>
      <xmin>115.02890173410405</xmin>
      <ymin>1.00578034682081</ymin>
      <xmax>139.88439306358381</xmax>
      <ymax>24.127167630057805</ymax>
    </bndbox>
  </object>
  <object>
    <name>Person</name>
    <pose/>
    <truncated/>
    <difficult/>
    <bndbox>
      <xmin>209.53757225433526</xmin>
      <ymin>74.41618497109826</ymin>
      <xmax>540.4624277456647</xmax>
      <ymax>358.8092485549133</ymax>
    </bndbox>
  </object>
  <object>
    <name>Person</name>
    <pose/>
    <truncated/>
    <difficult/>
    <bndbox>
      <xmin>263.29479768786126</xmin>
      <ymin>22.68208092485549</ymin>
      <xmax>436.9942196531792</xmax>
      <ymax>204.1849710982659</ymax>
    </bndbox>
  </object>
</annotation>
