<annotation>
  <folder/>
  <filename>11344.jpg</filename>
  <database/>
  <annotation/>
  <image/>
  <size>
    <height>360</height>
    <width>640</width>
    <depth>3</depth>
  </size>
  <segmented/>
  <object>
    <name>InfusionBag</name>
    <pose/>
    <truncated/>
    <difficult/>
    <bndbox>
      <xmin>78.32369942196533</xmin>
      <ymin>16.034682080924856</ymin>
      <xmax>113.00578034682101</xmax>
      <ymax>71.52601156069365</ymax>
    </bndbox>
  </object>
  <object>
    <name>Bottle</name>
    <pose/>
    <truncated/>
    <difficult/>
    <bndbox>
      <xmin>310.69364161849705</xmin>
      <ymin>117.19075144508669</ymin>
      <xmax>319.6531791907514</xmax>
      <ymax>137.71098265895955</ymax>
    </bndbox>
  </object>
  <object>
    <name>Medicine</name>
    <pose/>
    <truncated/>
    <difficult/>
    <bndbox>
      <xmin>312.13872832369947</xmin>
      <ymin>138.57803468208095</ymin>
      <xmax>320.23121387283237</xmax>
      <ymax>152.45086705202314</ymax>
    </bndbox>
  </object>
  <object>
    <name>Medicine</name>
    <pose/>
    <truncated/>
    <difficult/>
    <bndbox>
      <xmin>322.5433526011561</xmin>
      <ymin>139.15606936416188</ymin>
      <xmax>330.9248554913295</xmax>
      <ymax>151.2947976878613</ymax>
    </bndbox>
  </object>
  <object>
    <name>Person</name>
    <pose/>
    <truncated/>
    <difficult/>
    <bndbox>
      <xmin>130.0578034682081</xmin>
      <ymin>59.09826589595377</ymin>
      <xmax>375.13294797687865</xmax>
      <ymax>360.44508670520236</ymax>
    </bndbox>
  </object>
  <object>
    <name>Person</name>
    <pose/>
    <truncated/>
    <difficult/>
    <bndbox>
      <xmin>283.2369942196531</xmin>
      <ymin>-1.0173410404624157</ymin>
      <xmax>418.7861271676303</xmax>
      <ymax>240.89017341040466</ymax>
    </bndbox>
  </object>
</annotation>
