<annotation>
  <folder/>
  <filename>11356.jpg</filename>
  <database/>
  <annotation/>
  <image/>
  <size>
    <height>360</height>
    <width>640</width>
    <depth>3</depth>
  </size>
  <segmented/>
  <object>
    <name>InfusionBag</name>
    <pose/>
    <truncated/>
    <difficult/>
    <bndbox>
      <xmin>51.156069364161866</xmin>
      <ymin>23.83815028901734</ymin>
      <xmax>85.83815028901755</xmax>
      <ymax>79.32947976878613</ymax>
    </bndbox>
  </object>
  <object>
    <name>Bottle</name>
    <pose/>
    <truncated/>
    <difficult/>
    <bndbox>
      <xmin>283.815028901734</xmin>
      <ymin>123.54913294797687</ymin>
      <xmax>293.35260115606934</xmax>
      <ymax>137.13294797687863</ymax>
    </bndbox>
  </object>
  <object>
    <name>Medicine</name>
    <pose/>
    <truncated/>
    <difficult/>
    <bndbox>
      <xmin>296.5317919075145</xmin>
      <ymin>143.20231213872836</ymin>
      <xmax>304.6242774566474</xmax>
      <ymax>155.91907514450867</ymax>
    </bndbox>
  </object>
  <object>
    <name>Person</name>
    <pose/>
    <truncated/>
    <difficult/>
    <bndbox>
      <xmin>135.2601156069364</xmin>
      <ymin>67.76878612716763</ymin>
      <xmax>380.913294797688</xmax>
      <ymax>348.64161849711036</ymax>
    </bndbox>
  </object>
  <object>
    <name>Person</name>
    <pose/>
    <truncated/>
    <difficult/>
    <bndbox>
      <xmin>270.5202312138729</xmin>
      <ymin>0.6473988439306577</ymin>
      <xmax>391.32947976878614</xmax>
      <ymax>235.1098265895954</ymax>
    </bndbox>
  </object>
</annotation>
