<annotation>
  <folder/>
  <filename>11386.jpg</filename>
  <database/>
  <annotation/>
  <image/>
  <size>
    <height>360</height>
    <width>640</width>
    <depth>3</depth>
  </size>
  <segmented/>
  <object>
    <name>InfusionBag</name>
    <pose/>
    <truncated/>
    <difficult/>
    <bndbox>
      <xmin>-1.202312138728331</xmin>
      <ymin>36.26589595375722</ymin>
      <xmax>33.52601156069364</xmax>
      <ymax>97.82658959537572</ymax>
    </bndbox>
  </object>
  <object>
    <name>Bottle</name>
    <pose/>
    <truncated/>
    <difficult/>
    <bndbox>
      <xmin>224.56647398843918</xmin>
      <ymin>126.72832369942199</ymin>
      <xmax>235.83815028901734</xmax>
      <ymax>148.11560693641619</ymax>
    </bndbox>
  </object>
  <object>
    <name>Medicine</name>
    <pose/>
    <truncated/>
    <difficult/>
    <bndbox>
      <xmin>234.393063583815</xmin>
      <ymin>147.2485549132948</ymin>
      <xmax>241.0404624277457</xmax>
      <ymax>161.98843930635837</ymax>
    </bndbox>
  </object>
  <object>
    <name>Person</name>
    <pose/>
    <truncated/>
    <difficult/>
    <bndbox>
      <xmin>94.79768786127168</xmin>
      <ymin>129.04046242774567</ymin>
      <xmax>446.6358381502887</xmax>
      <ymax>359.16184971098335</ymax>
    </bndbox>
  </object>
  <object>
    <name>Person</name>
    <pose/>
    <truncated/>
    <difficult/>
    <bndbox>
      <xmin>173.12138728323708</xmin>
      <ymin>10.473988439306325</ymin>
      <xmax>341.6184971098266</xmax>
      <ymax>228.46242774566474</ymax>
    </bndbox>
  </object>
  <object>
    <name>Medicine</name>
    <pose/>
    <truncated/>
    <difficult/>
    <bndbox>
      <xmin>244.2196531791908</xmin>
      <ymin>145.51445086705203</ymin>
      <xmax>251.44508670520239</xmax>
      <ymax>158.23121387283237</ymax>
    </bndbox>
  </object>
</annotation>
