<annotation>
  <folder/>
  <filename>11380.jpg</filename>
  <database/>
  <annotation/>
  <image/>
  <size>
    <height>360</height>
    <width>640</width>
    <depth>3</depth>
  </size>
  <segmented/>
  <object>
    <name>InfusionBag</name>
    <pose/>
    <truncated/>
    <difficult/>
    <bndbox>
      <xmin>4.913294797687858</xmin>
      <ymin>35.10982658959537</ymin>
      <xmax>45.95375722543352</xmax>
      <ymax>97.82658959537572</ymax>
    </bndbox>
  </object>
  <object>
    <name>Bottle</name>
    <pose/>
    <truncated/>
    <difficult/>
    <bndbox>
      <xmin>235.83815028901722</xmin>
      <ymin>130.19653179190755</ymin>
      <xmax>246.242774566474</xmax>
      <ymax>148.40462427745666</ymax>
    </bndbox>
  </object>
  <object>
    <name>Medicine</name>
    <pose/>
    <truncated/>
    <difficult/>
    <bndbox>
      <xmin>243.93063583815032</xmin>
      <ymin>147.82658959537576</ymin>
      <xmax>252.02312138728337</xmax>
      <ymax>160.54335260115607</ymax>
    </bndbox>
  </object>
  <object>
    <name>Person</name>
    <pose/>
    <truncated/>
    <difficult/>
    <bndbox>
      <xmin>126.8554913294798</xmin>
      <ymin>105.3236994219653</ymin>
      <xmax>440.56069364161806</xmax>
      <ymax>360.8959537572258</ymax>
    </bndbox>
  </object>
  <object>
    <name>Person</name>
    <pose/>
    <truncated/>
    <difficult/>
    <bndbox>
      <xmin>203.75722543352612</xmin>
      <ymin>7.872832369942174</ymin>
      <xmax>354.33526011560696</xmax>
      <ymax>231.0635838150289</ymax>
    </bndbox>
  </object>
  <object>
    <name>Medicine</name>
    <pose/>
    <truncated/>
    <difficult/>
    <bndbox>
      <xmin>255.4913294797688</xmin>
      <ymin>147.82658959537574</ymin>
      <xmax>262.71676300578036</xmax>
      <ymax>160.54335260115607</ymax>
    </bndbox>
  </object>
</annotation>
