<annotation>
  <folder/>
  <filename>1139.jpg</filename>
  <database/>
  <annotation/>
  <image/>
  <size>
    <height>360</height>
    <width>640</width>
    <depth>3</depth>
  </size>
  <segmented/>
  <object>
    <name>InfusionBag</name>
    <pose/>
    <truncated/>
    <difficult/>
    <bndbox>
      <xmin>118.45086705202311</xmin>
      <ymin>-0.4393063583815007</ymin>
      <xmax>143.9306358381503</xmax>
      <ymax>21.815028901734102</ymax>
    </bndbox>
  </object>
  <object>
    <name>Person</name>
    <pose/>
    <truncated/>
    <difficult/>
    <bndbox>
      <xmin>218.49710982658962</xmin>
      <ymin>74.12716763005781</ymin>
      <xmax>523.0</xmax>
      <ymax>359.0</ymax>
    </bndbox>
  </object>
  <object>
    <name>Person</name>
    <pose/>
    <truncated/>
    <difficult/>
    <bndbox>
      <xmin>271.09826589595383</xmin>
      <ymin>23.47976878612711</ymin>
      <xmax>445.95375722543355</xmax>
      <ymax>213.4335260115607</ymax>
    </bndbox>
  </object>
</annotation>
