<annotation>
  <folder/>
  <filename>11398.jpg</filename>
  <database/>
  <annotation/>
  <image/>
  <size>
    <height>360</height>
    <width>640</width>
    <depth>3</depth>
  </size>
  <segmented/>
  <object>
    <name>InfusionBag</name>
    <pose/>
    <truncated/>
    <difficult/>
    <bndbox>
      <xmin>1.6416184971098247</xmin>
      <ymin>33.95375722543354</ymin>
      <xmax>36.994219653179194</xmax>
      <ymax>92.6242774566474</ymax>
    </bndbox>
  </object>
  <object>
    <name>Person</name>
    <pose/>
    <truncated/>
    <difficult/>
    <bndbox>
      <xmin>106.9364161849711</xmin>
      <ymin>156.20809248554914</ymin>
      <xmax>465.8497109826585</xmax>
      <ymax>362.2080924855498</ymax>
    </bndbox>
  </object>
  <object>
    <name>Person</name>
    <pose/>
    <truncated/>
    <difficult/>
    <bndbox>
      <xmin>169.36416184971102</xmin>
      <ymin>30.416184971098176</ymin>
      <xmax>344.21965317919086</xmax>
      <ymax>220.36994219653178</ymax>
    </bndbox>
  </object>
  <object>
    <name>Bottle</name>
    <pose/>
    <truncated/>
    <difficult/>
    <bndbox>
      <xmin>223.41040462427745</xmin>
      <ymin>137.71098265895955</ymin>
      <xmax>231.5028901734104</xmax>
      <ymax>144.0693641618497</ymax>
    </bndbox>
  </object>
  <object>
    <name>Medicine</name>
    <pose/>
    <truncated/>
    <difficult/>
    <bndbox>
      <xmin>229.76878612716763</xmin>
      <ymin>142.04624277456648</ymin>
      <xmax>238.43930635838151</xmax>
      <ymax>157.65317919075144</ymax>
    </bndbox>
  </object>
  <object>
    <name>Medicine</name>
    <pose/>
    <truncated/>
    <difficult/>
    <bndbox>
      <xmin>239.3063583815029</xmin>
      <ymin>142.33526011560693</ymin>
      <xmax>248.26589595375722</xmax>
      <ymax>156.20809248554914</ymax>
    </bndbox>
  </object>
</annotation>
