<annotation>
  <folder/>
  <filename>11404.jpg</filename>
  <database/>
  <annotation/>
  <image/>
  <size>
    <height>360</height>
    <width>640</width>
    <depth>3</depth>
  </size>
  <segmented/>
  <object>
    <name>InfusionBag</name>
    <pose/>
    <truncated/>
    <difficult/>
    <bndbox>
      <xmin>2.219653179190752</xmin>
      <ymin>31.930635838150295</ymin>
      <xmax>49.13294797687861</xmax>
      <ymax>95.51445086705202</ymax>
    </bndbox>
  </object>
  <object>
    <name>Person</name>
    <pose/>
    <truncated/>
    <difficult/>
    <bndbox>
      <xmin>104.6242774566474</xmin>
      <ymin>153.89595375722544</ymin>
      <xmax>487.23699421965273</xmax>
      <ymax>359.3179190751452</ymax>
    </bndbox>
  </object>
  <object>
    <name>Person</name>
    <pose/>
    <truncated/>
    <difficult/>
    <bndbox>
      <xmin>174.56647398843933</xmin>
      <ymin>32.4393063583814</ymin>
      <xmax>349.42196531791916</xmax>
      <ymax>222.393063583815</ymax>
    </bndbox>
  </object>
  <object>
    <name>Medicine</name>
    <pose/>
    <truncated/>
    <difficult/>
    <bndbox>
      <xmin>232.36994219653184</xmin>
      <ymin>141.46820809248555</ymin>
      <xmax>241.04046242774567</xmax>
      <ymax>157.07514450867052</ymax>
    </bndbox>
  </object>
  <object>
    <name>Medicine</name>
    <pose/>
    <truncated/>
    <difficult/>
    <bndbox>
      <xmin>241.6184971098266</xmin>
      <ymin>141.17919075144508</ymin>
      <xmax>250.57803468208098</xmax>
      <ymax>155.0520231213873</ymax>
    </bndbox>
  </object>
</annotation>
