<annotation>
  <folder/>
  <filename>11416.jpg</filename>
  <database/>
  <annotation/>
  <image/>
  <size>
    <height>360</height>
    <width>640</width>
    <depth>3</depth>
  </size>
  <segmented/>
  <object>
    <name>InfusionBag</name>
    <pose/>
    <truncated/>
    <difficult/>
    <bndbox>
      <xmin>2.219653179190752</xmin>
      <ymin>31.930635838150295</ymin>
      <xmax>49.13294797687861</xmax>
      <ymax>95.51445086705202</ymax>
    </bndbox>
  </object>
  <object>
    <name>Person</name>
    <pose/>
    <truncated/>
    <difficult/>
    <bndbox>
      <xmin>97.39884393063583</xmin>
      <ymin>167.47976878612715</ymin>
      <xmax>464.4508670520231</xmax>
      <ymax>325.57225433526014</ymax>
    </bndbox>
  </object>
  <object>
    <name>Person</name>
    <pose/>
    <truncated/>
    <difficult/>
    <bndbox>
      <xmin>165.31791907514452</xmin>
      <ymin>30.19653179190754</ymin>
      <xmax>335.2601156069369</xmax>
      <ymax>208.8092485549133</ymax>
    </bndbox>
  </object>
  <object>
    <name>Medicine</name>
    <pose/>
    <truncated/>
    <difficult/>
    <bndbox>
      <xmin>217.91907514450872</xmin>
      <ymin>143.78034682080929</ymin>
      <xmax>226.58959537572255</xmax>
      <ymax>159.38728323699425</ymax>
    </bndbox>
  </object>
  <object>
    <name>Medicine</name>
    <pose/>
    <truncated/>
    <difficult/>
    <bndbox>
      <xmin>229.1907514450867</xmin>
      <ymin>143.49132947976878</ymin>
      <xmax>238.1502890173411</xmax>
      <ymax>157.364161849711</ymax>
    </bndbox>
  </object>
</annotation>
