<annotation>
  <folder/>
  <filename>11428.jpg</filename>
  <database/>
  <annotation/>
  <image/>
  <size>
    <height>360</height>
    <width>640</width>
    <depth>3</depth>
  </size>
  <segmented/>
  <object>
    <name>InfusionBag</name>
    <pose/>
    <truncated/>
    <difficult/>
    <bndbox>
      <xmin>-0.4046242774566462</xmin>
      <ymin>40.3121387283237</ymin>
      <xmax>32.08092485549133</xmax>
      <ymax>104.76300578034682</ymax>
    </bndbox>
  </object>
  <object>
    <name>Person</name>
    <pose/>
    <truncated/>
    <difficult/>
    <bndbox>
      <xmin>84.68208092485547</xmin>
      <ymin>179.3294797687861</ymin>
      <xmax>445.3757225433526</xmax>
      <ymax>312.8554913294798</ymax>
    </bndbox>
  </object>
  <object>
    <name>Person</name>
    <pose/>
    <truncated/>
    <difficult/>
    <bndbox>
      <xmin>149.99999999999997</xmin>
      <ymin>2.450867052023135</ymin>
      <xmax>328.6127167630058</xmax>
      <ymax>213.72254335260115</ymax>
    </bndbox>
  </object>
  <object>
    <name>Medicine</name>
    <pose/>
    <truncated/>
    <difficult/>
    <bndbox>
      <xmin>205.49132947976884</xmin>
      <ymin>145.8034682080925</ymin>
      <xmax>214.16184971098266</xmax>
      <ymax>161.41040462427748</ymax>
    </bndbox>
  </object>
  <object>
    <name>Medicine</name>
    <pose/>
    <truncated/>
    <difficult/>
    <bndbox>
      <xmin>215.3179190751445</xmin>
      <ymin>145.51445086705203</ymin>
      <xmax>224.27745664739888</xmax>
      <ymax>159.38728323699425</ymax>
    </bndbox>
  </object>
</annotation>
