<annotation>
  <folder/>
  <filename>11440.jpg</filename>
  <database/>
  <annotation/>
  <image/>
  <size>
    <height>360</height>
    <width>640</width>
    <depth>3</depth>
  </size>
  <segmented/>
  <object>
    <name>InfusionBag</name>
    <pose/>
    <truncated/>
    <difficult/>
    <bndbox>
      <xmin>-0.4046242774566462</xmin>
      <ymin>40.3121387283237</ymin>
      <xmax>32.08092485549133</xmax>
      <ymax>104.76300578034682</ymax>
    </bndbox>
  </object>
  <object>
    <name>Person</name>
    <pose/>
    <truncated/>
    <difficult/>
    <bndbox>
      <xmin>83.23699421965317</xmin>
      <ymin>193.2023121387283</ymin>
      <xmax>468.2080924855491</xmax>
      <ymax>309.3872832369942</ymax>
    </bndbox>
  </object>
  <object>
    <name>Person</name>
    <pose/>
    <truncated/>
    <difficult/>
    <bndbox>
      <xmin>177.45664739884393</xmin>
      <ymin>1.6647398843930503</ymin>
      <xmax>333.8150289017341</xmax>
      <ymax>219.21387283236996</ymax>
    </bndbox>
  </object>
  <object>
    <name>Medicine</name>
    <pose/>
    <truncated/>
    <difficult/>
    <bndbox>
      <xmin>200.86705202312143</xmin>
      <ymin>156.49710982658962</ymin>
      <xmax>209.53757225433526</xmax>
      <ymax>172.1040462427746</ymax>
    </bndbox>
  </object>
  <object>
    <name>Medicine</name>
    <pose/>
    <truncated/>
    <difficult/>
    <bndbox>
      <xmin>211.56069364161849</xmin>
      <ymin>155.9190751445087</ymin>
      <xmax>220.52023121387288</xmax>
      <ymax>169.7919075144509</ymax>
    </bndbox>
  </object>
  <object>
    <name>Bottle</name>
    <pose/>
    <truncated/>
    <difficult/>
    <bndbox>
      <xmin>176.878612716763</xmin>
      <ymin>125.86127167630059</ymin>
      <xmax>191.32947976878614</xmax>
      <ymax>153.31791907514452</ymax>
    </bndbox>
  </object>
</annotation>
