<annotation>
  <folder/>
  <filename>11446.jpg</filename>
  <database/>
  <annotation/>
  <image/>
  <size>
    <height>360</height>
    <width>640</width>
    <depth>3</depth>
  </size>
  <segmented/>
  <object>
    <name>InfusionBag</name>
    <pose/>
    <truncated/>
    <difficult/>
    <bndbox>
      <xmin>3.3526011560693636</xmin>
      <ymin>55.91907514450867</ymin>
      <xmax>45.664739884393065</xmax>
      <ymax>127.01734104046244</ymax>
    </bndbox>
  </object>
  <object>
    <name>Person</name>
    <pose/>
    <truncated/>
    <difficult/>
    <bndbox>
      <xmin>82.65895953757226</xmin>
      <ymin>202.4508670520231</ymin>
      <xmax>468.2080924855491</xmax>
      <ymax>309.3872832369942</ymax>
    </bndbox>
  </object>
  <object>
    <name>Person</name>
    <pose/>
    <truncated/>
    <difficult/>
    <bndbox>
      <xmin>197.10982658959534</xmin>
      <ymin>1.6647398843930503</ymin>
      <xmax>350.8670520231214</xmax>
      <ymax>226.15028901734104</ymax>
    </bndbox>
  </object>
  <object>
    <name>Medicine</name>
    <pose/>
    <truncated/>
    <difficult/>
    <bndbox>
      <xmin>199.71098265895958</xmin>
      <ymin>163.43352601156073</ymin>
      <xmax>208.3815028901734</xmax>
      <ymax>179.0404624277457</ymax>
    </bndbox>
  </object>
  <object>
    <name>Medicine</name>
    <pose/>
    <truncated/>
    <difficult/>
    <bndbox>
      <xmin>210.69364161849708</xmin>
      <ymin>163.72254335260118</ymin>
      <xmax>219.65317919075147</xmax>
      <ymax>177.5953757225434</ymax>
    </bndbox>
  </object>
  <object>
    <name>Bottle</name>
    <pose/>
    <truncated/>
    <difficult/>
    <bndbox>
      <xmin>172.54335260115607</xmin>
      <ymin>132.7976878612717</ymin>
      <xmax>191.90751445086704</xmax>
      <ymax>172.10404624277456</ymax>
    </bndbox>
  </object>
</annotation>
