<annotation>
  <folder/>
  <filename>11464.jpg</filename>
  <database/>
  <annotation/>
  <image/>
  <size>
    <height>360</height>
    <width>640</width>
    <depth>3</depth>
  </size>
  <segmented/>
  <object>
    <name>Person</name>
    <pose/>
    <truncated/>
    <difficult/>
    <bndbox>
      <xmin>209.82658959537576</xmin>
      <ymin>0.7167630057803365</ymin>
      <xmax>355.78034682080926</xmax>
      <ymax>220.36994219653178</ymax>
    </bndbox>
  </object>
  <object>
    <name>Person</name>
    <pose/>
    <truncated/>
    <difficult/>
    <bndbox>
      <xmin>70.80924855491334</xmin>
      <ymin>184.53179190751445</ymin>
      <xmax>458.95953757225436</xmax>
      <ymax>317.76878612716763</ymax>
    </bndbox>
  </object>
  <object>
    <name>InfusionBag</name>
    <pose/>
    <truncated/>
    <difficult/>
    <bndbox>
      <xmin>0.28901734104046195</xmin>
      <ymin>63.14450867052024</ymin>
      <xmax>35.83815028901734</xmax>
      <ymax>134.53179190751445</ymax>
    </bndbox>
  </object>
  <object>
    <name>Bottle</name>
    <pose/>
    <truncated/>
    <difficult/>
    <bndbox>
      <xmin>151.4450867052023</xmin>
      <ymin>145.22543352601159</ymin>
      <xmax>172.54335260115604</xmax>
      <ymax>181.64161849710985</ymax>
    </bndbox>
  </object>
  <object>
    <name>Medicine</name>
    <pose/>
    <truncated/>
    <difficult/>
    <bndbox>
      <xmin>181.21387283236996</xmin>
      <ymin>174.12716763005784</ymin>
      <xmax>192.485549132948</xmax>
      <ymax>192.62427745664743</ymax>
    </bndbox>
  </object>
  <object>
    <name>Medicine</name>
    <pose/>
    <truncated/>
    <difficult/>
    <bndbox>
      <xmin>192.19653179190752</xmin>
      <ymin>174.70520231213874</ymin>
      <xmax>201.15606936416188</xmax>
      <ymax>188.57803468208093</ymax>
    </bndbox>
  </object>
</annotation>
