<annotation>
  <folder/>
  <filename>11488.jpg</filename>
  <database/>
  <annotation/>
  <image/>
  <size>
    <height>360</height>
    <width>640</width>
    <depth>3</depth>
  </size>
  <segmented/>
  <object>
    <name>Person</name>
    <pose/>
    <truncated/>
    <difficult/>
    <bndbox>
      <xmin>238.0</xmin>
      <ymin>0.0</ymin>
      <xmax>344.79768786127164</xmax>
      <ymax>231.90751445086732</ymax>
    </bndbox>
  </object>
  <object>
    <name>Person</name>
    <pose/>
    <truncated/>
    <difficult/>
    <bndbox>
      <xmin>154.31213872832373</xmin>
      <ymin>118.0404624277457</ymin>
      <xmax>482.6589595375723</xmax>
      <ymax>324.9942196531792</ymax>
    </bndbox>
  </object>
  <object>
    <name>InfusionBag</name>
    <pose/>
    <truncated/>
    <difficult/>
    <bndbox>
      <xmin>29.768786127167633</xmin>
      <ymin>72.39306358381504</ymin>
      <xmax>70.8092485549133</xmax>
      <ymax>143.78034682080914</ymax>
    </bndbox>
  </object>
  <object>
    <name>Bottle</name>
    <pose/>
    <truncated/>
    <difficult/>
    <bndbox>
      <xmin>150.57803468208093</xmin>
      <ymin>156.20809248554914</ymin>
      <xmax>165.89595375722544</xmax>
      <ymax>178.46242774566474</ymax>
    </bndbox>
  </object>
</annotation>
