<annotation>
  <folder/>
  <filename>11512.jpg</filename>
  <database/>
  <annotation/>
  <image/>
  <size>
    <height>360</height>
    <width>640</width>
    <depth>3</depth>
  </size>
  <segmented/>
  <object>
    <name>Person</name>
    <pose/>
    <truncated/>
    <difficult/>
    <bndbox>
      <xmin>210.40462427745666</xmin>
      <ymin>106.78612716763006</ymin>
      <xmax>445.9421965317914</xmax>
      <ymax>322.583815028902</ymax>
    </bndbox>
  </object>
  <object>
    <name>Person</name>
    <pose/>
    <truncated/>
    <difficult/>
    <bndbox>
      <xmin>200.57803468208093</xmin>
      <ymin>1.8728323699421967</ymin>
      <xmax>321.67630057803467</xmax>
      <ymax>189.73410404624278</ymax>
    </bndbox>
  </object>
  <object>
    <name>Bottle</name>
    <pose/>
    <truncated/>
    <difficult/>
    <bndbox>
      <xmin>125.72254335260116</xmin>
      <ymin>160.2543352601156</ymin>
      <xmax>147.39884393063585</xmax>
      <ymax>200.4277456647399</ymax>
    </bndbox>
  </object>
  <object>
    <name>Medicine</name>
    <pose/>
    <truncated/>
    <difficult/>
    <bndbox>
      <xmin>160.9826589595376</xmin>
      <ymin>190.3121387283237</ymin>
      <xmax>173.121387283237</xmax>
      <ymax>209.38728323699422</ymax>
    </bndbox>
  </object>
  <object>
    <name>Medicine</name>
    <pose/>
    <truncated/>
    <difficult/>
    <bndbox>
      <xmin>170.8092485549133</xmin>
      <ymin>191.757225433526</ymin>
      <xmax>180.92485549132948</xmax>
      <ymax>204.47398843930637</ymax>
    </bndbox>
  </object>
  <object>
    <name>InfusionBag</name>
    <pose/>
    <truncated/>
    <difficult/>
    <bndbox>
      <xmin>6.069364161849711</xmin>
      <ymin>77.59537572254335</ymin>
      <xmax>58.67052023121387</xmax>
      <ymax>148.9826589595376</ymax>
    </bndbox>
  </object>
</annotation>
