<annotation>
  <folder/>
  <filename>1151.jpg</filename>
  <database/>
  <annotation/>
  <image/>
  <size>
    <height>360</height>
    <width>640</width>
    <depth>3</depth>
  </size>
  <segmented/>
  <object>
    <name>Person</name>
    <pose/>
    <truncated/>
    <difficult/>
    <bndbox>
      <xmin>238.8670520231214</xmin>
      <ymin>65.89595375722541</ymin>
      <xmax>476.0</xmax>
      <ymax>359.0</ymax>
    </bndbox>
  </object>
  <object>
    <name>Person</name>
    <pose/>
    <truncated/>
    <difficult/>
    <bndbox>
      <xmin>285.8612716763006</xmin>
      <ymin>18.618497109826592</ymin>
      <xmax>459.2485549132948</xmax>
      <ymax>212.85549132947978</ymax>
    </bndbox>
  </object>
</annotation>
