<annotation>
  <folder/>
  <filename>11530.jpg</filename>
  <database/>
  <annotation/>
  <image/>
  <size>
    <height>360</height>
    <width>640</width>
    <depth>3</depth>
  </size>
  <segmented/>
  <object>
    <name>Person</name>
    <pose/>
    <truncated/>
    <difficult/>
    <bndbox>
      <xmin>232.08092485549133</xmin>
      <ymin>103.3179190751445</ymin>
      <xmax>482.94797687861274</xmax>
      <ymax>316.6127167630058</ymax>
    </bndbox>
  </object>
  <object>
    <name>Person</name>
    <pose/>
    <truncated/>
    <difficult/>
    <bndbox>
      <xmin>213.00578034682079</xmin>
      <ymin>1.0057803468208082</ymin>
      <xmax>325.1445086705202</xmax>
      <ymax>221.5260115606937</ymax>
    </bndbox>
  </object>
  <object>
    <name>Bottle</name>
    <pose/>
    <truncated/>
    <difficult/>
    <bndbox>
      <xmin>135.26011560693644</xmin>
      <ymin>157.0751445086705</ymin>
      <xmax>156.9364161849711</xmax>
      <ymax>197.24855491329478</ymax>
    </bndbox>
  </object>
  <object>
    <name>Medicine</name>
    <pose/>
    <truncated/>
    <difficult/>
    <bndbox>
      <xmin>172.25433526011562</xmin>
      <ymin>185.1098265895954</ymin>
      <xmax>181.50289017341038</xmax>
      <ymax>203.606936416185</ymax>
    </bndbox>
  </object>
  <object>
    <name>Medicine</name>
    <pose/>
    <truncated/>
    <difficult/>
    <bndbox>
      <xmin>182.6589595375723</xmin>
      <ymin>185.10982658959534</ymin>
      <xmax>190.1734104046243</xmax>
      <ymax>197.53757225433526</ymax>
    </bndbox>
  </object>
  <object>
    <name>InfusionBag</name>
    <pose/>
    <truncated/>
    <difficult/>
    <bndbox>
      <xmin>39.59537572254335</xmin>
      <ymin>75.86127167630057</ymin>
      <xmax>82.65895953757226</xmax>
      <ymax>142.33526011560693</ymax>
    </bndbox>
  </object>
</annotation>
