<annotation>
  <folder/>
  <filename>11542.jpg</filename>
  <database/>
  <annotation/>
  <image/>
  <size>
    <height>360</height>
    <width>640</width>
    <depth>3</depth>
  </size>
  <segmented/>
  <object>
    <name>Person</name>
    <pose/>
    <truncated/>
    <difficult/>
    <bndbox>
      <xmin>244.7976878612717</xmin>
      <ymin>91.75722543352602</ymin>
      <xmax>487.8612716763006</xmax>
      <ymax>299.5606936416185</ymax>
    </bndbox>
  </object>
  <object>
    <name>Person</name>
    <pose/>
    <truncated/>
    <difficult/>
    <bndbox>
      <xmin>226.0115606936416</xmin>
      <ymin>-0.15028901734104316</ymin>
      <xmax>338.15028901734104</xmax>
      <ymax>220.3699421965319</ymax>
    </bndbox>
  </object>
  <object>
    <name>Bottle</name>
    <pose/>
    <truncated/>
    <difficult/>
    <bndbox>
      <xmin>143.93063583815032</xmin>
      <ymin>149.271676300578</ymin>
      <xmax>165.606936416185</xmax>
      <ymax>189.4450867052023</ymax>
    </bndbox>
  </object>
  <object>
    <name>Medicine</name>
    <pose/>
    <truncated/>
    <difficult/>
    <bndbox>
      <xmin>183.52601156069366</xmin>
      <ymin>179.32947976878614</ymin>
      <xmax>193.35260115606937</xmax>
      <ymax>194.9364161849711</ymax>
    </bndbox>
  </object>
  <object>
    <name>Medicine</name>
    <pose/>
    <truncated/>
    <difficult/>
    <bndbox>
      <xmin>192.77456647398847</xmin>
      <ymin>179.61849710982656</ymin>
      <xmax>200.28901734104048</xmax>
      <ymax>192.04624277456648</ymax>
    </bndbox>
  </object>
  <object>
    <name>InfusionBag</name>
    <pose/>
    <truncated/>
    <difficult/>
    <bndbox>
      <xmin>62.71676300578034</xmin>
      <ymin>65.45664739884393</ymin>
      <xmax>105.78034682080924</xmax>
      <ymax>131.93063583815027</ymax>
    </bndbox>
  </object>
</annotation>
