<annotation>
  <folder/>
  <filename>1157.jpg</filename>
  <database/>
  <annotation/>
  <image/>
  <size>
    <height>360</height>
    <width>640</width>
    <depth>3</depth>
  </size>
  <segmented/>
  <object>
    <name>Person</name>
    <pose/>
    <truncated/>
    <difficult/>
    <bndbox>
      <xmin>278.9017341040462</xmin>
      <ymin>13.43352601156063</ymin>
      <xmax>447.6878612716763</xmax>
      <ymax>209.96531791907515</ymax>
    </bndbox>
  </object>
  <object>
    <name>Person</name>
    <pose/>
    <truncated/>
    <difficult/>
    <bndbox>
      <xmin>228.9017341040462</xmin>
      <ymin>66.30057803468208</ymin>
      <xmax>456.64739884393066</xmax>
      <ymax>354.1849710982659</ymax>
    </bndbox>
  </object>
</annotation>
