<annotation>
  <folder/>
  <filename>1163.jpg</filename>
  <database/>
  <annotation/>
  <image/>
  <size>
    <height>360</height>
    <width>640</width>
    <depth>3</depth>
  </size>
  <segmented/>
  <object>
    <name>Person</name>
    <pose/>
    <truncated/>
    <difficult/>
    <bndbox>
      <xmin>219.9421965317919</xmin>
      <ymin>61.67630057803464</ymin>
      <xmax>447.6878612716763</xmax>
      <ymax>353.60693641618496</ymax>
    </bndbox>
  </object>
  <object>
    <name>Person</name>
    <pose/>
    <truncated/>
    <difficult/>
    <bndbox>
      <xmin>268.67630057803467</xmin>
      <ymin>9.387283236994236</ymin>
      <xmax>444.7976878612717</xmax>
      <ymax>212.85549132947978</ymax>
    </bndbox>
  </object>
</annotation>
