<annotation>
  <folder/>
  <filename>1170.jpg</filename>
  <database/>
  <annotation/>
  <image/>
  <size>
    <height>360</height>
    <width>640</width>
    <depth>3</depth>
  </size>
  <segmented/>
  <object>
    <name>Person</name>
    <pose/>
    <truncated/>
    <difficult/>
    <bndbox>
      <xmin>219.9421965317919</xmin>
      <ymin>61.67630057803464</ymin>
      <xmax>438.15028901734104</xmax>
      <ymax>353.60693641618496</ymax>
    </bndbox>
  </object>
  <object>
    <name>Person</name>
    <pose/>
    <truncated/>
    <difficult/>
    <bndbox>
      <xmin>269.2543352601156</xmin>
      <ymin>5.341040462427756</ymin>
      <xmax>449.1329479768786</xmax>
      <ymax>208.8092485549133</ymax>
    </bndbox>
  </object>
</annotation>
