<annotation>
  <folder/>
  <filename>1182.jpg</filename>
  <database/>
  <annotation/>
  <image/>
  <size>
    <height>360</height>
    <width>640</width>
    <depth>3</depth>
  </size>
  <segmented/>
  <object>
    <name>Person</name>
    <pose/>
    <truncated/>
    <difficult/>
    <bndbox>
      <xmin>219.9421965317919</xmin>
      <ymin>61.67630057803464</ymin>
      <xmax>361.84971098265896</xmax>
      <ymax>354.7630057803468</ymax>
    </bndbox>
  </object>
  <object>
    <name>Person</name>
    <pose/>
    <truncated/>
    <difficult/>
    <bndbox>
      <xmin>270.121387283237</xmin>
      <ymin>7.075144508670533</ymin>
      <xmax>447.1098265895954</xmax>
      <ymax>211.98843930635837</ymax>
    </bndbox>
  </object>
</annotation>
