<annotation>
  <folder/>
  <filename>1188.jpg</filename>
  <database/>
  <annotation/>
  <image/>
  <size>
    <height>360</height>
    <width>640</width>
    <depth>3</depth>
  </size>
  <segmented/>
  <object>
    <name>Person</name>
    <pose/>
    <truncated/>
    <difficult/>
    <bndbox>
      <xmin>182.9479768786127</xmin>
      <ymin>59.942196531791836</ymin>
      <xmax>353.1791907514451</xmax>
      <ymax>353.8959537572254</ymax>
    </bndbox>
  </object>
  <object>
    <name>Person</name>
    <pose/>
    <truncated/>
    <difficult/>
    <bndbox>
      <xmin>270.121387283237</xmin>
      <ymin>7.075144508670533</ymin>
      <xmax>439.88439306358384</xmax>
      <ymax>226.15028901734104</ymax>
    </bndbox>
  </object>
</annotation>
