<annotation>
  <folder/>
  <filename>12017.jpg</filename>
  <database/>
  <annotation/>
  <image/>
  <size>
    <height>360</height>
    <width>640</width>
    <depth>3</depth>
  </size>
  <segmented/>
  <object>
    <name>InfusionBag</name>
    <pose/>
    <truncated/>
    <difficult/>
    <bndbox>
      <xmin>106.35838150289017</xmin>
      <ymin>46.67052023121387</ymin>
      <xmax>151.73410404624278</xmax>
      <ymax>118.0578034682081</ymax>
    </bndbox>
  </object>
  <object>
    <name>Person</name>
    <pose/>
    <truncated/>
    <difficult/>
    <bndbox>
      <xmin>142.19653179190752</xmin>
      <ymin>176.15028901734104</ymin>
      <xmax>507.8034682080925</xmax>
      <ymax>262.8554913294798</ymax>
    </bndbox>
  </object>
  <object>
    <name>Bottle</name>
    <pose/>
    <truncated/>
    <difficult/>
    <bndbox>
      <xmin>204.04624277456648</xmin>
      <ymin>127.30635838150289</ymin>
      <xmax>224.27745664739885</xmax>
      <ymax>160.2543352601156</ymax>
    </bndbox>
  </object>
  <object>
    <name>Medicine</name>
    <pose/>
    <truncated/>
    <difficult/>
    <bndbox>
      <xmin>252.89017341040463</xmin>
      <ymin>144.0693641618497</ymin>
      <xmax>261.27167630057806</xmax>
      <ymax>154.1849710982659</ymax>
    </bndbox>
  </object>
  <object>
    <name>Medicine</name>
    <pose/>
    <truncated/>
    <difficult/>
    <bndbox>
      <xmin>256.64739884393066</xmin>
      <ymin>135.10982658959537</ymin>
      <xmax>265.60693641618496</xmax>
      <ymax>148.40462427745666</ymax>
    </bndbox>
  </object>
</annotation>
