<annotation>
  <folder/>
  <filename>12035.jpg</filename>
  <database/>
  <annotation/>
  <image/>
  <size>
    <height>360</height>
    <width>640</width>
    <depth>3</depth>
  </size>
  <segmented/>
  <object>
    <name>InfusionBag</name>
    <pose/>
    <truncated/>
    <difficult/>
    <bndbox>
      <xmin>65.3179190751445</xmin>
      <ymin>41.757225433526</ymin>
      <xmax>113.58381502890174</xmax>
      <ymax>112.85549132947978</ymax>
    </bndbox>
  </object>
  <object>
    <name>Person</name>
    <pose/>
    <truncated/>
    <difficult/>
    <bndbox>
      <xmin>130.635838150289</xmin>
      <ymin>176.15028901734104</ymin>
      <xmax>489.01734104046244</xmax>
      <ymax>264.3005780346821</ymax>
    </bndbox>
  </object>
  <object>
    <name>Bottle</name>
    <pose/>
    <truncated/>
    <difficult/>
    <bndbox>
      <xmin>199.4219653179191</xmin>
      <ymin>121.81502890173414</ymin>
      <xmax>219.65317919075147</xmax>
      <ymax>154.76300578034684</ymax>
    </bndbox>
  </object>
  <object>
    <name>Medicine</name>
    <pose/>
    <truncated/>
    <difficult/>
    <bndbox>
      <xmin>247.6878612716763</xmin>
      <ymin>138.28901734104045</ymin>
      <xmax>256.0693641618499</xmax>
      <ymax>148.40462427745663</ymax>
    </bndbox>
  </object>
  <object>
    <name>Medicine</name>
    <pose/>
    <truncated/>
    <difficult/>
    <bndbox>
      <xmin>253.1791907514451</xmin>
      <ymin>132.21965317919071</ymin>
      <xmax>260.69364161849705</xmax>
      <ymax>145.514450867052</ymax>
    </bndbox>
  </object>
</annotation>
