<annotation>
  <folder/>
  <filename>12053.jpg</filename>
  <database/>
  <annotation/>
  <image/>
  <size>
    <height>360</height>
    <width>640</width>
    <depth>3</depth>
  </size>
  <segmented/>
  <object>
    <name>InfusionBag</name>
    <pose/>
    <truncated/>
    <difficult/>
    <bndbox>
      <xmin>88.15028901734102</xmin>
      <ymin>41.757225433526</ymin>
      <xmax>132.36994219653178</xmax>
      <ymax>107.65317919075144</ymax>
    </bndbox>
  </object>
  <object>
    <name>Person</name>
    <pose/>
    <truncated/>
    <difficult/>
    <bndbox>
      <xmin>146.82080924855487</xmin>
      <ymin>161.12138728323697</ymin>
      <xmax>480.63583815028903</xmax>
      <ymax>271.2369942196532</ymax>
    </bndbox>
  </object>
  <object>
    <name>Bottle</name>
    <pose/>
    <truncated/>
    <difficult/>
    <bndbox>
      <xmin>219.94219653179192</xmin>
      <ymin>116.03468208092488</ymin>
      <xmax>235.83815028901734</xmax>
      <ymax>150.4277456647399</ymax>
    </bndbox>
  </object>
  <object>
    <name>Medicine</name>
    <pose/>
    <truncated/>
    <difficult/>
    <bndbox>
      <xmin>262.1387283236994</xmin>
      <ymin>133.66473988439301</ymin>
      <xmax>270.23121387283237</xmax>
      <ymax>144.93641618497108</ymax>
    </bndbox>
  </object>
  <object>
    <name>Medicine</name>
    <pose/>
    <truncated/>
    <difficult/>
    <bndbox>
      <xmin>269.0751445086705</xmin>
      <ymin>128.46242774566474</ymin>
      <xmax>276.58959537572247</xmax>
      <ymax>141.75722543352603</ymax>
    </bndbox>
  </object>
</annotation>
