<annotation>
  <folder/>
  <filename>12065.jpg</filename>
  <database/>
  <annotation/>
  <image/>
  <size>
    <height>360</height>
    <width>640</width>
    <depth>3</depth>
  </size>
  <segmented/>
  <object>
    <name>InfusionBag</name>
    <pose/>
    <truncated/>
    <difficult/>
    <bndbox>
      <xmin>112.71676300578032</xmin>
      <ymin>38.0</ymin>
      <xmax>152.02312138728323</xmax>
      <ymax>94.0693641618497</ymax>
    </bndbox>
  </object>
  <object>
    <name>Person</name>
    <pose/>
    <truncated/>
    <difficult/>
    <bndbox>
      <xmin>165.89595375722536</xmin>
      <ymin>151.00578034682079</ymin>
      <xmax>489.30635838150283</xmax>
      <ymax>262.5664739884394</ymax>
    </bndbox>
  </object>
  <object>
    <name>Bottle</name>
    <pose/>
    <truncated/>
    <difficult/>
    <bndbox>
      <xmin>236.70520231213874</xmin>
      <ymin>108.8092485549133</ymin>
      <xmax>252.60115606936415</xmax>
      <ymax>143.2023121387283</ymax>
    </bndbox>
  </object>
  <object>
    <name>Medicine</name>
    <pose/>
    <truncated/>
    <difficult/>
    <bndbox>
      <xmin>278.6127167630058</xmin>
      <ymin>127.30635838150286</ymin>
      <xmax>286.70520231213874</xmax>
      <ymax>138.57803468208093</ymax>
    </bndbox>
  </object>
  <object>
    <name>Medicine</name>
    <pose/>
    <truncated/>
    <difficult/>
    <bndbox>
      <xmin>285.5491329479769</xmin>
      <ymin>121.52601156069363</ymin>
      <xmax>293.06358381502884</xmax>
      <ymax>134.82080924855492</ymax>
    </bndbox>
  </object>
</annotation>
