<annotation>
  <folder/>
  <filename>12071.jpg</filename>
  <database/>
  <annotation/>
  <image/>
  <size>
    <height>360</height>
    <width>640</width>
    <depth>3</depth>
  </size>
  <segmented/>
  <object>
    <name>InfusionBag</name>
    <pose/>
    <truncated/>
    <difficult/>
    <bndbox>
      <xmin>120.23121387283236</xmin>
      <ymin>37.13294797687861</ymin>
      <xmax>159.53757225433526</xmax>
      <ymax>93.20231213872832</ymax>
    </bndbox>
  </object>
  <object>
    <name>Person</name>
    <pose/>
    <truncated/>
    <difficult/>
    <bndbox>
      <xmin>176.30057803468202</xmin>
      <ymin>148.40462427745663</ymin>
      <xmax>487.28323699421964</xmax>
      <ymax>267.4797687861272</ymax>
    </bndbox>
  </object>
  <object>
    <name>Bottle</name>
    <pose/>
    <truncated/>
    <difficult/>
    <bndbox>
      <xmin>245.3757225433526</xmin>
      <ymin>107.364161849711</ymin>
      <xmax>260.98265895953756</xmax>
      <ymax>139.73410404624278</ymax>
    </bndbox>
  </object>
  <object>
    <name>Medicine</name>
    <pose/>
    <truncated/>
    <difficult/>
    <bndbox>
      <xmin>287.57225433526014</xmin>
      <ymin>125.57225433526008</ymin>
      <xmax>295.6647398843931</xmax>
      <ymax>136.84393063583815</ymax>
    </bndbox>
  </object>
  <object>
    <name>Medicine</name>
    <pose/>
    <truncated/>
    <difficult/>
    <bndbox>
      <xmin>294.5086705202312</xmin>
      <ymin>121.23699421965318</ymin>
      <xmax>300.57803468208095</xmax>
      <ymax>133.08670520231215</ymax>
    </bndbox>
  </object>
</annotation>
