<annotation>
  <folder/>
  <filename>12119.jpg</filename>
  <database/>
  <annotation/>
  <image/>
  <size>
    <height>360</height>
    <width>640</width>
    <depth>3</depth>
  </size>
  <segmented/>
  <object>
    <name>InfusionBag</name>
    <pose/>
    <truncated/>
    <difficult/>
    <bndbox>
      <xmin>158.6705202312138</xmin>
      <ymin>27.017341040462448</ymin>
      <xmax>188.43930635838151</xmax>
      <ymax>77.30635838150289</ymax>
    </bndbox>
  </object>
  <object>
    <name>Person</name>
    <pose/>
    <truncated/>
    <difficult/>
    <bndbox>
      <xmin>224.56647398843927</xmin>
      <ymin>133.08670520231212</ymin>
      <xmax>484.97109826589593</xmax>
      <ymax>295.80346820809245</ymax>
    </bndbox>
  </object>
  <object>
    <name>Bottle</name>
    <pose/>
    <truncated/>
    <difficult/>
    <bndbox>
      <xmin>298.84393063583815</xmin>
      <ymin>103.60693641618494</ymin>
      <xmax>310.40462427745666</xmax>
      <ymax>131.0635838150289</ymax>
    </bndbox>
  </object>
  <object>
    <name>Medicine</name>
    <pose/>
    <truncated/>
    <difficult/>
    <bndbox>
      <xmin>334.97109826589605</xmin>
      <ymin>123.83815028901734</ymin>
      <xmax>340.17341040462435</xmax>
      <ymax>134.242774566474</ymax>
    </bndbox>
  </object>
  <object>
    <name>Medicine</name>
    <pose/>
    <truncated/>
    <difficult/>
    <bndbox>
      <xmin>342.1965317919075</xmin>
      <ymin>120.94797687861268</ymin>
      <xmax>347.68786127167635</xmax>
      <ymax>132.21965317919074</ymax>
    </bndbox>
  </object>
</annotation>
