<annotation>
  <folder/>
  <filename>12131.jpg</filename>
  <database/>
  <annotation/>
  <image/>
  <size>
    <height>360</height>
    <width>640</width>
    <depth>3</depth>
  </size>
  <segmented/>
  <object>
    <name>InfusionBag</name>
    <pose/>
    <truncated/>
    <difficult/>
    <bndbox>
      <xmin>174.8554913294797</xmin>
      <ymin>25.572254335260133</ymin>
      <xmax>204.6242774566474</xmax>
      <ymax>75.86127167630057</ymax>
    </bndbox>
  </object>
  <object>
    <name>Person</name>
    <pose/>
    <truncated/>
    <difficult/>
    <bndbox>
      <xmin>239.01734104046238</xmin>
      <ymin>131.64161849710982</ymin>
      <xmax>486.9942196531792</xmax>
      <ymax>302.73988439306356</ymax>
    </bndbox>
  </object>
  <object>
    <name>Bottle</name>
    <pose/>
    <truncated/>
    <difficult/>
    <bndbox>
      <xmin>316.18497109826586</xmin>
      <ymin>104.18497109826586</ymin>
      <xmax>327.7456647398844</xmax>
      <ymax>131.64161849710982</ymax>
    </bndbox>
  </object>
  <object>
    <name>Medicine</name>
    <pose/>
    <truncated/>
    <difficult/>
    <bndbox>
      <xmin>349.7109826589596</xmin>
      <ymin>126.72832369942194</ymin>
      <xmax>354.9132947976879</xmax>
      <ymax>137.1329479768786</ymax>
    </bndbox>
  </object>
  <object>
    <name>Medicine</name>
    <pose/>
    <truncated/>
    <difficult/>
    <bndbox>
      <xmin>358.3815028901734</xmin>
      <ymin>124.12716763005778</ymin>
      <xmax>363.8728323699423</xmax>
      <ymax>135.39884393063585</ymax>
    </bndbox>
  </object>
</annotation>
