<annotation>
  <folder/>
  <filename>12137.jpg</filename>
  <database/>
  <annotation/>
  <image/>
  <size>
    <height>360</height>
    <width>640</width>
    <depth>3</depth>
  </size>
  <segmented/>
  <object>
    <name>InfusionBag</name>
    <pose/>
    <truncated/>
    <difficult/>
    <bndbox>
      <xmin>175.43352601156062</xmin>
      <ymin>17.190751445086725</ymin>
      <xmax>205.20231213872833</xmax>
      <ymax>67.47976878612717</ymax>
    </bndbox>
  </object>
  <object>
    <name>Person</name>
    <pose/>
    <truncated/>
    <difficult/>
    <bndbox>
      <xmin>239.8843930635838</xmin>
      <ymin>129.61849710982656</ymin>
      <xmax>482.08092485549133</xmax>
      <ymax>312.5664739884393</ymax>
    </bndbox>
  </object>
  <object>
    <name>Bottle</name>
    <pose/>
    <truncated/>
    <difficult/>
    <bndbox>
      <xmin>321.67630057803467</xmin>
      <ymin>104.7630057803468</ymin>
      <xmax>333.2369942196532</xmax>
      <ymax>132.21965317919077</ymax>
    </bndbox>
  </object>
  <object>
    <name>Medicine</name>
    <pose/>
    <truncated/>
    <difficult/>
    <bndbox>
      <xmin>354.335260115607</xmin>
      <ymin>129.04046242774564</ymin>
      <xmax>359.5375722543353</xmax>
      <ymax>139.4450867052023</ymax>
    </bndbox>
  </object>
  <object>
    <name>Medicine</name>
    <pose/>
    <truncated/>
    <difficult/>
    <bndbox>
      <xmin>363.87283236994216</xmin>
      <ymin>125.57225433526008</ymin>
      <xmax>369.364161849711</xmax>
      <ymax>136.84393063583815</ymax>
    </bndbox>
  </object>
</annotation>
