<annotation>
  <folder/>
  <filename>12143.jpg</filename>
  <database/>
  <annotation/>
  <image/>
  <size>
    <height>360</height>
    <width>640</width>
    <depth>3</depth>
  </size>
  <segmented/>
  <object>
    <name>InfusionBag</name>
    <pose/>
    <truncated/>
    <difficult/>
    <bndbox>
      <xmin>175.43352601156062</xmin>
      <ymin>17.190751445086725</ymin>
      <xmax>205.20231213872833</xmax>
      <ymax>67.47976878612717</ymax>
    </bndbox>
  </object>
  <object>
    <name>Person</name>
    <pose/>
    <truncated/>
    <difficult/>
    <bndbox>
      <xmin>239.8843930635838</xmin>
      <ymin>129.61849710982656</ymin>
      <xmax>474.2774566473988</xmax>
      <ymax>329.32947976878614</ymax>
    </bndbox>
  </object>
  <object>
    <name>Bottle</name>
    <pose/>
    <truncated/>
    <difficult/>
    <bndbox>
      <xmin>327.45664739884387</xmin>
      <ymin>110.54335260115604</ymin>
      <xmax>339.0173410404624</xmax>
      <ymax>138.00000000000003</ymax>
    </bndbox>
  </object>
  <object>
    <name>Medicine</name>
    <pose/>
    <truncated/>
    <difficult/>
    <bndbox>
      <xmin>360.9826589595376</xmin>
      <ymin>136.2658959537572</ymin>
      <xmax>366.1849710982659</xmax>
      <ymax>146.67052023121386</ymax>
    </bndbox>
  </object>
  <object>
    <name>Medicine</name>
    <pose/>
    <truncated/>
    <difficult/>
    <bndbox>
      <xmin>369.94219653179186</xmin>
      <ymin>131.93063583815027</ymin>
      <xmax>375.43352601156073</xmax>
      <ymax>143.20231213872833</ymax>
    </bndbox>
  </object>
</annotation>
