<annotation>
  <folder/>
  <filename>12167.jpg</filename>
  <database/>
  <annotation/>
  <image/>
  <size>
    <height>360</height>
    <width>640</width>
    <depth>3</depth>
  </size>
  <segmented/>
  <object>
    <name>InfusionBag</name>
    <pose/>
    <truncated/>
    <difficult/>
    <bndbox>
      <xmin>216.18497109826583</xmin>
      <ymin>25.283236994219678</ymin>
      <xmax>243.06358381502892</xmax>
      <ymax>73.54913294797689</ymax>
    </bndbox>
  </object>
  <object>
    <name>Person</name>
    <pose/>
    <truncated/>
    <difficult/>
    <bndbox>
      <xmin>267.9190751445086</xmin>
      <ymin>129.61849710982656</ymin>
      <xmax>470.8092485549133</xmax>
      <ymax>326.15028901734104</ymax>
    </bndbox>
  </object>
  <object>
    <name>Bottle</name>
    <pose/>
    <truncated/>
    <difficult/>
    <bndbox>
      <xmin>358.67052023121374</xmin>
      <ymin>112.56647398843927</ymin>
      <xmax>370.23121387283226</xmax>
      <ymax>140.02312138728325</ymax>
    </bndbox>
  </object>
  <object>
    <name>Medicine</name>
    <pose/>
    <truncated/>
    <difficult/>
    <bndbox>
      <xmin>389.88439306358384</xmin>
      <ymin>140.0231213872832</ymin>
      <xmax>395.08670520231215</xmax>
      <ymax>150.42774566473986</ymax>
    </bndbox>
  </object>
  <object>
    <name>Medicine</name>
    <pose/>
    <truncated/>
    <difficult/>
    <bndbox>
      <xmin>398.8439306358381</xmin>
      <ymin>137.71098265895955</ymin>
      <xmax>404.33526011560696</xmax>
      <ymax>148.98265895953762</ymax>
    </bndbox>
  </object>
</annotation>
