<annotation>
  <folder/>
  <filename>12173.jpg</filename>
  <database/>
  <annotation/>
  <image/>
  <size>
    <height>360</height>
    <width>640</width>
    <depth>3</depth>
  </size>
  <segmented/>
  <object>
    <name>InfusionBag</name>
    <pose/>
    <truncated/>
    <difficult/>
    <bndbox>
      <xmin>216.18497109826583</xmin>
      <ymin>25.283236994219678</ymin>
      <xmax>243.06358381502892</xmax>
      <ymax>73.54913294797689</ymax>
    </bndbox>
  </object>
  <object>
    <name>Person</name>
    <pose/>
    <truncated/>
    <difficult/>
    <bndbox>
      <xmin>267.9190751445086</xmin>
      <ymin>129.61849710982656</ymin>
      <xmax>470.8092485549133</xmax>
      <ymax>326.15028901734104</ymax>
    </bndbox>
  </object>
  <object>
    <name>Bottle</name>
    <pose/>
    <truncated/>
    <difficult/>
    <bndbox>
      <xmin>363.0057803468207</xmin>
      <ymin>112.56647398843927</ymin>
      <xmax>374.5664739884392</xmax>
      <ymax>140.02312138728325</ymax>
    </bndbox>
  </object>
  <object>
    <name>Medicine</name>
    <pose/>
    <truncated/>
    <difficult/>
    <bndbox>
      <xmin>394.50867052023125</xmin>
      <ymin>140.0231213872832</ymin>
      <xmax>399.71098265895955</xmax>
      <ymax>150.42774566473986</ymax>
    </bndbox>
  </object>
  <object>
    <name>Medicine</name>
    <pose/>
    <truncated/>
    <difficult/>
    <bndbox>
      <xmin>404.04624277456645</xmin>
      <ymin>138.28901734104048</ymin>
      <xmax>409.5375722543353</xmax>
      <ymax>149.56069364161854</ymax>
    </bndbox>
  </object>
</annotation>
