<annotation>
  <folder/>
  <filename>12197.jpg</filename>
  <database/>
  <annotation/>
  <image/>
  <size>
    <height>360</height>
    <width>640</width>
    <depth>3</depth>
  </size>
  <segmented/>
  <object>
    <name>InfusionBag</name>
    <pose/>
    <truncated/>
    <difficult/>
    <bndbox>
      <xmin>198.84393063583806</xmin>
      <ymin>32.21965317919078</ymin>
      <xmax>216.47398843930634</xmax>
      <ymax>68.63583815028903</ymax>
    </bndbox>
  </object>
  <object>
    <name>Person</name>
    <pose/>
    <truncated/>
    <difficult/>
    <bndbox>
      <xmin>249.13294797687863</xmin>
      <ymin>130.19653179190752</ymin>
      <xmax>389.59537572254334</xmax>
      <ymax>321.8150289017341</ymax>
    </bndbox>
  </object>
  <object>
    <name>Bottle</name>
    <pose/>
    <truncated/>
    <difficult/>
    <bndbox>
      <xmin>359.82658959537576</xmin>
      <ymin>117.1907514450867</ymin>
      <xmax>369.6531791907515</xmax>
      <ymax>146.67052023121389</ymax>
    </bndbox>
  </object>
  <object>
    <name>Medicine</name>
    <pose/>
    <truncated/>
    <difficult/>
    <bndbox>
      <xmin>384.1040462427746</xmin>
      <ymin>146.3815028901734</ymin>
      <xmax>391.32947976878614</xmax>
      <ymax>158.23121387283237</ymax>
    </bndbox>
  </object>
  <object>
    <name>Medicine</name>
    <pose/>
    <truncated/>
    <difficult/>
    <bndbox>
      <xmin>394.7976878612717</xmin>
      <ymin>142.6242774566474</ymin>
      <xmax>402.60115606936415</xmax>
      <ymax>158.52023121387285</ymax>
    </bndbox>
  </object>
</annotation>
