<annotation>
  <folder/>
  <filename>12203.jpg</filename>
  <database/>
  <annotation/>
  <image/>
  <size>
    <height>360</height>
    <width>640</width>
    <depth>3</depth>
  </size>
  <segmented/>
  <object>
    <name>InfusionBag</name>
    <pose/>
    <truncated/>
    <difficult/>
    <bndbox>
      <xmin>204.91329479768777</xmin>
      <ymin>33.08670520231217</ymin>
      <xmax>222.54335260115604</xmax>
      <ymax>69.50289017341042</ymax>
    </bndbox>
  </object>
  <object>
    <name>Person</name>
    <pose/>
    <truncated/>
    <difficult/>
    <bndbox>
      <xmin>249.13294797687863</xmin>
      <ymin>130.19653179190752</ymin>
      <xmax>389.59537572254334</xmax>
      <ymax>321.8150289017341</ymax>
    </bndbox>
  </object>
  <object>
    <name>Bottle</name>
    <pose/>
    <truncated/>
    <difficult/>
    <bndbox>
      <xmin>362.13872832369947</xmin>
      <ymin>116.03468208092485</ymin>
      <xmax>371.9653179190752</xmax>
      <ymax>145.51445086705203</ymax>
    </bndbox>
  </object>
  <object>
    <name>Medicine</name>
    <pose/>
    <truncated/>
    <difficult/>
    <bndbox>
      <xmin>388.728323699422</xmin>
      <ymin>146.09248554913296</ymin>
      <xmax>396.53179190751445</xmax>
      <ymax>155.63005780346822</ymax>
    </bndbox>
  </object>
  <object>
    <name>Medicine</name>
    <pose/>
    <truncated/>
    <difficult/>
    <bndbox>
      <xmin>398.26589595375725</xmin>
      <ymin>142.33526011560696</ymin>
      <xmax>405.4913294797688</xmax>
      <ymax>155.91907514450867</ymax>
    </bndbox>
  </object>
</annotation>
