<annotation>
  <folder/>
  <filename>12215.jpg</filename>
  <database/>
  <annotation/>
  <image/>
  <size>
    <height>360</height>
    <width>640</width>
    <depth>3</depth>
  </size>
  <segmented/>
  <object>
    <name>InfusionBag</name>
    <pose/>
    <truncated/>
    <difficult/>
    <bndbox>
      <xmin>217.34104046242766</xmin>
      <ymin>29.040462427745695</ymin>
      <xmax>234.97109826589593</xmax>
      <ymax>65.45664739884394</ymax>
    </bndbox>
  </object>
  <object>
    <name>Person</name>
    <pose/>
    <truncated/>
    <difficult/>
    <bndbox>
      <xmin>260.69364161849717</xmin>
      <ymin>127.59537572254334</ymin>
      <xmax>394.21965317919074</xmax>
      <ymax>317.4797687861271</ymax>
    </bndbox>
  </object>
  <object>
    <name>Bottle</name>
    <pose/>
    <truncated/>
    <difficult/>
    <bndbox>
      <xmin>373.98843930635843</xmin>
      <ymin>114.0115606936416</ymin>
      <xmax>383.81502890173414</xmax>
      <ymax>143.49132947976878</ymax>
    </bndbox>
  </object>
  <object>
    <name>Medicine</name>
    <pose/>
    <truncated/>
    <difficult/>
    <bndbox>
      <xmin>397.68786127167635</xmin>
      <ymin>144.06936416184973</ymin>
      <xmax>404.335260115607</xmax>
      <ymax>152.73988439306356</ymax>
    </bndbox>
  </object>
  <object>
    <name>Medicine</name>
    <pose/>
    <truncated/>
    <difficult/>
    <bndbox>
      <xmin>408.38150289017346</xmin>
      <ymin>141.46820809248558</ymin>
      <xmax>415.8959537572254</xmax>
      <ymax>153.31791907514452</ymax>
    </bndbox>
  </object>
</annotation>
