<annotation>
  <folder/>
  <filename>12227.jpg</filename>
  <database/>
  <annotation/>
  <image/>
  <size>
    <height>360</height>
    <width>640</width>
    <depth>3</depth>
  </size>
  <segmented/>
  <object>
    <name>InfusionBag</name>
    <pose/>
    <truncated/>
    <difficult/>
    <bndbox>
      <xmin>233.81502890173402</xmin>
      <ymin>31.352601156069397</ymin>
      <xmax>251.4450867052023</xmax>
      <ymax>67.76878612716764</ymax>
    </bndbox>
  </object>
  <object>
    <name>Person</name>
    <pose/>
    <truncated/>
    <difficult/>
    <bndbox>
      <xmin>276.30057803468213</xmin>
      <ymin>127.88439306358379</ymin>
      <xmax>401.7341040462428</xmax>
      <ymax>314.87861271676303</ymax>
    </bndbox>
  </object>
  <object>
    <name>Bottle</name>
    <pose/>
    <truncated/>
    <difficult/>
    <bndbox>
      <xmin>388.72832369942205</xmin>
      <ymin>114.58959537572252</ymin>
      <xmax>398.55491329479776</xmax>
      <ymax>144.0693641618497</ymax>
    </bndbox>
  </object>
  <object>
    <name>Medicine</name>
    <pose/>
    <truncated/>
    <difficult/>
    <bndbox>
      <xmin>411.849710982659</xmin>
      <ymin>145.51445086705206</ymin>
      <xmax>418.4971098265897</xmax>
      <ymax>154.1849710982659</ymax>
    </bndbox>
  </object>
  <object>
    <name>Medicine</name>
    <pose/>
    <truncated/>
    <difficult/>
    <bndbox>
      <xmin>423.1213872832371</xmin>
      <ymin>142.62427745664743</ymin>
      <xmax>430.63583815028903</xmax>
      <ymax>154.47398843930637</ymax>
    </bndbox>
  </object>
</annotation>
