<annotation>
  <folder/>
  <filename>12221.jpg</filename>
  <database/>
  <annotation/>
  <image/>
  <size>
    <height>360</height>
    <width>640</width>
    <depth>3</depth>
  </size>
  <segmented/>
  <object>
    <name>InfusionBag</name>
    <pose/>
    <truncated/>
    <difficult/>
    <bndbox>
      <xmin>230.05780346820802</xmin>
      <ymin>30.77456647398847</ymin>
      <xmax>247.6878612716763</xmax>
      <ymax>67.19075144508672</ymax>
    </bndbox>
  </object>
  <object>
    <name>Person</name>
    <pose/>
    <truncated/>
    <difficult/>
    <bndbox>
      <xmin>265.89595375722547</xmin>
      <ymin>127.59537572254334</ymin>
      <xmax>399.42196531791905</xmax>
      <ymax>317.4797687861271</ymax>
    </bndbox>
  </object>
  <object>
    <name>Bottle</name>
    <pose/>
    <truncated/>
    <difficult/>
    <bndbox>
      <xmin>381.79190751445094</xmin>
      <ymin>114.0115606936416</ymin>
      <xmax>391.61849710982665</xmax>
      <ymax>143.49132947976878</ymax>
    </bndbox>
  </object>
  <object>
    <name>Medicine</name>
    <pose/>
    <truncated/>
    <difficult/>
    <bndbox>
      <xmin>404.62427745664746</xmin>
      <ymin>144.06936416184973</ymin>
      <xmax>411.2716763005781</xmax>
      <ymax>152.73988439306356</ymax>
    </bndbox>
  </object>
  <object>
    <name>Medicine</name>
    <pose/>
    <truncated/>
    <difficult/>
    <bndbox>
      <xmin>416.184971098266</xmin>
      <ymin>142.0462427745665</ymin>
      <xmax>423.6994219653179</xmax>
      <ymax>153.89595375722544</ymax>
    </bndbox>
  </object>
</annotation>
