<annotation>
  <folder/>
  <filename>12239.jpg</filename>
  <database/>
  <annotation/>
  <image/>
  <size>
    <height>360</height>
    <width>640</width>
    <depth>3</depth>
  </size>
  <segmented/>
  <object>
    <name>InfusionBag</name>
    <pose/>
    <truncated/>
    <difficult/>
    <bndbox>
      <xmin>234.1040462427745</xmin>
      <ymin>25.572254335260155</ymin>
      <xmax>251.73410404624278</xmax>
      <ymax>61.98843930635841</ymax>
    </bndbox>
  </object>
  <object>
    <name>Person</name>
    <pose/>
    <truncated/>
    <difficult/>
    <bndbox>
      <xmin>278.32369942196533</xmin>
      <ymin>127.88439306358379</ymin>
      <xmax>378.6127167630058</xmax>
      <ymax>313.1445086705202</ymax>
    </bndbox>
  </object>
  <object>
    <name>Bottle</name>
    <pose/>
    <truncated/>
    <difficult/>
    <bndbox>
      <xmin>393.35260115606945</xmin>
      <ymin>114.58959537572252</ymin>
      <xmax>403.17919075144516</xmax>
      <ymax>144.0693641618497</ymax>
    </bndbox>
  </object>
  <object>
    <name>Medicine</name>
    <pose/>
    <truncated/>
    <difficult/>
    <bndbox>
      <xmin>417.34104046242777</xmin>
      <ymin>147.24855491329484</ymin>
      <xmax>423.98843930635843</xmax>
      <ymax>155.91907514450867</ymax>
    </bndbox>
  </object>
  <object>
    <name>Medicine</name>
    <pose/>
    <truncated/>
    <difficult/>
    <bndbox>
      <xmin>428.32369942196544</xmin>
      <ymin>144.3583815028902</ymin>
      <xmax>435.8381502890174</xmax>
      <ymax>156.20809248554914</ymax>
    </bndbox>
  </object>
</annotation>
