<annotation>
  <folder/>
  <filename>12245.jpg</filename>
  <database/>
  <annotation/>
  <image/>
  <size>
    <height>360</height>
    <width>640</width>
    <depth>3</depth>
  </size>
  <segmented/>
  <object>
    <name>InfusionBag</name>
    <pose/>
    <truncated/>
    <difficult/>
    <bndbox>
      <xmin>222.543352601156</xmin>
      <ymin>23.26011560693646</ymin>
      <xmax>240.17341040462426</xmax>
      <ymax>59.67630057803471</ymax>
    </bndbox>
  </object>
  <object>
    <name>Person</name>
    <pose/>
    <truncated/>
    <difficult/>
    <bndbox>
      <xmin>230.0578034682081</xmin>
      <ymin>126.43930635838146</ymin>
      <xmax>355.4913294797688</xmax>
      <ymax>321.52601156069363</ymax>
    </bndbox>
  </object>
  <object>
    <name>Bottle</name>
    <pose/>
    <truncated/>
    <difficult/>
    <bndbox>
      <xmin>387.5722543352602</xmin>
      <ymin>116.03468208092482</ymin>
      <xmax>397.3988439306359</xmax>
      <ymax>145.514450867052</ymax>
    </bndbox>
  </object>
  <object>
    <name>Medicine</name>
    <pose/>
    <truncated/>
    <difficult/>
    <bndbox>
      <xmin>408.95953757225436</xmin>
      <ymin>149.84971098265902</ymin>
      <xmax>415.606936416185</xmax>
      <ymax>158.52023121387285</ymax>
    </bndbox>
  </object>
  <object>
    <name>Medicine</name>
    <pose/>
    <truncated/>
    <difficult/>
    <bndbox>
      <xmin>421.0982658959539</xmin>
      <ymin>145.8034682080925</ymin>
      <xmax>428.61271676300584</xmax>
      <ymax>157.65317919075144</ymax>
    </bndbox>
  </object>
</annotation>
