<annotation>
  <folder/>
  <filename>12251.jpg</filename>
  <database/>
  <annotation/>
  <image/>
  <size>
    <height>360</height>
    <width>640</width>
    <depth>3</depth>
  </size>
  <segmented/>
  <object>
    <name>InfusionBag</name>
    <pose/>
    <truncated/>
    <difficult/>
    <bndbox>
      <xmin>217.91907514450858</xmin>
      <ymin>27.017341040462473</ymin>
      <xmax>240.75144508670522</xmax>
      <ymax>68.92485549132948</ymax>
    </bndbox>
  </object>
  <object>
    <name>Person</name>
    <pose/>
    <truncated/>
    <difficult/>
    <bndbox>
      <xmin>211.27167630057798</xmin>
      <ymin>124.99421965317919</ymin>
      <xmax>351.1560693641618</xmax>
      <ymax>320.3699421965318</ymax>
    </bndbox>
  </object>
  <object>
    <name>Bottle</name>
    <pose/>
    <truncated/>
    <difficult/>
    <bndbox>
      <xmin>384.39306358381504</xmin>
      <ymin>119.5028901734104</ymin>
      <xmax>395.66473988439304</xmax>
      <ymax>152.4508670520231</ymax>
    </bndbox>
  </object>
  <object>
    <name>Medicine</name>
    <pose/>
    <truncated/>
    <difficult/>
    <bndbox>
      <xmin>404.91329479768785</xmin>
      <ymin>151.0057803468208</ymin>
      <xmax>413.29479768786126</xmax>
      <ymax>163.72254335260115</ymax>
    </bndbox>
  </object>
  <object>
    <name>Medicine</name>
    <pose/>
    <truncated/>
    <difficult/>
    <bndbox>
      <xmin>416.1849710982659</xmin>
      <ymin>149.84971098265896</ymin>
      <xmax>425.7225433526012</xmax>
      <ymax>164.30057803468208</ymax>
    </bndbox>
  </object>
</annotation>
