<annotation>
  <folder/>
  <filename>12257.jpg</filename>
  <database/>
  <annotation/>
  <image/>
  <size>
    <height>360</height>
    <width>640</width>
    <depth>3</depth>
  </size>
  <segmented/>
  <object>
    <name>InfusionBag</name>
    <pose/>
    <truncated/>
    <difficult/>
    <bndbox>
      <xmin>219.94219653179184</xmin>
      <ymin>26.72832369942201</ymin>
      <xmax>242.77456647398847</xmax>
      <ymax>68.63583815028902</ymax>
    </bndbox>
  </object>
  <object>
    <name>Person</name>
    <pose/>
    <truncated/>
    <difficult/>
    <bndbox>
      <xmin>209.82658959537568</xmin>
      <ymin>124.99421965317919</ymin>
      <xmax>349.71098265895955</xmax>
      <ymax>318.9248554913295</ymax>
    </bndbox>
  </object>
  <object>
    <name>Bottle</name>
    <pose/>
    <truncated/>
    <difficult/>
    <bndbox>
      <xmin>388.43930635838154</xmin>
      <ymin>120.94797687861274</ymin>
      <xmax>399.71098265895955</xmax>
      <ymax>153.89595375722544</ymax>
    </bndbox>
  </object>
  <object>
    <name>Medicine</name>
    <pose/>
    <truncated/>
    <difficult/>
    <bndbox>
      <xmin>406.35838150289015</xmin>
      <ymin>151.87283236994222</ymin>
      <xmax>414.73988439306356</xmax>
      <ymax>164.58959537572255</ymax>
    </bndbox>
  </object>
  <object>
    <name>Medicine</name>
    <pose/>
    <truncated/>
    <difficult/>
    <bndbox>
      <xmin>418.78612716763007</xmin>
      <ymin>151.58381502890174</ymin>
      <xmax>428.32369942196533</xmax>
      <ymax>166.03468208092485</ymax>
    </bndbox>
  </object>
</annotation>
