<annotation>
  <folder/>
  <filename>12269.jpg</filename>
  <database/>
  <annotation/>
  <image/>
  <size>
    <height>360</height>
    <width>640</width>
    <depth>3</depth>
  </size>
  <segmented/>
  <object>
    <name>InfusionBag</name>
    <pose/>
    <truncated/>
    <difficult/>
    <bndbox>
      <xmin>247.39884393063576</xmin>
      <ymin>32.797687861271726</ymin>
      <xmax>266.1849710982659</xmax>
      <ymax>65.16763005780346</ymax>
    </bndbox>
  </object>
  <object>
    <name>Person</name>
    <pose/>
    <truncated/>
    <difficult/>
    <bndbox>
      <xmin>217.6300578034682</xmin>
      <ymin>128.1734104046243</ymin>
      <xmax>362.1387283236994</xmax>
      <ymax>303.8959537572254</ymax>
    </bndbox>
  </object>
  <object>
    <name>Bottle</name>
    <pose/>
    <truncated/>
    <difficult/>
    <bndbox>
      <xmin>404.6242774566474</xmin>
      <ymin>122.10404624277459</ymin>
      <xmax>415.8959537572254</xmax>
      <ymax>155.0520231213873</ymax>
    </bndbox>
  </object>
  <object>
    <name>Medicine</name>
    <pose/>
    <truncated/>
    <difficult/>
    <bndbox>
      <xmin>422.25433526011557</xmin>
      <ymin>156.20809248554914</ymin>
      <xmax>429.76878612716763</xmax>
      <ymax>166.32369942196533</ymax>
    </bndbox>
  </object>
  <object>
    <name>Medicine</name>
    <pose/>
    <truncated/>
    <difficult/>
    <bndbox>
      <xmin>435.26011560693644</xmin>
      <ymin>154.47398843930637</ymin>
      <xmax>442.77456647398844</xmax>
      <ymax>167.1907514450867</ymax>
    </bndbox>
  </object>
</annotation>
