<annotation>
  <folder/>
  <filename>12263.jpg</filename>
  <database/>
  <annotation/>
  <image/>
  <size>
    <height>360</height>
    <width>640</width>
    <depth>3</depth>
  </size>
  <segmented/>
  <object>
    <name>InfusionBag</name>
    <pose/>
    <truncated/>
    <difficult/>
    <bndbox>
      <xmin>234.68208092485543</xmin>
      <ymin>29.040462427745712</ymin>
      <xmax>258.09248554913296</xmax>
      <ymax>65.45664739884393</ymax>
    </bndbox>
  </object>
  <object>
    <name>Person</name>
    <pose/>
    <truncated/>
    <difficult/>
    <bndbox>
      <xmin>213.29479768786123</xmin>
      <ymin>119.21387283236993</ymin>
      <xmax>353.1791907514451</xmax>
      <ymax>313.1445086705205</ymax>
    </bndbox>
  </object>
  <object>
    <name>Bottle</name>
    <pose/>
    <truncated/>
    <difficult/>
    <bndbox>
      <xmin>396.82080924855495</xmin>
      <ymin>122.10404624277459</ymin>
      <xmax>408.09248554913296</xmax>
      <ymax>155.0520231213873</ymax>
    </bndbox>
  </object>
  <object>
    <name>Medicine</name>
    <pose/>
    <truncated/>
    <difficult/>
    <bndbox>
      <xmin>415.31791907514446</xmin>
      <ymin>156.20809248554914</ymin>
      <xmax>422.8323699421965</xmax>
      <ymax>166.32369942196533</ymax>
    </bndbox>
  </object>
  <object>
    <name>Medicine</name>
    <pose/>
    <truncated/>
    <difficult/>
    <bndbox>
      <xmin>428.0346820809249</xmin>
      <ymin>153.606936416185</ymin>
      <xmax>434.1040462427746</xmax>
      <ymax>166.61271676300578</ymax>
    </bndbox>
  </object>
</annotation>
