<annotation>
  <folder/>
  <filename>12281.jpg</filename>
  <database/>
  <annotation/>
  <image/>
  <size>
    <height>360</height>
    <width>640</width>
    <depth>3</depth>
  </size>
  <segmented/>
  <object>
    <name>InfusionBag</name>
    <pose/>
    <truncated/>
    <difficult/>
    <bndbox>
      <xmin>262.7167630057802</xmin>
      <ymin>35.10982658959543</ymin>
      <xmax>281.5028901734104</xmax>
      <ymax>67.47976878612717</ymax>
    </bndbox>
  </object>
  <object>
    <name>Person</name>
    <pose/>
    <truncated/>
    <difficult/>
    <bndbox>
      <xmin>219.36416184971094</xmin>
      <ymin>125.28323699421966</ymin>
      <xmax>375.4335260115607</xmax>
      <ymax>301.0057803468208</ymax>
    </bndbox>
  </object>
  <object>
    <name>Bottle</name>
    <pose/>
    <truncated/>
    <difficult/>
    <bndbox>
      <xmin>418.2080924855491</xmin>
      <ymin>127.30635838150292</ymin>
      <xmax>429.4797687861271</xmax>
      <ymax>160.25433526011562</ymax>
    </bndbox>
  </object>
  <object>
    <name>Medicine</name>
    <pose/>
    <truncated/>
    <difficult/>
    <bndbox>
      <xmin>433.5260115606936</xmin>
      <ymin>160.83236994219655</ymin>
      <xmax>441.04046242774564</xmax>
      <ymax>170.94797687861274</ymax>
    </bndbox>
  </object>
  <object>
    <name>Medicine</name>
    <pose/>
    <truncated/>
    <difficult/>
    <bndbox>
      <xmin>447.39884393063585</xmin>
      <ymin>161.41040462427748</ymin>
      <xmax>454.91329479768785</xmax>
      <ymax>174.1271676300578</ymax>
    </bndbox>
  </object>
</annotation>
