<annotation>
  <folder/>
  <filename>12287.jpg</filename>
  <database/>
  <annotation/>
  <image/>
  <size>
    <height>360</height>
    <width>640</width>
    <depth>3</depth>
  </size>
  <segmented/>
  <object>
    <name>InfusionBag</name>
    <pose/>
    <truncated/>
    <difficult/>
    <bndbox>
      <xmin>262.7167630057802</xmin>
      <ymin>35.10982658959543</ymin>
      <xmax>281.5028901734104</xmax>
      <ymax>67.47976878612717</ymax>
    </bndbox>
  </object>
  <object>
    <name>Person</name>
    <pose/>
    <truncated/>
    <difficult/>
    <bndbox>
      <xmin>200.86705202312137</xmin>
      <ymin>129.61849710982662</ymin>
      <xmax>375.7225433526012</xmax>
      <ymax>303.3179190751445</ymax>
    </bndbox>
  </object>
  <object>
    <name>Bottle</name>
    <pose/>
    <truncated/>
    <difficult/>
    <bndbox>
      <xmin>421.0982658959537</xmin>
      <ymin>129.32947976878617</ymin>
      <xmax>432.3699421965317</xmax>
      <ymax>162.27745664739888</ymax>
    </bndbox>
  </object>
  <object>
    <name>Medicine</name>
    <pose/>
    <truncated/>
    <difficult/>
    <bndbox>
      <xmin>436.4161849710982</xmin>
      <ymin>164.3005780346821</ymin>
      <xmax>443.93063583815024</xmax>
      <ymax>174.4161849710983</ymax>
    </bndbox>
  </object>
  <object>
    <name>Medicine</name>
    <pose/>
    <truncated/>
    <difficult/>
    <bndbox>
      <xmin>448.84393063583815</xmin>
      <ymin>164.87861271676303</ymin>
      <xmax>456.35838150289015</xmax>
      <ymax>177.59537572254337</ymax>
    </bndbox>
  </object>
</annotation>
