<annotation>
  <folder/>
  <filename>12299.jpg</filename>
  <database/>
  <annotation/>
  <image/>
  <size>
    <height>360</height>
    <width>640</width>
    <depth>3</depth>
  </size>
  <segmented/>
  <object>
    <name>InfusionBag</name>
    <pose/>
    <truncated/>
    <difficult/>
    <bndbox>
      <xmin>254.04624277456634</xmin>
      <ymin>33.953757225433584</ymin>
      <xmax>272.8323699421965</xmax>
      <ymax>66.32369942196533</ymax>
    </bndbox>
  </object>
  <object>
    <name>Person</name>
    <pose/>
    <truncated/>
    <difficult/>
    <bndbox>
      <xmin>149.13294797687857</xmin>
      <ymin>132.50867052023128</ymin>
      <xmax>365.3179190751445</xmax>
      <ymax>308.5202312138728</ymax>
    </bndbox>
  </object>
  <object>
    <name>Bottle</name>
    <pose/>
    <truncated/>
    <difficult/>
    <bndbox>
      <xmin>420.2312138728323</xmin>
      <ymin>138.86705202312143</ymin>
      <xmax>432.08092485549133</xmax>
      <ymax>172.68208092485548</ymax>
    </bndbox>
  </object>
  <object>
    <name>Medicine</name>
    <pose/>
    <truncated/>
    <difficult/>
    <bndbox>
      <xmin>430.3468208092484</xmin>
      <ymin>178.46242774566477</ymin>
      <xmax>437.8612716763005</xmax>
      <ymax>188.57803468208095</ymax>
    </bndbox>
  </object>
  <object>
    <name>Medicine</name>
    <pose/>
    <truncated/>
    <difficult/>
    <bndbox>
      <xmin>443.9306358381503</xmin>
      <ymin>177.59537572254337</ymin>
      <xmax>452.60115606936415</xmax>
      <ymax>191.46820809248555</ymax>
    </bndbox>
  </object>
</annotation>
