<annotation>
  <folder/>
  <filename>12305.jpg</filename>
  <database/>
  <annotation/>
  <image/>
  <size>
    <height>360</height>
    <width>640</width>
    <depth>3</depth>
  </size>
  <segmented/>
  <object>
    <name>InfusionBag</name>
    <pose/>
    <truncated/>
    <difficult/>
    <bndbox>
      <xmin>254.62427745664723</xmin>
      <ymin>32.79768786127173</ymin>
      <xmax>273.4104046242774</xmax>
      <ymax>65.16763005780348</ymax>
    </bndbox>
  </object>
  <object>
    <name>Person</name>
    <pose/>
    <truncated/>
    <difficult/>
    <bndbox>
      <xmin>149.13294797687857</xmin>
      <ymin>132.50867052023128</ymin>
      <xmax>365.3179190751445</xmax>
      <ymax>308.5202312138728</ymax>
    </bndbox>
  </object>
  <object>
    <name>Bottle</name>
    <pose/>
    <truncated/>
    <difficult/>
    <bndbox>
      <xmin>421.38728323699416</xmin>
      <ymin>139.7341040462428</ymin>
      <xmax>433.2369942196532</xmax>
      <ymax>173.54913294797686</ymax>
    </bndbox>
  </object>
  <object>
    <name>Medicine</name>
    <pose/>
    <truncated/>
    <difficult/>
    <bndbox>
      <xmin>430.3468208092484</xmin>
      <ymin>178.46242774566477</ymin>
      <xmax>437.8612716763005</xmax>
      <ymax>188.57803468208095</ymax>
    </bndbox>
  </object>
  <object>
    <name>Medicine</name>
    <pose/>
    <truncated/>
    <difficult/>
    <bndbox>
      <xmin>444.21965317919074</xmin>
      <ymin>178.75144508670522</ymin>
      <xmax>452.8901734104046</xmax>
      <ymax>192.6242774566474</ymax>
    </bndbox>
  </object>
</annotation>
