<annotation>
  <folder/>
  <filename>12317.jpg</filename>
  <database/>
  <annotation/>
  <image/>
  <size>
    <height>360</height>
    <width>640</width>
    <depth>3</depth>
  </size>
  <segmented/>
  <object>
    <name>InfusionBag</name>
    <pose/>
    <truncated/>
    <difficult/>
    <bndbox>
      <xmin>273.98843930635826</xmin>
      <ymin>22.97109826589601</ymin>
      <xmax>293.3526011560694</xmax>
      <ymax>53.028901734104046</ymax>
    </bndbox>
  </object>
  <object>
    <name>Person</name>
    <pose/>
    <truncated/>
    <difficult/>
    <bndbox>
      <xmin>149.13294797687857</xmin>
      <ymin>132.50867052023128</ymin>
      <xmax>381.7919075144509</xmax>
      <ymax>306.78612716763007</ymax>
    </bndbox>
  </object>
  <object>
    <name>Bottle</name>
    <pose/>
    <truncated/>
    <difficult/>
    <bndbox>
      <xmin>436.99421965317913</xmin>
      <ymin>135.39884393063588</ymin>
      <xmax>451.73410404624275</xmax>
      <ymax>170.65895953757223</ymax>
    </bndbox>
  </object>
  <object>
    <name>Medicine</name>
    <pose/>
    <truncated/>
    <difficult/>
    <bndbox>
      <xmin>446.53179190751433</xmin>
      <ymin>177.30635838150292</ymin>
      <xmax>454.04624277456645</xmax>
      <ymax>187.71098265895955</ymax>
    </bndbox>
  </object>
  <object>
    <name>Medicine</name>
    <pose/>
    <truncated/>
    <difficult/>
    <bndbox>
      <xmin>460.98265895953745</xmin>
      <ymin>176.43930635838154</ymin>
      <xmax>469.9421965317919</xmax>
      <ymax>193.78034682080926</ymax>
    </bndbox>
  </object>
</annotation>
