<annotation>
  <folder/>
  <filename>12311.jpg</filename>
  <database/>
  <annotation/>
  <image/>
  <size>
    <height>360</height>
    <width>640</width>
    <depth>3</depth>
  </size>
  <segmented/>
  <object>
    <name>InfusionBag</name>
    <pose/>
    <truncated/>
    <difficult/>
    <bndbox>
      <xmin>265.31791907514435</xmin>
      <ymin>27.017341040462483</ymin>
      <xmax>284.6820809248555</xmax>
      <ymax>57.07514450867052</ymax>
    </bndbox>
  </object>
  <object>
    <name>Person</name>
    <pose/>
    <truncated/>
    <difficult/>
    <bndbox>
      <xmin>149.13294797687857</xmin>
      <ymin>132.50867052023128</ymin>
      <xmax>369.9421965317919</xmax>
      <ymax>307.6531791907515</ymax>
    </bndbox>
  </object>
  <object>
    <name>Bottle</name>
    <pose/>
    <truncated/>
    <difficult/>
    <bndbox>
      <xmin>428.6127167630057</xmin>
      <ymin>138.86705202312143</ymin>
      <xmax>440.46242774566474</xmax>
      <ymax>172.68208092485548</ymax>
    </bndbox>
  </object>
  <object>
    <name>Medicine</name>
    <pose/>
    <truncated/>
    <difficult/>
    <bndbox>
      <xmin>437.2832369942195</xmin>
      <ymin>179.32947976878617</ymin>
      <xmax>444.7976878612716</xmax>
      <ymax>189.44508670520236</ymax>
    </bndbox>
  </object>
  <object>
    <name>Medicine</name>
    <pose/>
    <truncated/>
    <difficult/>
    <bndbox>
      <xmin>451.1560693641618</xmin>
      <ymin>178.75144508670522</ymin>
      <xmax>459.82658959537565</xmax>
      <ymax>192.6242774566474</ymax>
    </bndbox>
  </object>
</annotation>
