<annotation>
  <folder/>
  <filename>12329.jpg</filename>
  <database/>
  <annotation/>
  <image/>
  <size>
    <height>360</height>
    <width>640</width>
    <depth>3</depth>
  </size>
  <segmented/>
  <object>
    <name>InfusionBag</name>
    <pose/>
    <truncated/>
    <difficult/>
    <bndbox>
      <xmin>292.4855491329478</xmin>
      <ymin>14.878612716763065</ymin>
      <xmax>311.84971098265896</xmax>
      <ymax>44.9364161849711</ymax>
    </bndbox>
  </object>
  <object>
    <name>Person</name>
    <pose/>
    <truncated/>
    <difficult/>
    <bndbox>
      <xmin>153.75722543352597</xmin>
      <ymin>123.2601156069365</ymin>
      <xmax>393.0635838150289</xmax>
      <ymax>298.1156069364162</ymax>
    </bndbox>
  </object>
  <object>
    <name>Bottle</name>
    <pose/>
    <truncated/>
    <difficult/>
    <bndbox>
      <xmin>456.0693641618497</xmin>
      <ymin>139.15606936416188</ymin>
      <xmax>472.8323699421966</xmax>
      <ymax>173.83815028901734</ymax>
    </bndbox>
  </object>
  <object>
    <name>Medicine</name>
    <pose/>
    <truncated/>
    <difficult/>
    <bndbox>
      <xmin>463.29479768786115</xmin>
      <ymin>182.50867052023125</ymin>
      <xmax>470.80924855491327</xmax>
      <ymax>192.91329479768788</ymax>
    </bndbox>
  </object>
  <object>
    <name>Medicine</name>
    <pose/>
    <truncated/>
    <difficult/>
    <bndbox>
      <xmin>477.4566473988438</xmin>
      <ymin>182.79768786127175</ymin>
      <xmax>487.8612716763006</xmax>
      <ymax>197.82658959537576</ymax>
    </bndbox>
  </object>
</annotation>
