<annotation>
  <folder/>
  <filename>12341.jpg</filename>
  <database/>
  <annotation/>
  <image/>
  <size>
    <height>360</height>
    <width>640</width>
    <depth>3</depth>
  </size>
  <segmented/>
  <object>
    <name>InfusionBag</name>
    <pose/>
    <truncated/>
    <difficult/>
    <bndbox>
      <xmin>281.50289017341026</xmin>
      <ymin>11.410404624277511</ymin>
      <xmax>300.8670520231214</xmax>
      <ymax>41.46820809248555</ymax>
    </bndbox>
  </object>
  <object>
    <name>Person</name>
    <pose/>
    <truncated/>
    <difficult/>
    <bndbox>
      <xmin>105.78034682080923</xmin>
      <ymin>132.2196531791908</ymin>
      <xmax>393.9306358381503</xmax>
      <ymax>295.514450867052</ymax>
    </bndbox>
  </object>
  <object>
    <name>Bottle</name>
    <pose/>
    <truncated/>
    <difficult/>
    <bndbox>
      <xmin>448.26589595375725</xmin>
      <ymin>150.71676300578036</ymin>
      <xmax>470.5202312138728</xmax>
      <ymax>188.8670520231214</ymax>
    </bndbox>
  </object>
  <object>
    <name>Medicine</name>
    <pose/>
    <truncated/>
    <difficult/>
    <bndbox>
      <xmin>452.89017341040454</xmin>
      <ymin>195.80346820809248</ymin>
      <xmax>462.4277456647399</xmax>
      <ymax>209.09826589595377</ymax>
    </bndbox>
  </object>
  <object>
    <name>Medicine</name>
    <pose/>
    <truncated/>
    <difficult/>
    <bndbox>
      <xmin>466.47398843930625</xmin>
      <ymin>196.95953757225442</ymin>
      <xmax>480.9248554913295</xmax>
      <ymax>214.878612716763</ymax>
    </bndbox>
  </object>
</annotation>
