<annotation>
  <folder/>
  <filename>12347.jpg</filename>
  <database/>
  <annotation/>
  <image/>
  <size>
    <height>360</height>
    <width>640</width>
    <depth>3</depth>
  </size>
  <segmented/>
  <object>
    <name>InfusionBag</name>
    <pose/>
    <truncated/>
    <difficult/>
    <bndbox>
      <xmin>276.5895953757224</xmin>
      <ymin>17.19075144508676</ymin>
      <xmax>295.95375722543355</xmax>
      <ymax>47.2485549132948</ymax>
    </bndbox>
  </object>
  <object>
    <name>Person</name>
    <pose/>
    <truncated/>
    <difficult/>
    <bndbox>
      <xmin>82.9479768786127</xmin>
      <ymin>135.68786127167635</ymin>
      <xmax>387.8612716763006</xmax>
      <ymax>303.3179190751445</ymax>
    </bndbox>
  </object>
  <object>
    <name>Bottle</name>
    <pose/>
    <truncated/>
    <difficult/>
    <bndbox>
      <xmin>441.9075144508671</xmin>
      <ymin>159.09826589595377</ymin>
      <xmax>464.16184971098266</xmax>
      <ymax>197.2485549132948</ymax>
    </bndbox>
  </object>
  <object>
    <name>Medicine</name>
    <pose/>
    <truncated/>
    <difficult/>
    <bndbox>
      <xmin>443.06358381502884</xmin>
      <ymin>206.4971098265896</ymin>
      <xmax>452.6011560693642</xmax>
      <ymax>219.79190751445088</ymax>
    </bndbox>
  </object>
  <object>
    <name>Medicine</name>
    <pose/>
    <truncated/>
    <difficult/>
    <bndbox>
      <xmin>457.8034682080924</xmin>
      <ymin>208.5202312138729</ymin>
      <xmax>473.121387283237</xmax>
      <ymax>226.72832369942196</ymax>
    </bndbox>
  </object>
</annotation>
