<annotation>
  <folder/>
  <filename>12353.jpg</filename>
  <database/>
  <annotation/>
  <image/>
  <size>
    <height>360</height>
    <width>640</width>
    <depth>3</depth>
  </size>
  <segmented/>
  <object>
    <name>InfusionBag</name>
    <pose/>
    <truncated/>
    <difficult/>
    <bndbox>
      <xmin>277.4566473988438</xmin>
      <ymin>20.94797687861277</ymin>
      <xmax>297.97687861271675</xmax>
      <ymax>54.763005780346816</ymax>
    </bndbox>
  </object>
  <object>
    <name>Person</name>
    <pose/>
    <truncated/>
    <difficult/>
    <bndbox>
      <xmin>77.4566473988439</xmin>
      <ymin>133.08670520231217</ymin>
      <xmax>385.5491329479769</xmax>
      <ymax>302.4508670520231</ymax>
    </bndbox>
  </object>
  <object>
    <name>Bottle</name>
    <pose/>
    <truncated/>
    <difficult/>
    <bndbox>
      <xmin>442.48554913294805</xmin>
      <ymin>165.7456647398844</ymin>
      <xmax>464.7398843930636</xmax>
      <ymax>203.89595375722544</ymax>
    </bndbox>
  </object>
  <object>
    <name>Medicine</name>
    <pose/>
    <truncated/>
    <difficult/>
    <bndbox>
      <xmin>442.48554913294794</xmin>
      <ymin>212.5664739884393</ymin>
      <xmax>452.0231213872833</xmax>
      <ymax>225.8612716763006</ymax>
    </bndbox>
  </object>
  <object>
    <name>Medicine</name>
    <pose/>
    <truncated/>
    <difficult/>
    <bndbox>
      <xmin>455.4913294797687</xmin>
      <ymin>214.8786127167631</ymin>
      <xmax>471.9653179190752</xmax>
      <ymax>235.10982658959537</ymax>
    </bndbox>
  </object>
</annotation>
