<annotation>
  <folder/>
  <filename>12371.jpg</filename>
  <database/>
  <annotation/>
  <image/>
  <size>
    <height>360</height>
    <width>640</width>
    <depth>3</depth>
  </size>
  <segmented/>
  <object>
    <name>InfusionBag</name>
    <pose/>
    <truncated/>
    <difficult/>
    <bndbox>
      <xmin>278.9017341040461</xmin>
      <ymin>23.260115606936466</ymin>
      <xmax>299.42196531791905</xmax>
      <ymax>57.07514450867051</ymax>
    </bndbox>
  </object>
  <object>
    <name>Person</name>
    <pose/>
    <truncated/>
    <difficult/>
    <bndbox>
      <xmin>76.0115606936416</xmin>
      <ymin>134.82080924855495</ymin>
      <xmax>390.46242774566474</xmax>
      <ymax>306.78612716762996</ymax>
    </bndbox>
  </object>
  <object>
    <name>Bottle</name>
    <pose/>
    <truncated/>
    <difficult/>
    <bndbox>
      <xmin>446.820809248555</xmin>
      <ymin>168.9248554913295</ymin>
      <xmax>469.0751445086706</xmax>
      <ymax>207.07514450867055</ymax>
    </bndbox>
  </object>
  <object>
    <name>Medicine</name>
    <pose/>
    <truncated/>
    <difficult/>
    <bndbox>
      <xmin>445.95375722543343</xmin>
      <ymin>216.90173410404626</ymin>
      <xmax>455.4913294797688</xmax>
      <ymax>230.19653179190755</ymax>
    </bndbox>
  </object>
  <object>
    <name>Medicine</name>
    <pose/>
    <truncated/>
    <difficult/>
    <bndbox>
      <xmin>459.53757225433515</xmin>
      <ymin>220.65895953757234</ymin>
      <xmax>476.0115606936416</xmax>
      <ymax>240.89017341040463</ymax>
    </bndbox>
  </object>
</annotation>
