<annotation>
  <folder/>
  <filename>12377.jpg</filename>
  <database/>
  <annotation/>
  <image/>
  <size>
    <height>360</height>
    <width>640</width>
    <depth>3</depth>
  </size>
  <segmented/>
  <object>
    <name>InfusionBag</name>
    <pose/>
    <truncated/>
    <difficult/>
    <bndbox>
      <xmin>280.92485549132937</xmin>
      <ymin>24.416184971098318</ymin>
      <xmax>301.4450867052023</xmax>
      <ymax>58.23121387283236</ymax>
    </bndbox>
  </object>
  <object>
    <name>Person</name>
    <pose/>
    <truncated/>
    <difficult/>
    <bndbox>
      <xmin>76.0115606936416</xmin>
      <ymin>134.82080924855495</ymin>
      <xmax>390.46242774566474</xmax>
      <ymax>306.78612716762996</ymax>
    </bndbox>
  </object>
  <object>
    <name>Bottle</name>
    <pose/>
    <truncated/>
    <difficult/>
    <bndbox>
      <xmin>449.7109826589596</xmin>
      <ymin>170.6589595375723</ymin>
      <xmax>471.9653179190752</xmax>
      <ymax>208.80924855491332</ymax>
    </bndbox>
  </object>
  <object>
    <name>Medicine</name>
    <pose/>
    <truncated/>
    <difficult/>
    <bndbox>
      <xmin>446.82080924855484</xmin>
      <ymin>217.76878612716763</ymin>
      <xmax>456.3583815028902</xmax>
      <ymax>231.06358381502892</ymax>
    </bndbox>
  </object>
  <object>
    <name>Medicine</name>
    <pose/>
    <truncated/>
    <difficult/>
    <bndbox>
      <xmin>461.2716763005779</xmin>
      <ymin>221.23699421965327</ymin>
      <xmax>477.7456647398844</xmax>
      <ymax>241.46820809248555</ymax>
    </bndbox>
  </object>
</annotation>
