<annotation>
  <folder/>
  <filename>13035.jpg</filename>
  <database/>
  <annotation/>
  <image/>
  <size>
    <height>360</height>
    <width>640</width>
    <depth>3</depth>
  </size>
  <segmented/>
  <object>
    <name>InfusionBag</name>
    <pose/>
    <truncated/>
    <difficult/>
    <bndbox>
      <xmin>167.3410404624276</xmin>
      <ymin>47.826589595375786</ymin>
      <xmax>192.77456647398844</xmax>
      <ymax>118.0578034682081</ymax>
    </bndbox>
  </object>
  <object>
    <name>Person</name>
    <pose/>
    <truncated/>
    <difficult/>
    <bndbox>
      <xmin>171.96531791907506</xmin>
      <ymin>165.74566473988443</ymin>
      <xmax>470.8092485549133</xmax>
      <ymax>275.28323699421964</ymax>
    </bndbox>
  </object>
  <object>
    <name>Medicine</name>
    <pose/>
    <truncated/>
    <difficult/>
    <bndbox>
      <xmin>232.94797687861256</xmin>
      <ymin>143.78034682080937</ymin>
      <xmax>241.6184971098266</xmax>
      <ymax>157.07514450867052</ymax>
    </bndbox>
  </object>
  <object>
    <name>Medicine</name>
    <pose/>
    <truncated/>
    <difficult/>
    <bndbox>
      <xmin>226.87861271676303</xmin>
      <ymin>148.6936416184971</ymin>
      <xmax>233.81502890173414</xmax>
      <ymax>161.121387283237</ymax>
    </bndbox>
  </object>
</annotation>
