<annotation>
  <folder/>
  <filename>13047.jpg</filename>
  <database/>
  <annotation/>
  <image/>
  <size>
    <height>360</height>
    <width>640</width>
    <depth>3</depth>
  </size>
  <segmented/>
  <object>
    <name>InfusionBag</name>
    <pose/>
    <truncated/>
    <difficult/>
    <bndbox>
      <xmin>154.62427745664723</xmin>
      <ymin>44.35838150289023</ymin>
      <xmax>180.34682080924856</xmax>
      <ymax>110.2543352601156</ymax>
    </bndbox>
  </object>
  <object>
    <name>Person</name>
    <pose/>
    <truncated/>
    <difficult/>
    <bndbox>
      <xmin>180.63583815028892</xmin>
      <ymin>164.30057803468213</ymin>
      <xmax>480.63583815028903</xmax>
      <ymax>280.1965317919075</ymax>
    </bndbox>
  </object>
  <object>
    <name>Medicine</name>
    <pose/>
    <truncated/>
    <difficult/>
    <bndbox>
      <xmin>248.26589595375705</xmin>
      <ymin>136.84393063583826</ymin>
      <xmax>255.20231213872833</xmax>
      <ymax>148.40462427745663</ymax>
    </bndbox>
  </object>
  <object>
    <name>Medicine</name>
    <pose/>
    <truncated/>
    <difficult/>
    <bndbox>
      <xmin>242.485549132948</xmin>
      <ymin>142.04624277456648</ymin>
      <xmax>248.84393063583815</xmax>
      <ymax>153.02890173410404</ymax>
    </bndbox>
  </object>
</annotation>
