<annotation>
  <folder/>
  <filename>13041.jpg</filename>
  <database/>
  <annotation/>
  <image/>
  <size>
    <height>360</height>
    <width>640</width>
    <depth>3</depth>
  </size>
  <segmented/>
  <object>
    <name>InfusionBag</name>
    <pose/>
    <truncated/>
    <difficult/>
    <bndbox>
      <xmin>160.4046242774565</xmin>
      <ymin>48.11560693641625</ymin>
      <xmax>186.1271676300578</xmax>
      <ymax>114.01156069364161</ymax>
    </bndbox>
  </object>
  <object>
    <name>Person</name>
    <pose/>
    <truncated/>
    <difficult/>
    <bndbox>
      <xmin>171.96531791907506</xmin>
      <ymin>165.74566473988443</ymin>
      <xmax>470.8092485549133</xmax>
      <ymax>275.28323699421964</ymax>
    </bndbox>
  </object>
  <object>
    <name>Medicine</name>
    <pose/>
    <truncated/>
    <difficult/>
    <bndbox>
      <xmin>241.0404624277455</xmin>
      <ymin>139.44508670520244</ymin>
      <xmax>247.97687861271677</xmax>
      <ymax>151.0057803468208</ymax>
    </bndbox>
  </object>
  <object>
    <name>Medicine</name>
    <pose/>
    <truncated/>
    <difficult/>
    <bndbox>
      <xmin>234.6820809248555</xmin>
      <ymin>145.51445086705203</ymin>
      <xmax>241.04046242774567</xmax>
      <ymax>156.4971098265896</ymax>
    </bndbox>
  </object>
</annotation>
