<annotation>
  <folder/>
  <filename>1305.jpg</filename>
  <database/>
  <annotation/>
  <image/>
  <size>
    <height>360</height>
    <width>640</width>
    <depth>3</depth>
  </size>
  <segmented/>
  <object>
    <name>InfusionBag</name>
    <pose/>
    <truncated/>
    <difficult/>
    <bndbox>
      <xmin>302.0231213872831</xmin>
      <ymin>0.7167630057804075</ymin>
      <xmax>324.5664739884393</xmax>
      <ymax>32.21965317919075</ymax>
    </bndbox>
  </object>
  <object>
    <name>Person</name>
    <pose/>
    <truncated/>
    <difficult/>
    <bndbox>
      <xmin>41.32947976878613</xmin>
      <ymin>161.41040462427745</ymin>
      <xmax>401.15606936416185</xmax>
      <ymax>303.02890173410407</ymax>
    </bndbox>
  </object>
  <object>
    <name>Medicine</name>
    <pose/>
    <truncated/>
    <difficult/>
    <bndbox>
      <xmin>553.4682080924857</xmin>
      <ymin>226.43930635838151</ymin>
      <xmax>565.8959537572256</xmax>
      <ymax>248.11560693641619</ymax>
    </bndbox>
  </object>
  <object>
    <name>Person</name>
    <pose/>
    <truncated/>
    <difficult/>
    <bndbox>
      <xmin>334.39306358381504</xmin>
      <ymin>51.29479768786127</ymin>
      <xmax>507</xmax>
      <ymax>359</ymax>
    </bndbox>
  </object>
</annotation>
