<annotation>
  <folder/>
  <filename>13065.jpg</filename>
  <database/>
  <annotation/>
  <image/>
  <size>
    <height>360</height>
    <width>640</width>
    <depth>3</depth>
  </size>
  <segmented/>
  <object>
    <name>InfusionBag</name>
    <pose/>
    <truncated/>
    <difficult/>
    <bndbox>
      <xmin>145.95375722543332</xmin>
      <ymin>34.82080924855497</ymin>
      <xmax>177.45664739884393</xmax>
      <ymax>108.23121387283237</ymax>
    </bndbox>
  </object>
  <object>
    <name>Person</name>
    <pose/>
    <truncated/>
    <difficult/>
    <bndbox>
      <xmin>199.13294797687863</xmin>
      <ymin>160.2543352601156</ymin>
      <xmax>484.39306358381504</xmax>
      <ymax>296.6705202312139</ymax>
    </bndbox>
  </object>
  <object>
    <name>Medicine</name>
    <pose/>
    <truncated/>
    <difficult/>
    <bndbox>
      <xmin>277.4566473988439</xmin>
      <ymin>131.3526011560694</ymin>
      <xmax>284.97109826589593</xmax>
      <ymax>144.93641618497114</ymax>
    </bndbox>
  </object>
  <object>
    <name>Medicine</name>
    <pose/>
    <truncated/>
    <difficult/>
    <bndbox>
      <xmin>270.8092485549134</xmin>
      <ymin>135.68786127167627</ymin>
      <xmax>277.4566473988439</xmax>
      <ymax>148.40462427745666</ymax>
    </bndbox>
  </object>
</annotation>
