<annotation>
  <folder/>
  <filename>13077.jpg</filename>
  <database/>
  <annotation/>
  <image/>
  <size>
    <height>360</height>
    <width>640</width>
    <depth>3</depth>
  </size>
  <segmented/>
  <object>
    <name>InfusionBag</name>
    <pose/>
    <truncated/>
    <difficult/>
    <bndbox>
      <xmin>120.23121387283217</xmin>
      <ymin>16.612716763005842</ymin>
      <xmax>151.73410404624278</xmax>
      <ymax>90.02312138728324</ymax>
    </bndbox>
  </object>
  <object>
    <name>Person</name>
    <pose/>
    <truncated/>
    <difficult/>
    <bndbox>
      <xmin>199.42196531791913</xmin>
      <ymin>148.40462427745666</ymin>
      <xmax>465.8959537572254</xmax>
      <ymax>295.514450867052</ymax>
    </bndbox>
  </object>
  <object>
    <name>Medicine</name>
    <pose/>
    <truncated/>
    <difficult/>
    <bndbox>
      <xmin>284.39306358381504</xmin>
      <ymin>124.12716763005781</ymin>
      <xmax>291.90751445086704</xmax>
      <ymax>137.71098265895955</ymax>
    </bndbox>
  </object>
  <object>
    <name>Medicine</name>
    <pose/>
    <truncated/>
    <difficult/>
    <bndbox>
      <xmin>277.74566473988455</xmin>
      <ymin>128.17341040462426</ymin>
      <xmax>284.1040462427746</xmax>
      <ymax>139.4450867052023</ymax>
    </bndbox>
  </object>
</annotation>
