<annotation>
  <folder/>
  <filename>13083.jpg</filename>
  <database/>
  <annotation/>
  <image/>
  <size>
    <height>360</height>
    <width>640</width>
    <depth>3</depth>
  </size>
  <segmented/>
  <object>
    <name>InfusionBag</name>
    <pose/>
    <truncated/>
    <difficult/>
    <bndbox>
      <xmin>116.47398843930614</xmin>
      <ymin>17.768786127167694</ymin>
      <xmax>147.97687861271675</xmax>
      <ymax>91.17919075144509</ymax>
    </bndbox>
  </object>
  <object>
    <name>Person</name>
    <pose/>
    <truncated/>
    <difficult/>
    <bndbox>
      <xmin>199.42196531791913</xmin>
      <ymin>148.40462427745666</ymin>
      <xmax>465.8959537572254</xmax>
      <ymax>295.514450867052</ymax>
    </bndbox>
  </object>
  <object>
    <name>Medicine</name>
    <pose/>
    <truncated/>
    <difficult/>
    <bndbox>
      <xmin>288.72832369942194</xmin>
      <ymin>122.10404624277459</ymin>
      <xmax>296.24277456647394</xmax>
      <ymax>135.68786127167633</ymax>
    </bndbox>
  </object>
  <object>
    <name>Medicine</name>
    <pose/>
    <truncated/>
    <difficult/>
    <bndbox>
      <xmin>282.3699421965319</xmin>
      <ymin>126.43930635838149</ymin>
      <xmax>288.72832369942194</xmax>
      <ymax>137.71098265895952</ymax>
    </bndbox>
  </object>
</annotation>
