<annotation>
  <folder/>
  <filename>13095.jpg</filename>
  <database/>
  <annotation/>
  <image/>
  <size>
    <height>360</height>
    <width>640</width>
    <depth>3</depth>
  </size>
  <segmented/>
  <object>
    <name>InfusionBag</name>
    <pose/>
    <truncated/>
    <difficult/>
    <bndbox>
      <xmin>116.47398843930614</xmin>
      <ymin>17.768786127167694</ymin>
      <xmax>150.8670520231214</xmax>
      <ymax>82.21965317919076</ymax>
    </bndbox>
  </object>
  <object>
    <name>Person</name>
    <pose/>
    <truncated/>
    <difficult/>
    <bndbox>
      <xmin>205.49132947976884</xmin>
      <ymin>141.1791907514451</ymin>
      <xmax>458.09248554913296</xmax>
      <ymax>303.3179190751445</ymax>
    </bndbox>
  </object>
  <object>
    <name>Medicine</name>
    <pose/>
    <truncated/>
    <difficult/>
    <bndbox>
      <xmin>308.67052023121386</xmin>
      <ymin>119.50289017341046</ymin>
      <xmax>316.18497109826586</xmax>
      <ymax>133.0867052023122</ymax>
    </bndbox>
  </object>
  <object>
    <name>Medicine</name>
    <pose/>
    <truncated/>
    <difficult/>
    <bndbox>
      <xmin>300.578034682081</xmin>
      <ymin>123.26011560693638</ymin>
      <xmax>306.93641618497105</xmax>
      <ymax>134.53179190751442</ymax>
    </bndbox>
  </object>
</annotation>
