<annotation>
  <folder/>
  <filename>13101.jpg</filename>
  <database/>
  <annotation/>
  <image/>
  <size>
    <height>360</height>
    <width>640</width>
    <depth>3</depth>
  </size>
  <segmented/>
  <object>
    <name>InfusionBag</name>
    <pose/>
    <truncated/>
    <difficult/>
    <bndbox>
      <xmin>120.52023121387262</xmin>
      <ymin>16.901734104046305</ymin>
      <xmax>155.78034682080926</xmax>
      <ymax>81.64161849710983</ymax>
    </bndbox>
  </object>
  <object>
    <name>Person</name>
    <pose/>
    <truncated/>
    <difficult/>
    <bndbox>
      <xmin>205.49132947976884</xmin>
      <ymin>141.1791907514451</ymin>
      <xmax>458.09248554913296</xmax>
      <ymax>312.5664739884393</ymax>
    </bndbox>
  </object>
  <object>
    <name>Medicine</name>
    <pose/>
    <truncated/>
    <difficult/>
    <bndbox>
      <xmin>319.0751445086705</xmin>
      <ymin>118.63583815028909</ymin>
      <xmax>326.5895953757225</xmax>
      <ymax>132.21965317919083</ymax>
    </bndbox>
  </object>
  <object>
    <name>Medicine</name>
    <pose/>
    <truncated/>
    <difficult/>
    <bndbox>
      <xmin>312.7167630057805</xmin>
      <ymin>122.10404624277453</ymin>
      <xmax>319.0751445086705</xmax>
      <ymax>133.37572254335257</ymax>
    </bndbox>
  </object>
</annotation>
