<annotation>
  <folder/>
  <filename>13113.jpg</filename>
  <database/>
  <annotation/>
  <image/>
  <size>
    <height>360</height>
    <width>640</width>
    <depth>3</depth>
  </size>
  <segmented/>
  <object>
    <name>InfusionBag</name>
    <pose/>
    <truncated/>
    <difficult/>
    <bndbox>
      <xmin>121.67630057803447</xmin>
      <ymin>7.075144508670583</ymin>
      <xmax>156.9364161849711</xmax>
      <ymax>71.81502890173411</ymax>
    </bndbox>
  </object>
  <object>
    <name>Person</name>
    <pose/>
    <truncated/>
    <difficult/>
    <bndbox>
      <xmin>228.0346820809249</xmin>
      <ymin>135.97687861271677</ymin>
      <xmax>450.8670520231214</xmax>
      <ymax>322.1040462427746</ymax>
    </bndbox>
  </object>
  <object>
    <name>Medicine</name>
    <pose/>
    <truncated/>
    <difficult/>
    <bndbox>
      <xmin>338.4393063583815</xmin>
      <ymin>116.90173410404631</ymin>
      <xmax>345.9537572254335</xmax>
      <ymax>130.48554913294805</ymax>
    </bndbox>
  </object>
  <object>
    <name>Medicine</name>
    <pose/>
    <truncated/>
    <difficult/>
    <bndbox>
      <xmin>330.3468208092487</xmin>
      <ymin>120.9479768786127</ymin>
      <xmax>336.70520231213874</xmax>
      <ymax>132.21965317919074</ymax>
    </bndbox>
  </object>
</annotation>
