<annotation>
  <folder/>
  <filename>1312.jpg</filename>
  <database/>
  <annotation/>
  <image/>
  <size>
    <height>360</height>
    <width>640</width>
    <depth>3</depth>
  </size>
  <segmented/>
  <object>
    <name>InfusionBag</name>
    <pose/>
    <truncated/>
    <difficult/>
    <bndbox>
      <xmin>293.35260115606917</xmin>
      <ymin>0.7167630057804146</ymin>
      <xmax>323.9884393063584</xmax>
      <ymax>35.10982658959538</ymax>
    </bndbox>
  </object>
  <object>
    <name>Person</name>
    <pose/>
    <truncated/>
    <difficult/>
    <bndbox>
      <xmin>35.83815028901734</xmin>
      <ymin>166.32369942196533</ymin>
      <xmax>402.60115606936415</xmax>
      <ymax>306.2080924855491</ymax>
    </bndbox>
  </object>
  <object>
    <name>Medicine</name>
    <pose/>
    <truncated/>
    <difficult/>
    <bndbox>
      <xmin>555.2023121387283</xmin>
      <ymin>225.57225433526017</ymin>
      <xmax>567.6300578034682</xmax>
      <ymax>250.71676300578036</ymax>
    </bndbox>
  </object>
  <object>
    <name>Person</name>
    <pose/>
    <truncated/>
    <difficult/>
    <bndbox>
      <xmin>336.1271676300578</xmin>
      <ymin>51.58381502890173</ymin>
      <xmax>496.242774566474</xmax>
      <ymax>357.0751445086705</ymax>
    </bndbox>
  </object>
</annotation>
