<annotation>
  <folder/>
  <filename>13125.jpg</filename>
  <database/>
  <annotation/>
  <image/>
  <size>
    <height>360</height>
    <width>640</width>
    <depth>3</depth>
  </size>
  <segmented/>
  <object>
    <name>InfusionBag</name>
    <pose/>
    <truncated/>
    <difficult/>
    <bndbox>
      <xmin>112.71676300578014</xmin>
      <ymin>5.630057803468276</ymin>
      <xmax>147.97687861271677</xmax>
      <ymax>70.3699421965318</ymax>
    </bndbox>
  </object>
  <object>
    <name>Person</name>
    <pose/>
    <truncated/>
    <difficult/>
    <bndbox>
      <xmin>220.2312138728324</xmin>
      <ymin>129.04046242774567</ymin>
      <xmax>403.1791907514451</xmax>
      <ymax>315.1676300578035</ymax>
    </bndbox>
  </object>
  <object>
    <name>Medicine</name>
    <pose/>
    <truncated/>
    <difficult/>
    <bndbox>
      <xmin>340.7514450867052</xmin>
      <ymin>114.87861271676306</ymin>
      <xmax>348.2658959537572</xmax>
      <ymax>128.4624277456648</ymax>
    </bndbox>
  </object>
  <object>
    <name>Medicine</name>
    <pose/>
    <truncated/>
    <difficult/>
    <bndbox>
      <xmin>332.6589595375724</xmin>
      <ymin>118.635838150289</ymin>
      <xmax>339.01734104046244</xmax>
      <ymax>129.90751445086704</ymax>
    </bndbox>
  </object>
</annotation>
