<annotation>
  <folder/>
  <filename>13131.jpg</filename>
  <database/>
  <annotation/>
  <image/>
  <size>
    <height>360</height>
    <width>640</width>
    <depth>3</depth>
  </size>
  <segmented/>
  <object>
    <name>InfusionBag</name>
    <pose/>
    <truncated/>
    <difficult/>
    <bndbox>
      <xmin>105.49132947976858</xmin>
      <ymin>5.341040462427827</ymin>
      <xmax>142.77456647398844</xmax>
      <ymax>66.32369942196532</ymax>
    </bndbox>
  </object>
  <object>
    <name>Person</name>
    <pose/>
    <truncated/>
    <difficult/>
    <bndbox>
      <xmin>215.31791907514454</xmin>
      <ymin>130.48554913294797</ymin>
      <xmax>398.26589595375725</xmax>
      <ymax>316.6127167630058</ymax>
    </bndbox>
  </object>
  <object>
    <name>Medicine</name>
    <pose/>
    <truncated/>
    <difficult/>
    <bndbox>
      <xmin>347.10982658959534</xmin>
      <ymin>116.90173410404628</ymin>
      <xmax>354.62427745664735</xmax>
      <ymax>130.48554913294802</ymax>
    </bndbox>
  </object>
  <object>
    <name>Medicine</name>
    <pose/>
    <truncated/>
    <difficult/>
    <bndbox>
      <xmin>337.86127167630076</xmin>
      <ymin>120.0809248554913</ymin>
      <xmax>344.2196531791908</xmax>
      <ymax>131.35260115606934</ymax>
    </bndbox>
  </object>
</annotation>
