<annotation>
  <folder/>
  <filename>13161.jpg</filename>
  <database/>
  <annotation/>
  <image/>
  <size>
    <height>360</height>
    <width>640</width>
    <depth>3</depth>
  </size>
  <segmented/>
  <object>
    <name>InfusionBag</name>
    <pose/>
    <truncated/>
    <difficult/>
    <bndbox>
      <xmin>139.8843930635836</xmin>
      <ymin>8.231213872832448</ymin>
      <xmax>170.52023121387282</xmax>
      <ymax>59.38728323699423</ymax>
    </bndbox>
  </object>
  <object>
    <name>Person</name>
    <pose/>
    <truncated/>
    <difficult/>
    <bndbox>
      <xmin>232.9479768786127</xmin>
      <ymin>125.86127167630059</ymin>
      <xmax>358.3815028901734</xmax>
      <ymax>318.9248554913295</ymax>
    </bndbox>
  </object>
  <object>
    <name>Medicine</name>
    <pose/>
    <truncated/>
    <difficult/>
    <bndbox>
      <xmin>393.9306358381504</xmin>
      <ymin>122.97109826589596</ymin>
      <xmax>401.4450867052024</xmax>
      <ymax>136.5549132947977</ymax>
    </bndbox>
  </object>
  <object>
    <name>Medicine</name>
    <pose/>
    <truncated/>
    <difficult/>
    <bndbox>
      <xmin>385.26011560693655</xmin>
      <ymin>125.57225433526008</ymin>
      <xmax>391.6184971098266</xmax>
      <ymax>136.84393063583812</ymax>
    </bndbox>
  </object>
</annotation>
