<annotation>
  <folder/>
  <filename>13179.jpg</filename>
  <database/>
  <annotation/>
  <image/>
  <size>
    <height>360</height>
    <width>640</width>
    <depth>3</depth>
  </size>
  <segmented/>
  <object>
    <name>InfusionBag</name>
    <pose/>
    <truncated/>
    <difficult/>
    <bndbox>
      <xmin>151.15606936416165</xmin>
      <ymin>16.612716763005864</ymin>
      <xmax>180.34682080924856</xmax>
      <ymax>66.03468208092485</ymax>
    </bndbox>
  </object>
  <object>
    <name>Person</name>
    <pose/>
    <truncated/>
    <difficult/>
    <bndbox>
      <xmin>232.9479768786127</xmin>
      <ymin>125.86127167630059</ymin>
      <xmax>353.1791907514451</xmax>
      <ymax>314.5895953757225</ymax>
    </bndbox>
  </object>
  <object>
    <name>Medicine</name>
    <pose/>
    <truncated/>
    <difficult/>
    <bndbox>
      <xmin>402.6011560693643</xmin>
      <ymin>133.95375722543358</ymin>
      <xmax>410.1156069364163</xmax>
      <ymax>147.53757225433532</ymax>
    </bndbox>
  </object>
  <object>
    <name>Medicine</name>
    <pose/>
    <truncated/>
    <difficult/>
    <bndbox>
      <xmin>393.93063583815047</xmin>
      <ymin>136.5549132947977</ymin>
      <xmax>400.2890173410405</xmax>
      <ymax>147.82658959537574</ymax>
    </bndbox>
  </object>
</annotation>
