<annotation>
  <folder/>
  <filename>13185.jpg</filename>
  <database/>
  <annotation/>
  <image/>
  <size>
    <height>360</height>
    <width>640</width>
    <depth>3</depth>
  </size>
  <segmented/>
  <object>
    <name>InfusionBag</name>
    <pose/>
    <truncated/>
    <difficult/>
    <bndbox>
      <xmin>161.5606936416183</xmin>
      <ymin>19.791907514450948</ymin>
      <xmax>190.7514450867052</xmax>
      <ymax>69.21387283236994</ymax>
    </bndbox>
  </object>
  <object>
    <name>Person</name>
    <pose/>
    <truncated/>
    <difficult/>
    <bndbox>
      <xmin>232.9479768786127</xmin>
      <ymin>125.86127167630059</ymin>
      <xmax>353.1791907514451</xmax>
      <ymax>314.5895953757225</ymax>
    </bndbox>
  </object>
  <object>
    <name>Medicine</name>
    <pose/>
    <truncated/>
    <difficult/>
    <bndbox>
      <xmin>409.248554913295</xmin>
      <ymin>136.8439306358382</ymin>
      <xmax>416.763005780347</xmax>
      <ymax>150.42774566473994</ymax>
    </bndbox>
  </object>
  <object>
    <name>Medicine</name>
    <pose/>
    <truncated/>
    <difficult/>
    <bndbox>
      <xmin>401.156069364162</xmin>
      <ymin>137.71098265895955</ymin>
      <xmax>407.51445086705206</xmax>
      <ymax>148.9826589595376</ymax>
    </bndbox>
  </object>
</annotation>
