<annotation>
  <folder/>
  <filename>13197.jpg</filename>
  <database/>
  <annotation/>
  <image/>
  <size>
    <height>360</height>
    <width>640</width>
    <depth>3</depth>
  </size>
  <segmented/>
  <object>
    <name>InfusionBag</name>
    <pose/>
    <truncated/>
    <difficult/>
    <bndbox>
      <xmin>184.39306358381484</xmin>
      <ymin>11.69942196531801</ymin>
      <xmax>214.4508670520231</xmax>
      <ymax>57.36416184971099</ymax>
    </bndbox>
  </object>
  <object>
    <name>Person</name>
    <pose/>
    <truncated/>
    <difficult/>
    <bndbox>
      <xmin>233.2369942196532</xmin>
      <ymin>125.28323699421964</ymin>
      <xmax>368.78612716763007</xmax>
      <ymax>308.23121387283237</ymax>
    </bndbox>
  </object>
  <object>
    <name>Medicine</name>
    <pose/>
    <truncated/>
    <difficult/>
    <bndbox>
      <xmin>432.94797687861296</xmin>
      <ymin>134.5317919075145</ymin>
      <xmax>440.46242774566497</xmax>
      <ymax>148.11560693641624</ymax>
    </bndbox>
  </object>
  <object>
    <name>Medicine</name>
    <pose/>
    <truncated/>
    <difficult/>
    <bndbox>
      <xmin>424.27745664739905</xmin>
      <ymin>136.26589595375725</ymin>
      <xmax>430.6358381502891</xmax>
      <ymax>147.5375722543353</ymax>
    </bndbox>
  </object>
</annotation>
