<annotation>
  <folder/>
  <filename>13203.jpg</filename>
  <database/>
  <annotation/>
  <image/>
  <size>
    <height>360</height>
    <width>640</width>
    <depth>3</depth>
  </size>
  <segmented/>
  <object>
    <name>InfusionBag</name>
    <pose/>
    <truncated/>
    <difficult/>
    <bndbox>
      <xmin>191.32947976878592</xmin>
      <ymin>1.5838150289018245</ymin>
      <xmax>222.54335260115607</xmax>
      <ymax>45.225433526011564</ymax>
    </bndbox>
  </object>
  <object>
    <name>Person</name>
    <pose/>
    <truncated/>
    <difficult/>
    <bndbox>
      <xmin>222.8323699421966</xmin>
      <ymin>107.65317919075142</ymin>
      <xmax>371.0982658959538</xmax>
      <ymax>288.57803468208095</ymax>
    </bndbox>
  </object>
  <object>
    <name>Medicine</name>
    <pose/>
    <truncated/>
    <difficult/>
    <bndbox>
      <xmin>439.88439306358407</xmin>
      <ymin>130.48554913294802</ymin>
      <xmax>447.3988439306361</xmax>
      <ymax>144.06936416184976</ymax>
    </bndbox>
  </object>
  <object>
    <name>Medicine</name>
    <pose/>
    <truncated/>
    <difficult/>
    <bndbox>
      <xmin>429.76878612716786</xmin>
      <ymin>131.9306358381503</ymin>
      <xmax>436.1271676300579</xmax>
      <ymax>143.20231213872833</ymax>
    </bndbox>
  </object>
</annotation>
