<annotation>
  <folder/>
  <filename>13209.jpg</filename>
  <database/>
  <annotation/>
  <image/>
  <size>
    <height>360</height>
    <width>640</width>
    <depth>3</depth>
  </size>
  <segmented/>
  <object>
    <name>InfusionBag</name>
    <pose/>
    <truncated/>
    <difficult/>
    <bndbox>
      <xmin>202.89017341040443</xmin>
      <ymin>3.0289017341041387</ymin>
      <xmax>224.5664739884393</xmax>
      <ymax>40.89017341040462</ymax>
    </bndbox>
  </object>
  <object>
    <name>Person</name>
    <pose/>
    <truncated/>
    <difficult/>
    <bndbox>
      <xmin>209.53757225433526</xmin>
      <ymin>116.90173410404626</ymin>
      <xmax>371.0982658959538</xmax>
      <ymax>281.35260115606934</ymax>
    </bndbox>
  </object>
  <object>
    <name>Medicine</name>
    <pose/>
    <truncated/>
    <difficult/>
    <bndbox>
      <xmin>441.6184971098268</xmin>
      <ymin>131.64161849710987</ymin>
      <xmax>449.1329479768788</xmax>
      <ymax>145.2254335260116</ymax>
    </bndbox>
  </object>
  <object>
    <name>Medicine</name>
    <pose/>
    <truncated/>
    <difficult/>
    <bndbox>
      <xmin>432.6589595375725</xmin>
      <ymin>132.7976878612717</ymin>
      <xmax>439.01734104046255</xmax>
      <ymax>144.06936416184973</ymax>
    </bndbox>
  </object>
</annotation>
