<annotation>
  <folder/>
  <filename>13239.jpg</filename>
  <database/>
  <annotation/>
  <image/>
  <size>
    <height>360</height>
    <width>640</width>
    <depth>3</depth>
  </size>
  <segmented/>
  <object>
    <name>InfusionBag</name>
    <pose/>
    <truncated/>
    <difficult/>
    <bndbox>
      <xmin>241.9075144508669</xmin>
      <ymin>7.364161849711081</ymin>
      <xmax>263.5838150289017</xmax>
      <ymax>45.22543352601155</ymax>
    </bndbox>
  </object>
  <object>
    <name>Person</name>
    <pose/>
    <truncated/>
    <difficult/>
    <bndbox>
      <xmin>200.28901734104048</xmin>
      <ymin>128.75144508670522</ymin>
      <xmax>398.26589595375725</xmax>
      <ymax>271.2369942196532</ymax>
    </bndbox>
  </object>
  <object>
    <name>Medicine</name>
    <pose/>
    <truncated/>
    <difficult/>
    <bndbox>
      <xmin>490.1734104046245</xmin>
      <ymin>150.7167630057804</ymin>
      <xmax>497.6878612716765</xmax>
      <ymax>164.30057803468213</ymax>
    </bndbox>
  </object>
  <object>
    <name>Medicine</name>
    <pose/>
    <truncated/>
    <difficult/>
    <bndbox>
      <xmin>480.92485549132977</xmin>
      <ymin>152.45086705202314</ymin>
      <xmax>487.2832369942198</xmax>
      <ymax>163.72254335260118</ymax>
    </bndbox>
  </object>
</annotation>
