<annotation>
  <folder/>
  <filename>13233.jpg</filename>
  <database/>
  <annotation/>
  <image/>
  <size>
    <height>360</height>
    <width>640</width>
    <depth>3</depth>
  </size>
  <segmented/>
  <object>
    <name>InfusionBag</name>
    <pose/>
    <truncated/>
    <difficult/>
    <bndbox>
      <xmin>232.6589595375721</xmin>
      <ymin>9.098265895953851</ymin>
      <xmax>254.33526011560696</xmax>
      <ymax>46.95953757225432</ymax>
    </bndbox>
  </object>
  <object>
    <name>Person</name>
    <pose/>
    <truncated/>
    <difficult/>
    <bndbox>
      <xmin>205.20231213872833</xmin>
      <ymin>124.70520231213874</ymin>
      <xmax>391.32947976878614</xmax>
      <ymax>273.26011560693644</ymax>
    </bndbox>
  </object>
  <object>
    <name>Medicine</name>
    <pose/>
    <truncated/>
    <difficult/>
    <bndbox>
      <xmin>478.61271676300606</xmin>
      <ymin>145.51445086705206</ymin>
      <xmax>486.12716763005807</xmax>
      <ymax>159.0982658959538</ymax>
    </bndbox>
  </object>
  <object>
    <name>Medicine</name>
    <pose/>
    <truncated/>
    <difficult/>
    <bndbox>
      <xmin>468.78612716763035</xmin>
      <ymin>148.6936416184971</ymin>
      <xmax>475.1445086705204</xmax>
      <ymax>159.96531791907515</ymax>
    </bndbox>
  </object>
</annotation>
