<annotation>
  <folder/>
  <filename>1324.jpg</filename>
  <database/>
  <annotation/>
  <image/>
  <size>
    <height>360</height>
    <width>640</width>
    <depth>3</depth>
  </size>
  <segmented/>
  <object>
    <name>InfusionBag</name>
    <pose/>
    <truncated/>
    <difficult/>
    <bndbox>
      <xmin>294.79768786127147</xmin>
      <ymin>0.13872832369952448</ymin>
      <xmax>309.53757225433526</xmax>
      <ymax>27.884393063583815</ymax>
    </bndbox>
  </object>
  <object>
    <name>Person</name>
    <pose/>
    <truncated/>
    <difficult/>
    <bndbox>
      <xmin>23.988439306358316</xmin>
      <ymin>167.1907514450867</ymin>
      <xmax>366.47398843930637</xmax>
      <ymax>306.78612716763007</ymax>
    </bndbox>
  </object>
  <object>
    <name>Medicine</name>
    <pose/>
    <truncated/>
    <difficult/>
    <bndbox>
      <xmin>556.3583815028903</xmin>
      <ymin>225.28323699421964</ymin>
      <xmax>572.2543352601156</xmax>
      <ymax>244.9364161849711</ymax>
    </bndbox>
  </object>
  <object>
    <name>Person</name>
    <pose/>
    <truncated/>
    <difficult/>
    <bndbox>
      <xmin>323.6994219653179</xmin>
      <ymin>47.82658959537572</ymin>
      <xmax>486.1271676300578</xmax>
      <ymax>357.0751445086705</ymax>
    </bndbox>
  </object>
</annotation>
