<annotation>
  <folder/>
  <filename>13269.jpg</filename>
  <database/>
  <annotation/>
  <image/>
  <size>
    <height>360</height>
    <width>640</width>
    <depth>3</depth>
  </size>
  <segmented/>
  <object>
    <name>InfusionBag</name>
    <pose/>
    <truncated/>
    <difficult/>
    <bndbox>
      <xmin>272.5433526011559</xmin>
      <ymin>9.3872832369943</ymin>
      <xmax>288.43930635838154</xmax>
      <ymax>46.67052023121387</ymax>
    </bndbox>
  </object>
  <object>
    <name>Person</name>
    <pose/>
    <truncated/>
    <difficult/>
    <bndbox>
      <xmin>164.4508670520232</xmin>
      <ymin>140.8901734104046</ymin>
      <xmax>424.5664739884393</xmax>
      <ymax>278.46242774566474</ymax>
    </bndbox>
  </object>
  <object>
    <name>Medicine</name>
    <pose/>
    <truncated/>
    <difficult/>
    <bndbox>
      <xmin>528.0346820809251</xmin>
      <ymin>183.0867052023122</ymin>
      <xmax>538.4393063583815</xmax>
      <ymax>201.8728323699422</ymax>
    </bndbox>
  </object>
  <object>
    <name>Medicine</name>
    <pose/>
    <truncated/>
    <difficult/>
    <bndbox>
      <xmin>515.6069364161854</xmin>
      <ymin>183.37572254335265</ymin>
      <xmax>526.3005780346821</xmax>
      <ymax>198.11560693641619</ymax>
    </bndbox>
  </object>
</annotation>
