<annotation>
  <folder/>
  <filename>13263.jpg</filename>
  <database/>
  <annotation/>
  <image/>
  <size>
    <height>360</height>
    <width>640</width>
    <depth>3</depth>
  </size>
  <segmented/>
  <object>
    <name>InfusionBag</name>
    <pose/>
    <truncated/>
    <difficult/>
    <bndbox>
      <xmin>269.65317919075125</xmin>
      <ymin>6.786127167630141</ymin>
      <xmax>285.5491329479769</xmax>
      <ymax>44.06936416184971</ymax>
    </bndbox>
  </object>
  <object>
    <name>Person</name>
    <pose/>
    <truncated/>
    <difficult/>
    <bndbox>
      <xmin>169.07514450867055</xmin>
      <ymin>136.55491329479767</ymin>
      <xmax>418.78612716763007</xmax>
      <ymax>274.9942196531792</ymax>
    </bndbox>
  </object>
  <object>
    <name>Medicine</name>
    <pose/>
    <truncated/>
    <difficult/>
    <bndbox>
      <xmin>518.4971098265898</xmin>
      <ymin>175.86127167630065</ymin>
      <xmax>528.9017341040462</xmax>
      <ymax>194.64739884393063</ymax>
    </bndbox>
  </object>
  <object>
    <name>Medicine</name>
    <pose/>
    <truncated/>
    <difficult/>
    <bndbox>
      <xmin>507.2254335260119</xmin>
      <ymin>176.72832369942202</ymin>
      <xmax>516.7630057803468</xmax>
      <ymax>191.1791907514451</ymax>
    </bndbox>
  </object>
</annotation>
