<annotation>
  <folder/>
  <filename>13275.jpg</filename>
  <database/>
  <annotation/>
  <image/>
  <size>
    <height>360</height>
    <width>640</width>
    <depth>3</depth>
  </size>
  <segmented/>
  <object>
    <name>InfusionBag</name>
    <pose/>
    <truncated/>
    <difficult/>
    <bndbox>
      <xmin>277.1676300578033</xmin>
      <ymin>4.7630057803469015</ymin>
      <xmax>293.64161849710985</xmax>
      <ymax>44.64739884393064</ymax>
    </bndbox>
  </object>
  <object>
    <name>Person</name>
    <pose/>
    <truncated/>
    <difficult/>
    <bndbox>
      <xmin>155.20231213872844</xmin>
      <ymin>142.91329479768783</ymin>
      <xmax>431.50289017341044</xmax>
      <ymax>279.0404624277457</ymax>
    </bndbox>
  </object>
  <object>
    <name>Medicine</name>
    <pose/>
    <truncated/>
    <difficult/>
    <bndbox>
      <xmin>536.705202312139</xmin>
      <ymin>191.17919075144513</ymin>
      <xmax>547.1098265895954</xmax>
      <ymax>209.96531791907512</ymax>
    </bndbox>
  </object>
  <object>
    <name>Medicine</name>
    <pose/>
    <truncated/>
    <difficult/>
    <bndbox>
      <xmin>523.1213872832374</xmin>
      <ymin>189.15606936416188</ymin>
      <xmax>534.971098265896</xmax>
      <ymax>204.1849710982659</ymax>
    </bndbox>
  </object>
</annotation>
