<annotation>
  <folder/>
  <filename>13281.jpg</filename>
  <database/>
  <annotation/>
  <image/>
  <size>
    <height>360</height>
    <width>640</width>
    <depth>3</depth>
  </size>
  <segmented/>
  <object>
    <name>InfusionBag</name>
    <pose/>
    <truncated/>
    <difficult/>
    <bndbox>
      <xmin>279.19075144508656</xmin>
      <ymin>0.7167630057804253</ymin>
      <xmax>295.6647398843931</xmax>
      <ymax>40.60115606936415</ymax>
    </bndbox>
  </object>
  <object>
    <name>Person</name>
    <pose/>
    <truncated/>
    <difficult/>
    <bndbox>
      <xmin>145.95375722543363</xmin>
      <ymin>142.04624277456642</ymin>
      <xmax>435.83815028901734</xmax>
      <ymax>275.57225433526014</ymax>
    </bndbox>
  </object>
  <object>
    <name>Medicine</name>
    <pose/>
    <truncated/>
    <difficult/>
    <bndbox>
      <xmin>543.64161849711</xmin>
      <ymin>194.93641618497114</ymin>
      <xmax>556.936416184971</xmax>
      <ymax>216.03468208092485</ymax>
    </bndbox>
  </object>
  <object>
    <name>Medicine</name>
    <pose/>
    <truncated/>
    <difficult/>
    <bndbox>
      <xmin>530.6358381502894</xmin>
      <ymin>195.51445086705206</ymin>
      <xmax>542.485549132948</xmax>
      <ymax>210.54335260115607</ymax>
    </bndbox>
  </object>
</annotation>
