<annotation>
  <folder/>
  <filename>13287.jpg</filename>
  <database/>
  <annotation/>
  <image/>
  <size>
    <height>360</height>
    <width>640</width>
    <depth>3</depth>
  </size>
  <segmented/>
  <object>
    <name>InfusionBag</name>
    <pose/>
    <truncated/>
    <difficult/>
    <bndbox>
      <xmin>279.19075144508656</xmin>
      <ymin>0.7167630057804253</ymin>
      <xmax>297.6878612716763</xmax>
      <ymax>34.53179190751445</ymax>
    </bndbox>
  </object>
  <object>
    <name>Person</name>
    <pose/>
    <truncated/>
    <difficult/>
    <bndbox>
      <xmin>126.58959537572267</xmin>
      <ymin>135.68786127167627</ymin>
      <xmax>436.70520231213874</xmax>
      <ymax>267.76878612716763</ymax>
    </bndbox>
  </object>
  <object>
    <name>Medicine</name>
    <pose/>
    <truncated/>
    <difficult/>
    <bndbox>
      <xmin>543.3526011560695</xmin>
      <ymin>201.00578034682084</ymin>
      <xmax>556.936416184971</xmax>
      <ymax>226.72832369942196</ymax>
    </bndbox>
  </object>
  <object>
    <name>Medicine</name>
    <pose/>
    <truncated/>
    <difficult/>
    <bndbox>
      <xmin>529.7687861271678</xmin>
      <ymin>201.00578034682084</ymin>
      <xmax>543.3526011560693</xmax>
      <ymax>220.9479768786127</ymax>
    </bndbox>
  </object>
</annotation>
