<annotation>
  <folder/>
  <filename>13299.jpg</filename>
  <database/>
  <annotation/>
  <image/>
  <size>
    <height>360</height>
    <width>640</width>
    <depth>3</depth>
  </size>
  <segmented/>
  <object>
    <name>InfusionBag</name>
    <pose/>
    <truncated/>
    <difficult/>
    <bndbox>
      <xmin>279.19075144508656</xmin>
      <ymin>0.7167630057804253</ymin>
      <xmax>297.6878612716763</xmax>
      <ymax>34.53179190751445</ymax>
    </bndbox>
  </object>
  <object>
    <name>Person</name>
    <pose/>
    <truncated/>
    <difficult/>
    <bndbox>
      <xmin>104.3352601156071</xmin>
      <ymin>136.2658959537572</ymin>
      <xmax>430.63583815028903</xmax>
      <ymax>265.7456647398844</ymax>
    </bndbox>
  </object>
  <object>
    <name>Medicine</name>
    <pose/>
    <truncated/>
    <difficult/>
    <bndbox>
      <xmin>532.3699421965318</xmin>
      <ymin>219.50289017341044</ymin>
      <xmax>547.6878612716763</xmax>
      <ymax>245.8034682080925</ymax>
    </bndbox>
  </object>
  <object>
    <name>Medicine</name>
    <pose/>
    <truncated/>
    <difficult/>
    <bndbox>
      <xmin>518.7861271676303</xmin>
      <ymin>216.03468208092488</ymin>
      <xmax>534.1040462427745</xmax>
      <ymax>238.57803468208093</ymax>
    </bndbox>
  </object>
</annotation>
