<annotation>
  <folder/>
  <filename>1330.jpg</filename>
  <database/>
  <annotation/>
  <image/>
  <size>
    <height>360</height>
    <width>640</width>
    <depth>3</depth>
  </size>
  <segmented/>
  <object>
    <name>InfusionBag</name>
    <pose/>
    <truncated/>
    <difficult/>
    <bndbox>
      <xmin>313.87283236994205</xmin>
      <ymin>-1.0404624277455845</ymin>
      <xmax>333.2369942196532</xmax>
      <ymax>33.08670520231214</ymax>
    </bndbox>
  </object>
  <object>
    <name>Person</name>
    <pose/>
    <truncated/>
    <difficult/>
    <bndbox>
      <xmin>31.502890173410577</xmin>
      <ymin>176.72832369942194</ymin>
      <xmax>373.6994219653179</xmax>
      <ymax>293.4913294797688</ymax>
    </bndbox>
  </object>
  <object>
    <name>Medicine</name>
    <pose/>
    <truncated/>
    <difficult/>
    <bndbox>
      <xmin>572.8323699421966</xmin>
      <ymin>239.7341040462428</ymin>
      <xmax>587.8612716763006</xmax>
      <ymax>263.1445086705202</ymax>
    </bndbox>
  </object>
  <object>
    <name>Person</name>
    <pose/>
    <truncated/>
    <difficult/>
    <bndbox>
      <xmin>326.0115606936416</xmin>
      <ymin>53.02890173410405</ymin>
      <xmax>492</xmax>
      <ymax>359</ymax>
    </bndbox>
  </object>
</annotation>
