<annotation>
  <folder/>
  <filename>13317.jpg</filename>
  <database/>
  <annotation/>
  <image/>
  <size>
    <height>360</height>
    <width>640</width>
    <depth>3</depth>
  </size>
  <segmented/>
  <object>
    <name>InfusionBag</name>
    <pose/>
    <truncated/>
    <difficult/>
    <bndbox>
      <xmin>284.1040462427746</xmin>
      <ymin>-0.7283236994219688</ymin>
      <xmax>298.26589595375725</xmax>
      <ymax>38.578034682080926</ymax>
    </bndbox>
  </object>
  <object>
    <name>Person</name>
    <pose/>
    <truncated/>
    <difficult/>
    <bndbox>
      <xmin>85.83815028901748</xmin>
      <ymin>141.757225433526</ymin>
      <xmax>441.32947976878614</xmax>
      <ymax>274.70520231213874</ymax>
    </bndbox>
  </object>
  <object>
    <name>Medicine</name>
    <pose/>
    <truncated/>
    <difficult/>
    <bndbox>
      <xmin>543.6416184971099</xmin>
      <ymin>240.8901734104047</ymin>
      <xmax>559.8265895953757</xmax>
      <ymax>270.08092485549133</ymax>
    </bndbox>
  </object>
  <object>
    <name>Medicine</name>
    <pose/>
    <truncated/>
    <difficult/>
    <bndbox>
      <xmin>530.3468208092487</xmin>
      <ymin>238.2890173410404</ymin>
      <xmax>542.7745664739884</xmax>
      <ymax>260.83236994219646</ymax>
    </bndbox>
  </object>
</annotation>
