<annotation>
  <folder/>
  <filename>13311.jpg</filename>
  <database/>
  <annotation/>
  <image/>
  <size>
    <height>360</height>
    <width>640</width>
    <depth>3</depth>
  </size>
  <segmented/>
  <object>
    <name>InfusionBag</name>
    <pose/>
    <truncated/>
    <difficult/>
    <bndbox>
      <xmin>277.4566473988439</xmin>
      <ymin>1.5838150289017339</ymin>
      <xmax>292.1965317919075</xmax>
      <ymax>37.13294797687861</ymax>
    </bndbox>
  </object>
  <object>
    <name>Person</name>
    <pose/>
    <truncated/>
    <difficult/>
    <bndbox>
      <xmin>84.68208092485563</xmin>
      <ymin>136.55491329479767</ymin>
      <xmax>430.9248554913295</xmax>
      <ymax>267.76878612716763</ymax>
    </bndbox>
  </object>
  <object>
    <name>Medicine</name>
    <pose/>
    <truncated/>
    <difficult/>
    <bndbox>
      <xmin>534.1040462427746</xmin>
      <ymin>231.93063583815035</ymin>
      <xmax>550.2890173410404</xmax>
      <ymax>261.12138728323697</ymax>
    </bndbox>
  </object>
  <object>
    <name>Medicine</name>
    <pose/>
    <truncated/>
    <difficult/>
    <bndbox>
      <xmin>522.8323699421966</xmin>
      <ymin>227.3063583815029</ymin>
      <xmax>534.971098265896</xmax>
      <ymax>249.56069364161849</ymax>
    </bndbox>
  </object>
</annotation>
