<annotation>
  <folder/>
  <filename>13323.jpg</filename>
  <database/>
  <annotation/>
  <image/>
  <size>
    <height>360</height>
    <width>640</width>
    <depth>3</depth>
  </size>
  <segmented/>
  <object>
    <name>InfusionBag</name>
    <pose/>
    <truncated/>
    <difficult/>
    <bndbox>
      <xmin>292.485549132948</xmin>
      <ymin>0.4277456647398825</ymin>
      <xmax>306.64739884393066</xmax>
      <ymax>39.73410404624278</ymax>
    </bndbox>
  </object>
  <object>
    <name>Person</name>
    <pose/>
    <truncated/>
    <difficult/>
    <bndbox>
      <xmin>85.83815028901748</xmin>
      <ymin>141.757225433526</ymin>
      <xmax>446.8208092485549</xmax>
      <ymax>272.39306358381504</ymax>
    </bndbox>
  </object>
  <object>
    <name>Medicine</name>
    <pose/>
    <truncated/>
    <difficult/>
    <bndbox>
      <xmin>550.0000000000001</xmin>
      <ymin>248.98265895953767</ymin>
      <xmax>566.7630057803468</xmax>
      <ymax>283.66473988439304</ymax>
    </bndbox>
  </object>
  <object>
    <name>Medicine</name>
    <pose/>
    <truncated/>
    <difficult/>
    <bndbox>
      <xmin>536.9942196531792</xmin>
      <ymin>246.6705202312138</ymin>
      <xmax>551.4450867052024</xmax>
      <ymax>272.39306358381504</ymax>
    </bndbox>
  </object>
</annotation>
