<annotation>
  <folder/>
  <filename>13341.jpg</filename>
  <database/>
  <annotation/>
  <image/>
  <size>
    <height>360</height>
    <width>640</width>
    <depth>3</depth>
  </size>
  <segmented/>
  <object>
    <name>InfusionBag</name>
    <pose/>
    <truncated/>
    <difficult/>
    <bndbox>
      <xmin>290.7514450867052</xmin>
      <ymin>-0.15028901734104316</ymin>
      <xmax>304.6242774566474</xmax>
      <ymax>47.82658959537572</ymax>
    </bndbox>
  </object>
  <object>
    <name>Person</name>
    <pose/>
    <truncated/>
    <difficult/>
    <bndbox>
      <xmin>72.54335260115622</xmin>
      <ymin>137.42196531791907</ymin>
      <xmax>433.52601156069363</xmax>
      <ymax>268.05780346820836</ymax>
    </bndbox>
  </object>
  <object>
    <name>Medicine</name>
    <pose/>
    <truncated/>
    <difficult/>
    <bndbox>
      <xmin>505.2023121387284</xmin>
      <ymin>269.50289017341044</ymin>
      <xmax>523.4104046242775</xmax>
      <ymax>305.6300578034681</ymax>
    </bndbox>
  </object>
  <object>
    <name>Medicine</name>
    <pose/>
    <truncated/>
    <difficult/>
    <bndbox>
      <xmin>494.21965317919074</xmin>
      <ymin>263.1445086705203</ymin>
      <xmax>509.53757225433526</xmax>
      <ymax>288.28901734104045</ymax>
    </bndbox>
  </object>
</annotation>
