<annotation>
  <folder/>
  <filename>13347.jpg</filename>
  <database/>
  <annotation/>
  <image/>
  <size>
    <height>360</height>
    <width>640</width>
    <depth>3</depth>
  </size>
  <segmented/>
  <object>
    <name>InfusionBag</name>
    <pose/>
    <truncated/>
    <difficult/>
    <bndbox>
      <xmin>289.59537572254334</xmin>
      <ymin>-0.15028901734104316</ymin>
      <xmax>303.46820809248555</xmax>
      <ymax>47.82658959537572</ymax>
    </bndbox>
  </object>
  <object>
    <name>Person</name>
    <pose/>
    <truncated/>
    <difficult/>
    <bndbox>
      <xmin>72.54335260115622</xmin>
      <ymin>137.42196531791907</ymin>
      <xmax>433.52601156069363</xmax>
      <ymax>268.05780346820836</ymax>
    </bndbox>
  </object>
  <object>
    <name>Medicine</name>
    <pose/>
    <truncated/>
    <difficult/>
    <bndbox>
      <xmin>492.7745664739885</xmin>
      <ymin>272.10404624277464</ymin>
      <xmax>510.98265895953745</xmax>
      <ymax>308.2312138728323</ymax>
    </bndbox>
  </object>
  <object>
    <name>Medicine</name>
    <pose/>
    <truncated/>
    <difficult/>
    <bndbox>
      <xmin>484.1040462427746</xmin>
      <ymin>268.0578034682081</ymin>
      <xmax>498.5549132947977</xmax>
      <ymax>291.4682080924855</ymax>
    </bndbox>
  </object>
</annotation>
