<annotation>
  <folder/>
  <filename>13353.jpg</filename>
  <database/>
  <annotation/>
  <image/>
  <size>
    <height>360</height>
    <width>640</width>
    <depth>3</depth>
  </size>
  <segmented/>
  <object>
    <name>InfusionBag</name>
    <pose/>
    <truncated/>
    <difficult/>
    <bndbox>
      <xmin>286.9942196531792</xmin>
      <ymin>0.4277456647398825</ymin>
      <xmax>299.4219653179191</xmax>
      <ymax>47.82658959537572</ymax>
    </bndbox>
  </object>
  <object>
    <name>Person</name>
    <pose/>
    <truncated/>
    <difficult/>
    <bndbox>
      <xmin>72.54335260115622</xmin>
      <ymin>137.42196531791907</ymin>
      <xmax>433.52601156069363</xmax>
      <ymax>268.05780346820836</ymax>
    </bndbox>
  </object>
  <object>
    <name>Medicine</name>
    <pose/>
    <truncated/>
    <difficult/>
    <bndbox>
      <xmin>487.2832369942197</xmin>
      <ymin>272.39306358381515</ymin>
      <xmax>505.49132947976864</xmax>
      <ymax>308.5202312138728</ymax>
    </bndbox>
  </object>
  <object>
    <name>Medicine</name>
    <pose/>
    <truncated/>
    <difficult/>
    <bndbox>
      <xmin>479.76878612716763</xmin>
      <ymin>268.3468208092486</ymin>
      <xmax>494.21965317919074</xmax>
      <ymax>291.757225433526</ymax>
    </bndbox>
  </object>
</annotation>
