<annotation>
  <folder/>
  <filename>1354.jpg</filename>
  <database/>
  <annotation/>
  <image/>
  <size>
    <height>360</height>
    <width>640</width>
    <depth>3</depth>
  </size>
  <segmented/>
  <object>
    <name>InfusionBag</name>
    <pose/>
    <truncated/>
    <difficult/>
    <bndbox>
      <xmin>332.08092485549133</xmin>
      <ymin>1.2947976878612675</ymin>
      <xmax>349.7109826589596</xmax>
      <ymax>32.21965317919074</ymax>
    </bndbox>
  </object>
  <object>
    <name>Person</name>
    <pose/>
    <truncated/>
    <difficult/>
    <bndbox>
      <xmin>39.01734104046244</xmin>
      <ymin>179.90751445086704</ymin>
      <xmax>323.69942196531815</xmax>
      <ymax>268.34682080924847</ymax>
    </bndbox>
  </object>
  <object>
    <name>Medicine</name>
    <pose/>
    <truncated/>
    <difficult/>
    <bndbox>
      <xmin>563.8728323699422</xmin>
      <ymin>260.2543352601157</ymin>
      <xmax>581.5028901734104</xmax>
      <ymax>286.84393063583815</ymax>
    </bndbox>
  </object>
  <object>
    <name>Person</name>
    <pose/>
    <truncated/>
    <difficult/>
    <bndbox>
      <xmin>315.8959537572254</xmin>
      <ymin>51.872832369942195</ymin>
      <xmax>462.71676300578036</xmax>
      <ymax>355.91907514450867</ymax>
    </bndbox>
  </object>
</annotation>
