<annotation>
  <folder/>
  <filename>1366.jpg</filename>
  <database/>
  <annotation/>
  <image/>
  <size>
    <height>360</height>
    <width>640</width>
    <depth>3</depth>
  </size>
  <segmented/>
  <object>
    <name>InfusionBag</name>
    <pose/>
    <truncated/>
    <difficult/>
    <bndbox>
      <xmin>348.55491329479764</xmin>
      <ymin>4.184971098265892</ymin>
      <xmax>369.36416184971097</xmax>
      <ymax>40.89017341040463</ymax>
    </bndbox>
  </object>
  <object>
    <name>Person</name>
    <pose/>
    <truncated/>
    <difficult/>
    <bndbox>
      <xmin>43.930635838150295</xmin>
      <ymin>191.17919075144505</ymin>
      <xmax>328.612716763006</xmax>
      <ymax>279.6184971098264</ymax>
    </bndbox>
  </object>
  <object>
    <name>Medicine</name>
    <pose/>
    <truncated/>
    <difficult/>
    <bndbox>
      <xmin>586.4161849710983</xmin>
      <ymin>281.063583815029</ymin>
      <xmax>604.0462427745665</xmax>
      <ymax>307.6531791907515</ymax>
    </bndbox>
  </object>
  <object>
    <name>Person</name>
    <pose/>
    <truncated/>
    <difficult/>
    <bndbox>
      <xmin>314.7398843930636</xmin>
      <ymin>52.7398843930636</ymin>
      <xmax>461.56069364161857</xmax>
      <ymax>356.78612716763007</ymax>
    </bndbox>
  </object>
</annotation>
