<annotation>
  <folder/>
  <filename>1372.jpg</filename>
  <database/>
  <annotation/>
  <image/>
  <size>
    <height>360</height>
    <width>640</width>
    <depth>3</depth>
  </size>
  <segmented/>
  <object>
    <name>InfusionBag</name>
    <pose/>
    <truncated/>
    <difficult/>
    <bndbox>
      <xmin>362.7167630057803</xmin>
      <ymin>4.763005780346818</ymin>
      <xmax>383.8150289017341</xmax>
      <ymax>44.9364161849711</ymax>
    </bndbox>
  </object>
  <object>
    <name>Person</name>
    <pose/>
    <truncated/>
    <difficult/>
    <bndbox>
      <xmin>50.8670520231214</xmin>
      <ymin>188.28901734104042</ymin>
      <xmax>335.5491329479771</xmax>
      <ymax>276.7283236994223</ymax>
    </bndbox>
  </object>
  <object>
    <name>Medicine</name>
    <pose/>
    <truncated/>
    <difficult/>
    <bndbox>
      <xmin>585.549132947977</xmin>
      <ymin>297.2485549132949</ymin>
      <xmax>603.1791907514452</xmax>
      <ymax>323.8381502890174</ymax>
    </bndbox>
  </object>
  <object>
    <name>Person</name>
    <pose/>
    <truncated/>
    <difficult/>
    <bndbox>
      <xmin>314.7398843930636</xmin>
      <ymin>52.7398843930636</ymin>
      <xmax>461.56069364161857</xmax>
      <ymax>356.78612716763007</ymax>
    </bndbox>
  </object>
</annotation>
