<annotation>
  <folder/>
  <filename>1378.jpg</filename>
  <database/>
  <annotation/>
  <image/>
  <size>
    <height>360</height>
    <width>640</width>
    <depth>3</depth>
  </size>
  <segmented/>
  <object>
    <name>InfusionBag</name>
    <pose/>
    <truncated/>
    <difficult/>
    <bndbox>
      <xmin>360.6936416184971</xmin>
      <ymin>2.739884393063585</ymin>
      <xmax>381.7919075144509</xmax>
      <ymax>42.91329479768787</ymax>
    </bndbox>
  </object>
  <object>
    <name>Person</name>
    <pose/>
    <truncated/>
    <difficult/>
    <bndbox>
      <xmin>43.06358381502891</xmin>
      <ymin>144.35838150289015</ymin>
      <xmax>484.97109826589593</xmax>
      <ymax>264.5895953757225</ymax>
    </bndbox>
  </object>
  <object>
    <name>Medicine</name>
    <pose/>
    <truncated/>
    <difficult/>
    <bndbox>
      <xmin>550.578034682081</xmin>
      <ymin>298.9826589595377</ymin>
      <xmax>570.8092485549133</xmax>
      <ymax>330.19653179190755</ymax>
    </bndbox>
  </object>
  <object>
    <name>Person</name>
    <pose/>
    <truncated/>
    <difficult/>
    <bndbox>
      <xmin>280.3468208092486</xmin>
      <ymin>60.6994219653179</ymin>
      <xmax>438.5722543352601</xmax>
      <ymax>361.02312138728325</ymax>
    </bndbox>
  </object>
</annotation>
