<annotation>
  <folder/>
  <filename>1390.jpg</filename>
  <database/>
  <annotation/>
  <image/>
  <size>
    <height>360</height>
    <width>640</width>
    <depth>3</depth>
  </size>
  <segmented/>
  <object>
    <name>InfusionBag</name>
    <pose/>
    <truncated/>
    <difficult/>
    <bndbox>
      <xmin>349.7109826589596</xmin>
      <ymin>-0.7283236994219688</ymin>
      <xmax>369.0751445086705</xmax>
      <ymax>34.24277456647399</ymax>
    </bndbox>
  </object>
  <object>
    <name>Person</name>
    <pose/>
    <truncated/>
    <difficult/>
    <bndbox>
      <xmin>47.68786127167632</xmin>
      <ymin>129.32947976878611</ymin>
      <xmax>463.8728323699422</xmax>
      <ymax>252.16184971098266</ymax>
    </bndbox>
  </object>
  <object>
    <name>Medicine</name>
    <pose/>
    <truncated/>
    <difficult/>
    <bndbox>
      <xmin>526.0115606936417</xmin>
      <ymin>283.0867052023122</ymin>
      <xmax>546.242774566474</xmax>
      <ymax>314.3005780346821</ymax>
    </bndbox>
  </object>
  <object>
    <name>Person</name>
    <pose/>
    <truncated/>
    <difficult/>
    <bndbox>
      <xmin>263.5838150289017</xmin>
      <ymin>48.69364161849711</ymin>
      <xmax>437.28323699421964</xmax>
      <ymax>355.91907514450867</ymax>
    </bndbox>
  </object>
</annotation>
