<annotation>
  <folder/>
  <filename>14008.jpg</filename>
  <database/>
  <annotation/>
  <image/>
  <size>
    <height>360</height>
    <width>640</width>
    <depth>3</depth>
  </size>
  <segmented/>
  <object>
    <name>InfusionBag</name>
    <pose/>
    <truncated/>
    <difficult/>
    <bndbox>
      <xmin>214.16184971098275</xmin>
      <ymin>49.560693641618485</ymin>
      <xmax>236.41618497109826</xmax>
      <ymax>127.30635838150289</ymax>
    </bndbox>
  </object>
  <object>
    <name>Person</name>
    <pose/>
    <truncated/>
    <difficult/>
    <bndbox>
      <xmin>172.54335260115607</xmin>
      <ymin>182.79768786127167</ymin>
      <xmax>546.2427745664739</xmax>
      <ymax>262.2774566473988</ymax>
    </bndbox>
  </object>
  <object>
    <name>Medicine</name>
    <pose/>
    <truncated/>
    <difficult/>
    <bndbox>
      <xmin>215.3179190751446</xmin>
      <ymin>152.45086705202317</ymin>
      <xmax>225.4335260115607</xmax>
      <ymax>166.32369942196533</ymax>
    </bndbox>
  </object>
  <object>
    <name>Medicine</name>
    <pose/>
    <truncated/>
    <difficult/>
    <bndbox>
      <xmin>210.11560693641619</xmin>
      <ymin>158.8092485549133</ymin>
      <xmax>216.47398843930637</xmax>
      <ymax>169.21387283236996</ymax>
    </bndbox>
  </object>
</annotation>
