<annotation>
  <folder/>
  <filename>14020.jpg</filename>
  <database/>
  <annotation/>
  <image/>
  <size>
    <height>360</height>
    <width>640</width>
    <depth>3</depth>
  </size>
  <segmented/>
  <object>
    <name>InfusionBag</name>
    <pose/>
    <truncated/>
    <difficult/>
    <bndbox>
      <xmin>212.42774566473997</xmin>
      <ymin>47.537572254335245</ymin>
      <xmax>234.68208092485548</xmax>
      <ymax>125.28323699421965</ymax>
    </bndbox>
  </object>
  <object>
    <name>Person</name>
    <pose/>
    <truncated/>
    <difficult/>
    <bndbox>
      <xmin>176.01156069364163</xmin>
      <ymin>183.66473988439307</ymin>
      <xmax>549.7109826589594</xmax>
      <ymax>263.1445086705202</ymax>
    </bndbox>
  </object>
  <object>
    <name>Medicine</name>
    <pose/>
    <truncated/>
    <difficult/>
    <bndbox>
      <xmin>221.67630057803478</xmin>
      <ymin>152.73988439306365</ymin>
      <xmax>228.90173410404626</xmax>
      <ymax>165.7456647398844</ymax>
    </bndbox>
  </object>
  <object>
    <name>Medicine</name>
    <pose/>
    <truncated/>
    <difficult/>
    <bndbox>
      <xmin>216.47398843930637</xmin>
      <ymin>156.78612716763007</ymin>
      <xmax>222.83236994219655</xmax>
      <ymax>167.19075144508673</ymax>
    </bndbox>
  </object>
</annotation>
