<annotation>
  <folder/>
  <filename>14026.jpg</filename>
  <database/>
  <annotation/>
  <image/>
  <size>
    <height>360</height>
    <width>640</width>
    <depth>3</depth>
  </size>
  <segmented/>
  <object>
    <name>InfusionBag</name>
    <pose/>
    <truncated/>
    <difficult/>
    <bndbox>
      <xmin>206.35838150289027</xmin>
      <ymin>48.404624277456634</ymin>
      <xmax>228.61271676300578</xmax>
      <ymax>126.15028901734104</ymax>
    </bndbox>
  </object>
  <object>
    <name>Person</name>
    <pose/>
    <truncated/>
    <difficult/>
    <bndbox>
      <xmin>176.01156069364163</xmin>
      <ymin>183.66473988439307</ymin>
      <xmax>549.7109826589594</xmax>
      <ymax>263.1445086705202</ymax>
    </bndbox>
  </object>
  <object>
    <name>Medicine</name>
    <pose/>
    <truncated/>
    <difficult/>
    <bndbox>
      <xmin>216.47398843930637</xmin>
      <ymin>156.78612716763007</ymin>
      <xmax>221.09826589595377</xmax>
      <ymax>166.90173410404626</ymax>
    </bndbox>
  </object>
</annotation>
