<annotation>
  <folder/>
  <filename>14038.jpg</filename>
  <database/>
  <annotation/>
  <image/>
  <size>
    <height>360</height>
    <width>640</width>
    <depth>3</depth>
  </size>
  <segmented/>
  <object>
    <name>InfusionBag</name>
    <pose/>
    <truncated/>
    <difficult/>
    <bndbox>
      <xmin>175.14450867052034</xmin>
      <ymin>43.491329479768766</ymin>
      <xmax>204.04624277456648</xmax>
      <ymax>122.39306358381502</ymax>
    </bndbox>
  </object>
  <object>
    <name>Person</name>
    <pose/>
    <truncated/>
    <difficult/>
    <bndbox>
      <xmin>168.4971098265896</xmin>
      <ymin>183.37572254335262</ymin>
      <xmax>528.3236994219653</xmax>
      <ymax>268.3468208092486</ymax>
    </bndbox>
  </object>
  <object>
    <name>Medicine</name>
    <pose/>
    <truncated/>
    <difficult/>
    <bndbox>
      <xmin>219.07514450867052</xmin>
      <ymin>146.3815028901734</ymin>
      <xmax>226.878612716763</xmax>
      <ymax>161.41040462427745</ymax>
    </bndbox>
  </object>
  <object>
    <name>Medicine</name>
    <pose/>
    <truncated/>
    <difficult/>
    <bndbox>
      <xmin>213.0057803468208</xmin>
      <ymin>151.8728323699422</ymin>
      <xmax>219.65317919075144</xmax>
      <ymax>162.85549132947978</ymax>
    </bndbox>
  </object>
</annotation>
