<annotation>
  <folder/>
  <filename>14056.jpg</filename>
  <database/>
  <annotation/>
  <image/>
  <size>
    <height>360</height>
    <width>640</width>
    <depth>3</depth>
  </size>
  <segmented/>
  <object>
    <name>InfusionBag</name>
    <pose/>
    <truncated/>
    <difficult/>
    <bndbox>
      <xmin>130.92485549132957</xmin>
      <ymin>35.68786127167627</ymin>
      <xmax>159.8265895953757</xmax>
      <ymax>114.58959537572252</ymax>
    </bndbox>
  </object>
  <object>
    <name>Person</name>
    <pose/>
    <truncated/>
    <difficult/>
    <bndbox>
      <xmin>157.22543352601164</xmin>
      <ymin>174.4161849710983</ymin>
      <xmax>517.6300578034682</xmax>
      <ymax>285.6878612716763</ymax>
    </bndbox>
  </object>
  <object>
    <name>Medicine</name>
    <pose/>
    <truncated/>
    <difficult/>
    <bndbox>
      <xmin>220.52023121387285</xmin>
      <ymin>140.02312138728325</ymin>
      <xmax>228.32369942196533</xmax>
      <ymax>155.0520231213873</ymax>
    </bndbox>
  </object>
  <object>
    <name>Medicine</name>
    <pose/>
    <truncated/>
    <difficult/>
    <bndbox>
      <xmin>213.87283236994222</xmin>
      <ymin>146.95953757225436</ymin>
      <xmax>220.52023121387285</xmax>
      <ymax>157.94219653179195</ymax>
    </bndbox>
  </object>
</annotation>
