<annotation>
  <folder/>
  <filename>14092.jpg</filename>
  <database/>
  <annotation/>
  <image/>
  <size>
    <height>360</height>
    <width>640</width>
    <depth>3</depth>
  </size>
  <segmented/>
  <object>
    <name>InfusionBag</name>
    <pose/>
    <truncated/>
    <difficult/>
    <bndbox>
      <xmin>134.10404624277464</xmin>
      <ymin>38.5780346820809</ymin>
      <xmax>165.31791907514452</xmax>
      <ymax>103.02890173410405</ymax>
    </bndbox>
  </object>
  <object>
    <name>Person</name>
    <pose/>
    <truncated/>
    <difficult/>
    <bndbox>
      <xmin>194.50867052023122</xmin>
      <ymin>157.364161849711</ymin>
      <xmax>516.1849710982659</xmax>
      <ymax>308.8092485549133</ymax>
    </bndbox>
  </object>
  <object>
    <name>Medicine</name>
    <pose/>
    <truncated/>
    <difficult/>
    <bndbox>
      <xmin>275.1445086705203</xmin>
      <ymin>134.24277456647403</ymin>
      <xmax>283.2369942196532</xmax>
      <ymax>147.53757225433526</ymax>
    </bndbox>
  </object>
  <object>
    <name>Medicine</name>
    <pose/>
    <truncated/>
    <difficult/>
    <bndbox>
      <xmin>267.91907514450867</xmin>
      <ymin>140.02312138728328</ymin>
      <xmax>275.1445086705203</xmax>
      <ymax>150.71676300578036</ymax>
    </bndbox>
  </object>
</annotation>
