<annotation>
  <folder/>
  <filename>14116.jpg</filename>
  <database/>
  <annotation/>
  <image/>
  <size>
    <height>360</height>
    <width>640</width>
    <depth>3</depth>
  </size>
  <segmented/>
  <object>
    <name>InfusionBag</name>
    <pose/>
    <truncated/>
    <difficult/>
    <bndbox>
      <xmin>113.2947976878613</xmin>
      <ymin>26.439306358381486</ymin>
      <xmax>144.50867052023125</xmax>
      <ymax>90.89017341040464</ymax>
    </bndbox>
  </object>
  <object>
    <name>Person</name>
    <pose/>
    <truncated/>
    <difficult/>
    <bndbox>
      <xmin>197.39884393063582</xmin>
      <ymin>153.02890173410407</ymin>
      <xmax>511.27167630057806</xmax>
      <ymax>335.1098265895954</ymax>
    </bndbox>
  </object>
  <object>
    <name>Medicine</name>
    <pose/>
    <truncated/>
    <difficult/>
    <bndbox>
      <xmin>295.37572254335277</xmin>
      <ymin>131.3526011560694</ymin>
      <xmax>303.46820809248567</xmax>
      <ymax>144.64739884393063</ymax>
    </bndbox>
  </object>
  <object>
    <name>Medicine</name>
    <pose/>
    <truncated/>
    <difficult/>
    <bndbox>
      <xmin>287.5722543352602</xmin>
      <ymin>135.97687861271677</ymin>
      <xmax>294.7976878612718</xmax>
      <ymax>146.67052023121386</ymax>
    </bndbox>
  </object>
</annotation>
