<annotation>
  <folder/>
  <filename>14128.jpg</filename>
  <database/>
  <annotation/>
  <image/>
  <size>
    <height>360</height>
    <width>640</width>
    <depth>3</depth>
  </size>
  <segmented/>
  <object>
    <name>InfusionBag</name>
    <pose/>
    <truncated/>
    <difficult/>
    <bndbox>
      <xmin>118.78612716763008</xmin>
      <ymin>19.502890173410385</ymin>
      <xmax>150.00000000000003</xmax>
      <ymax>83.95375722543355</ymax>
    </bndbox>
  </object>
  <object>
    <name>Person</name>
    <pose/>
    <truncated/>
    <difficult/>
    <bndbox>
      <xmin>201.73410404624278</xmin>
      <ymin>146.3815028901734</ymin>
      <xmax>509.53757225433526</xmax>
      <ymax>343.2023121387283</ymax>
    </bndbox>
  </object>
  <object>
    <name>Medicine</name>
    <pose/>
    <truncated/>
    <difficult/>
    <bndbox>
      <xmin>310.98265895953773</xmin>
      <ymin>124.70520231213877</ymin>
      <xmax>319.07514450867063</xmax>
      <ymax>138.0</ymax>
    </bndbox>
  </object>
  <object>
    <name>Medicine</name>
    <pose/>
    <truncated/>
    <difficult/>
    <bndbox>
      <xmin>304.33526011560707</xmin>
      <ymin>128.75144508670525</ymin>
      <xmax>311.5606936416185</xmax>
      <ymax>140.02312138728325</ymax>
    </bndbox>
  </object>
</annotation>
