<annotation>
  <folder/>
  <filename>14122.jpg</filename>
  <database/>
  <annotation/>
  <image/>
  <size>
    <height>360</height>
    <width>640</width>
    <depth>3</depth>
  </size>
  <segmented/>
  <object>
    <name>InfusionBag</name>
    <pose/>
    <truncated/>
    <difficult/>
    <bndbox>
      <xmin>113.2947976878613</xmin>
      <ymin>26.439306358381486</ymin>
      <xmax>144.50867052023125</xmax>
      <ymax>90.89017341040464</ymax>
    </bndbox>
  </object>
  <object>
    <name>Person</name>
    <pose/>
    <truncated/>
    <difficult/>
    <bndbox>
      <xmin>201.73410404624278</xmin>
      <ymin>146.3815028901734</ymin>
      <xmax>509.53757225433526</xmax>
      <ymax>343.2023121387283</ymax>
    </bndbox>
  </object>
  <object>
    <name>Medicine</name>
    <pose/>
    <truncated/>
    <difficult/>
    <bndbox>
      <xmin>303.4682080924857</xmin>
      <ymin>128.75144508670525</ymin>
      <xmax>311.5606936416186</xmax>
      <ymax>142.04624277456648</ymax>
    </bndbox>
  </object>
  <object>
    <name>Medicine</name>
    <pose/>
    <truncated/>
    <difficult/>
    <bndbox>
      <xmin>296.53179190751456</xmin>
      <ymin>131.3526011560694</ymin>
      <xmax>303.757225433526</xmax>
      <ymax>142.6242774566474</ymax>
    </bndbox>
  </object>
</annotation>
