<annotation>
  <folder/>
  <filename>14158.jpg</filename>
  <database/>
  <annotation/>
  <image/>
  <size>
    <height>360</height>
    <width>640</width>
    <depth>3</depth>
  </size>
  <segmented/>
  <object>
    <name>InfusionBag</name>
    <pose/>
    <truncated/>
    <difficult/>
    <bndbox>
      <xmin>113.58381502890177</xmin>
      <ymin>6.786127167630028</ymin>
      <xmax>145.3757225433526</xmax>
      <ymax>63.4335260115607</ymax>
    </bndbox>
  </object>
  <object>
    <name>Person</name>
    <pose/>
    <truncated/>
    <difficult/>
    <bndbox>
      <xmin>210.9826589595376</xmin>
      <ymin>131.3526011560694</ymin>
      <xmax>471.3872832369942</xmax>
      <ymax>342.91329479768785</ymax>
    </bndbox>
  </object>
  <object>
    <name>Medicine</name>
    <pose/>
    <truncated/>
    <difficult/>
    <bndbox>
      <xmin>337.5722543352603</xmin>
      <ymin>117.47976878612724</ymin>
      <xmax>345.37572254335265</xmax>
      <ymax>130.19653179190752</ymax>
    </bndbox>
  </object>
  <object>
    <name>Medicine</name>
    <pose/>
    <truncated/>
    <difficult/>
    <bndbox>
      <xmin>330.05780346820814</xmin>
      <ymin>120.36994219653184</ymin>
      <xmax>335.8381502890173</xmax>
      <ymax>131.35260115606937</ymax>
    </bndbox>
  </object>
</annotation>
