<annotation>
  <folder/>
  <filename>14170.jpg</filename>
  <database/>
  <annotation/>
  <image/>
  <size>
    <height>360</height>
    <width>640</width>
    <depth>3</depth>
  </size>
  <segmented/>
  <object>
    <name>InfusionBag</name>
    <pose/>
    <truncated/>
    <difficult/>
    <bndbox>
      <xmin>110.40462427745669</xmin>
      <ymin>11.12138728323697</ymin>
      <xmax>142.1965317919076</xmax>
      <ymax>67.76878612716764</ymax>
    </bndbox>
  </object>
  <object>
    <name>Person</name>
    <pose/>
    <truncated/>
    <difficult/>
    <bndbox>
      <xmin>210.9826589595376</xmin>
      <ymin>131.3526011560694</ymin>
      <xmax>447.6878612716763</xmax>
      <ymax>347.53757225433526</ymax>
    </bndbox>
  </object>
  <object>
    <name>Medicine</name>
    <pose/>
    <truncated/>
    <difficult/>
    <bndbox>
      <xmin>346.24277456647417</xmin>
      <ymin>124.12716763005787</ymin>
      <xmax>354.0462427745665</xmax>
      <ymax>136.84393063583815</ymax>
    </bndbox>
  </object>
  <object>
    <name>Medicine</name>
    <pose/>
    <truncated/>
    <difficult/>
    <bndbox>
      <xmin>339.01734104046244</xmin>
      <ymin>126.72832369942196</ymin>
      <xmax>344.7976878612716</xmax>
      <ymax>137.7109826589595</ymax>
    </bndbox>
  </object>
</annotation>
