<annotation>
  <folder/>
  <filename>14188.jpg</filename>
  <database/>
  <annotation/>
  <image/>
  <size>
    <height>360</height>
    <width>640</width>
    <depth>3</depth>
  </size>
  <segmented/>
  <object>
    <name>InfusionBag</name>
    <pose/>
    <truncated/>
    <difficult/>
    <bndbox>
      <xmin>136.99421965317924</xmin>
      <ymin>8.520231213872819</ymin>
      <xmax>171.67630057803467</xmax>
      <ymax>59.96531791907514</ymax>
    </bndbox>
  </object>
  <object>
    <name>Person</name>
    <pose/>
    <truncated/>
    <difficult/>
    <bndbox>
      <xmin>221.09826589595374</xmin>
      <ymin>122.97109826589602</ymin>
      <xmax>423.4104046242775</xmax>
      <ymax>329.32947976878614</ymax>
    </bndbox>
  </object>
  <object>
    <name>Medicine</name>
    <pose/>
    <truncated/>
    <difficult/>
    <bndbox>
      <xmin>377.16763005780365</xmin>
      <ymin>116.03468208092488</ymin>
      <xmax>384.971098265896</xmax>
      <ymax>128.75144508670516</ymax>
    </bndbox>
  </object>
  <object>
    <name>Medicine</name>
    <pose/>
    <truncated/>
    <difficult/>
    <bndbox>
      <xmin>369.9421965317919</xmin>
      <ymin>119.50289017341038</ymin>
      <xmax>375.72254335260106</xmax>
      <ymax>130.4855491329479</ymax>
    </bndbox>
  </object>
</annotation>
