<annotation>
  <folder/>
  <filename>14194.jpg</filename>
  <database/>
  <annotation/>
  <image/>
  <size>
    <height>360</height>
    <width>640</width>
    <depth>3</depth>
  </size>
  <segmented/>
  <object>
    <name>InfusionBag</name>
    <pose/>
    <truncated/>
    <difficult/>
    <bndbox>
      <xmin>140.4624277456648</xmin>
      <ymin>5.6300578034681905</ymin>
      <xmax>175.14450867052022</xmax>
      <ymax>57.07514450867051</ymax>
    </bndbox>
  </object>
  <object>
    <name>Person</name>
    <pose/>
    <truncated/>
    <difficult/>
    <bndbox>
      <xmin>221.38728323699425</xmin>
      <ymin>121.23699421965324</ymin>
      <xmax>408.95953757225436</xmax>
      <ymax>319.21387283236993</ymax>
    </bndbox>
  </object>
  <object>
    <name>Medicine</name>
    <pose/>
    <truncated/>
    <difficult/>
    <bndbox>
      <xmin>384.3930635838152</xmin>
      <ymin>113.43352601156073</ymin>
      <xmax>392.19653179190755</xmax>
      <ymax>126.15028901734101</ymax>
    </bndbox>
  </object>
  <object>
    <name>Medicine</name>
    <pose/>
    <truncated/>
    <difficult/>
    <bndbox>
      <xmin>375.7225433526012</xmin>
      <ymin>115.16763005780342</ymin>
      <xmax>381.5028901734103</xmax>
      <ymax>126.15028901734095</ymax>
    </bndbox>
  </object>
</annotation>
