<annotation>
  <folder/>
  <filename>14200.jpg</filename>
  <database/>
  <annotation/>
  <image/>
  <size>
    <height>360</height>
    <width>640</width>
    <depth>3</depth>
  </size>
  <segmented/>
  <object>
    <name>InfusionBag</name>
    <pose/>
    <truncated/>
    <difficult/>
    <bndbox>
      <xmin>138.72832369942205</xmin>
      <ymin>1.5838150289017179</ymin>
      <xmax>173.41040462427748</xmax>
      <ymax>53.02890173410404</ymax>
    </bndbox>
  </object>
  <object>
    <name>Person</name>
    <pose/>
    <truncated/>
    <difficult/>
    <bndbox>
      <xmin>210.9826589595376</xmin>
      <ymin>119.79190751445094</ymin>
      <xmax>388.728323699422</xmax>
      <ymax>306.2080924855491</ymax>
    </bndbox>
  </object>
  <object>
    <name>Medicine</name>
    <pose/>
    <truncated/>
    <difficult/>
    <bndbox>
      <xmin>389.5953757225435</xmin>
      <ymin>114.58959537572258</ymin>
      <xmax>397.39884393063585</xmax>
      <ymax>127.30635838150286</ymax>
    </bndbox>
  </object>
  <object>
    <name>Medicine</name>
    <pose/>
    <truncated/>
    <difficult/>
    <bndbox>
      <xmin>380.9248554913295</xmin>
      <ymin>116.61271676300572</ymin>
      <xmax>386.7052023121386</xmax>
      <ymax>127.59537572254325</ymax>
    </bndbox>
  </object>
</annotation>
