<annotation>
  <folder/>
  <filename>14218.jpg</filename>
  <database/>
  <annotation/>
  <image/>
  <size>
    <height>360</height>
    <width>640</width>
    <depth>3</depth>
  </size>
  <segmented/>
  <object>
    <name>InfusionBag</name>
    <pose/>
    <truncated/>
    <difficult/>
    <bndbox>
      <xmin>153.75722543352612</xmin>
      <ymin>12.566473988439299</ymin>
      <xmax>181.5028901734104</xmax>
      <ymax>58.23121387283237</ymax>
    </bndbox>
  </object>
  <object>
    <name>Person</name>
    <pose/>
    <truncated/>
    <difficult/>
    <bndbox>
      <xmin>163.00578034682084</xmin>
      <ymin>123.83815028901739</ymin>
      <xmax>350.0</xmax>
      <ymax>334.8208092485549</ymax>
    </bndbox>
  </object>
  <object>
    <name>Medicine</name>
    <pose/>
    <truncated/>
    <difficult/>
    <bndbox>
      <xmin>408.3815028901736</xmin>
      <ymin>124.70520231213877</ymin>
      <xmax>416.1849710982659</xmax>
      <ymax>137.42196531791905</ymax>
    </bndbox>
  </object>
  <object>
    <name>Medicine</name>
    <pose/>
    <truncated/>
    <difficult/>
    <bndbox>
      <xmin>399.42196531791905</xmin>
      <ymin>127.59537572254328</ymin>
      <xmax>405.78034682080926</xmax>
      <ymax>138.28901734104048</ymax>
    </bndbox>
  </object>
</annotation>
