<annotation>
  <folder/>
  <filename>14224.jpg</filename>
  <database/>
  <annotation/>
  <image/>
  <size>
    <height>360</height>
    <width>640</width>
    <depth>3</depth>
  </size>
  <segmented/>
  <object>
    <name>InfusionBag</name>
    <pose/>
    <truncated/>
    <difficult/>
    <bndbox>
      <xmin>169.94219653179204</xmin>
      <ymin>10.254335260115596</ymin>
      <xmax>197.68786127167633</xmax>
      <ymax>55.91907514450867</ymax>
    </bndbox>
  </object>
  <object>
    <name>Person</name>
    <pose/>
    <truncated/>
    <difficult/>
    <bndbox>
      <xmin>162.4277456647399</xmin>
      <ymin>118.63583815028903</ymin>
      <xmax>360.40462427745666</xmax>
      <ymax>331.0635838150289</ymax>
    </bndbox>
  </object>
  <object>
    <name>Medicine</name>
    <pose/>
    <truncated/>
    <difficult/>
    <bndbox>
      <xmin>422.25433526011574</xmin>
      <ymin>127.01734104046247</ymin>
      <xmax>430.0578034682081</xmax>
      <ymax>139.73410404624275</ymax>
    </bndbox>
  </object>
  <object>
    <name>Medicine</name>
    <pose/>
    <truncated/>
    <difficult/>
    <bndbox>
      <xmin>412.13872832369935</xmin>
      <ymin>129.04046242774558</ymin>
      <xmax>419.9421965317919</xmax>
      <ymax>140.3121387283237</ymax>
    </bndbox>
  </object>
</annotation>
