<annotation>
  <folder/>
  <filename>14236.jpg</filename>
  <database/>
  <annotation/>
  <image/>
  <size>
    <height>360</height>
    <width>640</width>
    <depth>3</depth>
  </size>
  <segmented/>
  <object>
    <name>InfusionBag</name>
    <pose/>
    <truncated/>
    <difficult/>
    <bndbox>
      <xmin>202.02312138728337</xmin>
      <ymin>9.67630057803467</ymin>
      <xmax>225.14450867052022</xmax>
      <ymax>48.69364161849711</ymax>
    </bndbox>
  </object>
  <object>
    <name>Person</name>
    <pose/>
    <truncated/>
    <difficult/>
    <bndbox>
      <xmin>156.64739884393063</xmin>
      <ymin>116.61271676300578</ymin>
      <xmax>376.5895953757225</xmax>
      <ymax>332.5086705202312</ymax>
    </bndbox>
  </object>
  <object>
    <name>Medicine</name>
    <pose/>
    <truncated/>
    <difficult/>
    <bndbox>
      <xmin>447.68786127167647</xmin>
      <ymin>131.93063583815035</ymin>
      <xmax>455.4913294797688</xmax>
      <ymax>144.64739884393063</ymax>
    </bndbox>
  </object>
  <object>
    <name>Medicine</name>
    <pose/>
    <truncated/>
    <difficult/>
    <bndbox>
      <xmin>437.28323699421964</xmin>
      <ymin>134.24277456647388</ymin>
      <xmax>445.0867052023122</xmax>
      <ymax>145.514450867052</ymax>
    </bndbox>
  </object>
</annotation>
