<annotation>
  <folder/>
  <filename>14248.jpg</filename>
  <database/>
  <annotation/>
  <image/>
  <size>
    <height>360</height>
    <width>640</width>
    <depth>3</depth>
  </size>
  <segmented/>
  <object>
    <name>InfusionBag</name>
    <pose/>
    <truncated/>
    <difficult/>
    <bndbox>
      <xmin>213.87283236994233</xmin>
      <ymin>6.497109826589579</ymin>
      <xmax>234.68208092485548</xmax>
      <ymax>47.82658959537572</ymax>
    </bndbox>
  </object>
  <object>
    <name>Person</name>
    <pose/>
    <truncated/>
    <difficult/>
    <bndbox>
      <xmin>120.8092485549133</xmin>
      <ymin>113.4335260115607</ymin>
      <xmax>381.7919075144509</xmax>
      <ymax>331.6416184971098</ymax>
    </bndbox>
  </object>
  <object>
    <name>Medicine</name>
    <pose/>
    <truncated/>
    <difficult/>
    <bndbox>
      <xmin>466.47398843930654</xmin>
      <ymin>141.7572254335261</ymin>
      <xmax>475.4335260115607</xmax>
      <ymax>156.78612716763007</ymax>
    </bndbox>
  </object>
  <object>
    <name>Medicine</name>
    <pose/>
    <truncated/>
    <difficult/>
    <bndbox>
      <xmin>456.0693641618497</xmin>
      <ymin>143.4913294797687</ymin>
      <xmax>464.16184971098266</xmax>
      <ymax>156.4971098265896</ymax>
    </bndbox>
  </object>
</annotation>
