<annotation>
  <folder/>
  <filename>14254.jpg</filename>
  <database/>
  <annotation/>
  <image/>
  <size>
    <height>360</height>
    <width>640</width>
    <depth>3</depth>
  </size>
  <segmented/>
  <object>
    <name>InfusionBag</name>
    <pose/>
    <truncated/>
    <difficult/>
    <bndbox>
      <xmin>221.0982658959539</xmin>
      <ymin>9.965317919075133</ymin>
      <xmax>241.90751445086704</xmax>
      <ymax>51.294797687861276</ymax>
    </bndbox>
  </object>
  <object>
    <name>Person</name>
    <pose/>
    <truncated/>
    <difficult/>
    <bndbox>
      <xmin>110.11560693641619</xmin>
      <ymin>128.7514450867052</ymin>
      <xmax>387.8612716763006</xmax>
      <ymax>342.04624277456645</ymax>
    </bndbox>
  </object>
  <object>
    <name>Medicine</name>
    <pose/>
    <truncated/>
    <difficult/>
    <bndbox>
      <xmin>474.85549132947995</xmin>
      <ymin>150.71676300578042</ymin>
      <xmax>483.8150289017341</xmax>
      <ymax>165.7456647398844</ymax>
    </bndbox>
  </object>
  <object>
    <name>Medicine</name>
    <pose/>
    <truncated/>
    <difficult/>
    <bndbox>
      <xmin>464.4508670520231</xmin>
      <ymin>150.4277456647398</ymin>
      <xmax>472.5433526011561</xmax>
      <ymax>163.4335260115607</ymax>
    </bndbox>
  </object>
</annotation>
