<annotation>
  <folder/>
  <filename>14260.jpg</filename>
  <database/>
  <annotation/>
  <image/>
  <size>
    <height>360</height>
    <width>640</width>
    <depth>3</depth>
  </size>
  <segmented/>
  <object>
    <name>InfusionBag</name>
    <pose/>
    <truncated/>
    <difficult/>
    <bndbox>
      <xmin>230.05780346820822</xmin>
      <ymin>11.699421965317903</ymin>
      <xmax>250.86705202312137</xmax>
      <ymax>53.028901734104046</ymax>
    </bndbox>
  </object>
  <object>
    <name>Person</name>
    <pose/>
    <truncated/>
    <difficult/>
    <bndbox>
      <xmin>110.11560693641619</xmin>
      <ymin>128.7514450867052</ymin>
      <xmax>389.3063583815029</xmax>
      <ymax>342.6242774566474</ymax>
    </bndbox>
  </object>
  <object>
    <name>Medicine</name>
    <pose/>
    <truncated/>
    <difficult/>
    <bndbox>
      <xmin>484.10404624277476</xmin>
      <ymin>156.78612716763013</ymin>
      <xmax>493.0635838150289</xmax>
      <ymax>171.8150289017341</ymax>
    </bndbox>
  </object>
  <object>
    <name>Medicine</name>
    <pose/>
    <truncated/>
    <difficult/>
    <bndbox>
      <xmin>472.5433526011561</xmin>
      <ymin>158.52023121387273</ymin>
      <xmax>482.6589595375723</xmax>
      <ymax>172.10404624277456</ymax>
    </bndbox>
  </object>
</annotation>
