<annotation>
  <folder/>
  <filename>14302.jpg</filename>
  <database/>
  <annotation/>
  <image/>
  <size>
    <height>360</height>
    <width>640</width>
    <depth>3</depth>
  </size>
  <segmented/>
  <object>
    <name>InfusionBag</name>
    <pose/>
    <truncated/>
    <difficult/>
    <bndbox>
      <xmin>280.6358381502891</xmin>
      <ymin>13.722543352601136</ymin>
      <xmax>297.1098265895954</xmax>
      <ymax>56.78612716763005</ymax>
    </bndbox>
  </object>
  <object>
    <name>Person</name>
    <pose/>
    <truncated/>
    <difficult/>
    <bndbox>
      <xmin>72.25433526011557</xmin>
      <ymin>140.8901734104046</ymin>
      <xmax>430.63583815028903</xmax>
      <ymax>322.97109826589593</ymax>
    </bndbox>
  </object>
  <object>
    <name>Medicine</name>
    <pose/>
    <truncated/>
    <difficult/>
    <bndbox>
      <xmin>536.1271676300578</xmin>
      <ymin>209.0982658959538</ymin>
      <xmax>547.9768786127167</xmax>
      <ymax>229.90751445086704</ymax>
    </bndbox>
  </object>
  <object>
    <name>Medicine</name>
    <pose/>
    <truncated/>
    <difficult/>
    <bndbox>
      <xmin>522.543352601156</xmin>
      <ymin>205.91907514450855</ymin>
      <xmax>534.971098265896</xmax>
      <ymax>224.1271676300578</ymax>
    </bndbox>
  </object>
</annotation>
