<annotation>
  <folder/>
  <filename>14314.jpg</filename>
  <database/>
  <annotation/>
  <image/>
  <size>
    <height>360</height>
    <width>640</width>
    <depth>3</depth>
  </size>
  <segmented/>
  <object>
    <name>InfusionBag</name>
    <pose/>
    <truncated/>
    <difficult/>
    <bndbox>
      <xmin>289.30635838150295</xmin>
      <ymin>11.121387283236977</ymin>
      <xmax>305.78034682080926</xmax>
      <ymax>54.18497109826589</ymax>
    </bndbox>
  </object>
  <object>
    <name>Person</name>
    <pose/>
    <truncated/>
    <difficult/>
    <bndbox>
      <xmin>65.02890173410405</xmin>
      <ymin>157.94219653179192</ymin>
      <xmax>430.0578034682081</xmax>
      <ymax>316.6127167630058</ymax>
    </bndbox>
  </object>
  <object>
    <name>Medicine</name>
    <pose/>
    <truncated/>
    <difficult/>
    <bndbox>
      <xmin>537.2832369942197</xmin>
      <ymin>214.30057803468213</ymin>
      <xmax>549.1329479768787</xmax>
      <ymax>235.10982658959537</ymax>
    </bndbox>
  </object>
  <object>
    <name>Medicine</name>
    <pose/>
    <truncated/>
    <difficult/>
    <bndbox>
      <xmin>523.6994219653179</xmin>
      <ymin>210.8323699421964</ymin>
      <xmax>536.1271676300579</xmax>
      <ymax>229.04046242774567</ymax>
    </bndbox>
  </object>
</annotation>
