<annotation>
  <folder/>
  <filename>14344.jpg</filename>
  <database/>
  <annotation/>
  <image/>
  <size>
    <height>360</height>
    <width>640</width>
    <depth>3</depth>
  </size>
  <segmented/>
  <object>
    <name>InfusionBag</name>
    <pose/>
    <truncated/>
    <difficult/>
    <bndbox>
      <xmin>300.2890173410405</xmin>
      <ymin>9.965317919075126</ymin>
      <xmax>316.7630057803468</xmax>
      <ymax>53.02890173410404</ymax>
    </bndbox>
  </object>
  <object>
    <name>Person</name>
    <pose/>
    <truncated/>
    <difficult/>
    <bndbox>
      <xmin>15.02890173410411</xmin>
      <ymin>158.80924855491327</ymin>
      <xmax>440.7514450867052</xmax>
      <ymax>291.1791907514451</ymax>
    </bndbox>
  </object>
  <object>
    <name>Medicine</name>
    <pose/>
    <truncated/>
    <difficult/>
    <bndbox>
      <xmin>531.2138728323699</xmin>
      <ymin>260.5433526011562</ymin>
      <xmax>547.1098265895954</xmax>
      <ymax>290.3121387283237</ymax>
    </bndbox>
  </object>
  <object>
    <name>Medicine</name>
    <pose/>
    <truncated/>
    <difficult/>
    <bndbox>
      <xmin>519.6531791907516</xmin>
      <ymin>256.78612716762996</ymin>
      <xmax>534.1040462427746</xmax>
      <ymax>277.59537572254334</ymax>
    </bndbox>
  </object>
</annotation>
