<annotation>
  <folder/>
  <filename>15148.jpg</filename>
  <database/>
  <annotation/>
  <image/>
  <size>
    <height>360</height>
    <width>640</width>
    <depth>3</depth>
  </size>
  <segmented/>
  <object>
    <name>InfusionBag</name>
    <pose/>
    <truncated/>
    <difficult/>
    <bndbox>
      <xmin>302.8901734104047</xmin>
      <ymin>18.924855491329467</ymin>
      <xmax>319.364161849711</xmax>
      <ymax>61.98843930635839</ymax>
    </bndbox>
  </object>
  <object>
    <name>Person</name>
    <pose/>
    <truncated/>
    <difficult/>
    <bndbox>
      <xmin>131.79190751445083</xmin>
      <ymin>68.05780346820806</ymin>
      <xmax>363.87283236994216</xmax>
      <ymax>320.94797687861285</ymax>
    </bndbox>
  </object>
  <object>
    <name>Medicine</name>
    <pose/>
    <truncated/>
    <difficult/>
    <bndbox>
      <xmin>521.9653179190749</xmin>
      <ymin>202.45086705202323</ymin>
      <xmax>536.7052023121387</xmax>
      <ymax>229.61849710982656</ymax>
    </bndbox>
  </object>
  <object>
    <name>Medicine</name>
    <pose/>
    <truncated/>
    <difficult/>
    <bndbox>
      <xmin>504.3352601156072</xmin>
      <ymin>215.74566473988426</ymin>
      <xmax>519.6531791907514</xmax>
      <ymax>236.26589595375717</ymax>
    </bndbox>
  </object>
</annotation>
