<annotation>
  <folder/>
  <filename>15166.jpg</filename>
  <database/>
  <annotation/>
  <image/>
  <size>
    <height>360</height>
    <width>640</width>
    <depth>3</depth>
  </size>
  <segmented/>
  <object>
    <name>InfusionBag</name>
    <pose/>
    <truncated/>
    <difficult/>
    <bndbox>
      <xmin>304.91329479768797</xmin>
      <ymin>5.630057803468198</ymin>
      <xmax>321.3872832369943</xmax>
      <ymax>48.69364161849712</ymax>
    </bndbox>
  </object>
  <object>
    <name>Person</name>
    <pose/>
    <truncated/>
    <difficult/>
    <bndbox>
      <xmin>132.65895953757223</xmin>
      <ymin>52.45086705202313</ymin>
      <xmax>386.4161849710983</xmax>
      <ymax>326.728323699422</ymax>
    </bndbox>
  </object>
  <object>
    <name>Medicine</name>
    <pose/>
    <truncated/>
    <difficult/>
    <bndbox>
      <xmin>538.4393063583811</xmin>
      <ymin>179.3294797687862</ymin>
      <xmax>553.179190751445</xmax>
      <ymax>203.8959537572254</ymax>
    </bndbox>
  </object>
  <object>
    <name>Medicine</name>
    <pose/>
    <truncated/>
    <difficult/>
    <bndbox>
      <xmin>525.1445086705205</xmin>
      <ymin>191.4682080924854</ymin>
      <xmax>538.150289017341</xmax>
      <ymax>209.67630057803467</ymax>
    </bndbox>
  </object>
</annotation>
