<annotation>
  <folder/>
  <filename>15172.jpg</filename>
  <database/>
  <annotation/>
  <image/>
  <size>
    <height>360</height>
    <width>640</width>
    <depth>3</depth>
  </size>
  <segmented/>
  <object>
    <name>InfusionBag</name>
    <pose/>
    <truncated/>
    <difficult/>
    <bndbox>
      <xmin>304.91329479768797</xmin>
      <ymin>5.630057803468198</ymin>
      <xmax>321.3872832369943</xmax>
      <ymax>48.69364161849712</ymax>
    </bndbox>
  </object>
  <object>
    <name>Person</name>
    <pose/>
    <truncated/>
    <difficult/>
    <bndbox>
      <xmin>163.29479768786126</xmin>
      <ymin>54.763005780346816</ymin>
      <xmax>397.39884393063585</xmax>
      <ymax>328.7514450867052</ymax>
    </bndbox>
  </object>
  <object>
    <name>Medicine</name>
    <pose/>
    <truncated/>
    <difficult/>
    <bndbox>
      <xmin>542.4855491329477</xmin>
      <ymin>174.99421965317927</ymin>
      <xmax>557.2254335260116</xmax>
      <ymax>199.56069364161849</ymax>
    </bndbox>
  </object>
  <object>
    <name>Medicine</name>
    <pose/>
    <truncated/>
    <difficult/>
    <bndbox>
      <xmin>530.3468208092488</xmin>
      <ymin>188.28901734104033</ymin>
      <xmax>543.3526011560693</xmax>
      <ymax>206.4971098265896</ymax>
    </bndbox>
  </object>
</annotation>
