<annotation>
  <folder/>
  <filename>15178.jpg</filename>
  <database/>
  <annotation/>
  <image/>
  <size>
    <height>360</height>
    <width>640</width>
    <depth>3</depth>
  </size>
  <segmented/>
  <object>
    <name>InfusionBag</name>
    <pose/>
    <truncated/>
    <difficult/>
    <bndbox>
      <xmin>299.71098265895967</xmin>
      <ymin>3.317919075144502</ymin>
      <xmax>316.184971098266</xmax>
      <ymax>46.38150289017342</ymax>
    </bndbox>
  </object>
  <object>
    <name>Person</name>
    <pose/>
    <truncated/>
    <difficult/>
    <bndbox>
      <xmin>163.5838150289017</xmin>
      <ymin>51.005780346820785</ymin>
      <xmax>395.95375722543355</xmax>
      <ymax>331.64161849710985</ymax>
    </bndbox>
  </object>
  <object>
    <name>Medicine</name>
    <pose/>
    <truncated/>
    <difficult/>
    <bndbox>
      <xmin>537.8612716763002</xmin>
      <ymin>169.5028901734105</ymin>
      <xmax>552.6011560693642</xmax>
      <ymax>194.0693641618497</ymax>
    </bndbox>
  </object>
  <object>
    <name>Medicine</name>
    <pose/>
    <truncated/>
    <difficult/>
    <bndbox>
      <xmin>526.0115606936419</xmin>
      <ymin>183.37572254335248</ymin>
      <xmax>539.0173410404624</xmax>
      <ymax>201.58381502890174</ymax>
    </bndbox>
  </object>
</annotation>
