<annotation>
  <folder/>
  <filename>15184.jpg</filename>
  <database/>
  <annotation/>
  <image/>
  <size>
    <height>360</height>
    <width>640</width>
    <depth>3</depth>
  </size>
  <segmented/>
  <object>
    <name>InfusionBag</name>
    <pose/>
    <truncated/>
    <difficult/>
    <bndbox>
      <xmin>287.2832369942198</xmin>
      <ymin>-0.15028901734104494</ymin>
      <xmax>303.7572254335261</xmax>
      <ymax>42.913294797687875</ymax>
    </bndbox>
  </object>
  <object>
    <name>Person</name>
    <pose/>
    <truncated/>
    <difficult/>
    <bndbox>
      <xmin>159.82658959537565</xmin>
      <ymin>50.71676300578034</ymin>
      <xmax>392.1965317919075</xmax>
      <ymax>331.35260115606945</ymax>
    </bndbox>
  </object>
  <object>
    <name>Medicine</name>
    <pose/>
    <truncated/>
    <difficult/>
    <bndbox>
      <xmin>527.1676300578032</xmin>
      <ymin>164.5895953757226</ymin>
      <xmax>541.9075144508671</xmax>
      <ymax>189.15606936416182</ymax>
    </bndbox>
  </object>
  <object>
    <name>Medicine</name>
    <pose/>
    <truncated/>
    <difficult/>
    <bndbox>
      <xmin>514.161849710983</xmin>
      <ymin>178.17341040462418</ymin>
      <xmax>527.1676300578035</xmax>
      <ymax>196.38150289017344</ymax>
    </bndbox>
  </object>
</annotation>
