<annotation>
  <folder/>
  <filename>15196.jpg</filename>
  <database/>
  <annotation/>
  <image/>
  <size>
    <height>360</height>
    <width>640</width>
    <depth>3</depth>
  </size>
  <segmented/>
  <object>
    <name>InfusionBag</name>
    <pose/>
    <truncated/>
    <difficult/>
    <bndbox>
      <xmin>261.2716763005782</xmin>
      <ymin>-0.7283236994219742</ymin>
      <xmax>277.7456647398845</xmax>
      <ymax>42.33526011560694</ymax>
    </bndbox>
  </object>
  <object>
    <name>Person</name>
    <pose/>
    <truncated/>
    <difficult/>
    <bndbox>
      <xmin>139.88439306358373</xmin>
      <ymin>49.560693641618485</ymin>
      <xmax>369.9421965317919</xmax>
      <ymax>338.28901734104045</ymax>
    </bndbox>
  </object>
  <object>
    <name>Medicine</name>
    <pose/>
    <truncated/>
    <difficult/>
    <bndbox>
      <xmin>498.55491329479736</xmin>
      <ymin>157.07514450867058</ymin>
      <xmax>513.2947976878613</xmax>
      <ymax>181.6416184971098</ymax>
    </bndbox>
  </object>
  <object>
    <name>Medicine</name>
    <pose/>
    <truncated/>
    <difficult/>
    <bndbox>
      <xmin>488.4393063583818</xmin>
      <ymin>169.79190751445077</ymin>
      <xmax>501.44508670520236</xmax>
      <ymax>188.00000000000003</ymax>
    </bndbox>
  </object>
</annotation>
