<annotation>
  <folder/>
  <filename>15202.jpg</filename>
  <database/>
  <annotation/>
  <image/>
  <size>
    <height>360</height>
    <width>640</width>
    <depth>3</depth>
  </size>
  <segmented/>
  <object>
    <name>InfusionBag</name>
    <pose/>
    <truncated/>
    <difficult/>
    <bndbox>
      <xmin>252.02312138728342</xmin>
      <ymin>0.13872832369941435</ymin>
      <xmax>268.49710982658974</xmax>
      <ymax>43.20231213872833</ymax>
    </bndbox>
  </object>
  <object>
    <name>Person</name>
    <pose/>
    <truncated/>
    <difficult/>
    <bndbox>
      <xmin>136.70520231213868</xmin>
      <ymin>48.115606936416185</ymin>
      <xmax>366.7630057803469</xmax>
      <ymax>336.8439306358382</ymax>
    </bndbox>
  </object>
  <object>
    <name>Medicine</name>
    <pose/>
    <truncated/>
    <difficult/>
    <bndbox>
      <xmin>490.7514450867049</xmin>
      <ymin>153.8959537572255</ymin>
      <xmax>505.49132947976875</xmax>
      <ymax>178.4624277456647</ymax>
    </bndbox>
  </object>
  <object>
    <name>Medicine</name>
    <pose/>
    <truncated/>
    <difficult/>
    <bndbox>
      <xmin>480.6358381502894</xmin>
      <ymin>166.90173410404617</ymin>
      <xmax>493.64161849710973</xmax>
      <ymax>185.10982658959543</ymax>
    </bndbox>
  </object>
</annotation>
