<annotation>
  <folder/>
  <filename>15208.jpg</filename>
  <database/>
  <annotation/>
  <image/>
  <size>
    <height>360</height>
    <width>640</width>
    <depth>3</depth>
  </size>
  <segmented/>
  <object>
    <name>InfusionBag</name>
    <pose/>
    <truncated/>
    <difficult/>
    <bndbox>
      <xmin>252.02312138728342</xmin>
      <ymin>0.13872832369941435</ymin>
      <xmax>268.49710982658974</xmax>
      <ymax>43.20231213872833</ymax>
    </bndbox>
  </object>
  <object>
    <name>Person</name>
    <pose/>
    <truncated/>
    <difficult/>
    <bndbox>
      <xmin>136.70520231213868</xmin>
      <ymin>48.115606936416185</ymin>
      <xmax>366.7630057803469</xmax>
      <ymax>336.8439306358382</ymax>
    </bndbox>
  </object>
  <object>
    <name>Medicine</name>
    <pose/>
    <truncated/>
    <difficult/>
    <bndbox>
      <xmin>490.17341040462395</xmin>
      <ymin>148.4046242774567</ymin>
      <xmax>504.9132947976878</xmax>
      <ymax>172.9710982658959</ymax>
    </bndbox>
  </object>
  <object>
    <name>Medicine</name>
    <pose/>
    <truncated/>
    <difficult/>
    <bndbox>
      <xmin>480.0578034682084</xmin>
      <ymin>163.43352601156062</ymin>
      <xmax>492.485549132948</xmax>
      <ymax>180.19653179190752</ymax>
    </bndbox>
  </object>
</annotation>
