<annotation>
  <folder/>
  <filename>15220.jpg</filename>
  <database/>
  <annotation/>
  <image/>
  <size>
    <height>360</height>
    <width>640</width>
    <depth>3</depth>
  </size>
  <segmented/>
  <object>
    <name>InfusionBag</name>
    <pose/>
    <truncated/>
    <difficult/>
    <bndbox>
      <xmin>263.5838150289019</xmin>
      <ymin>-0.43930635838151133</ymin>
      <xmax>280.0578034682082</xmax>
      <ymax>42.624277456647405</ymax>
    </bndbox>
  </object>
  <object>
    <name>Person</name>
    <pose/>
    <truncated/>
    <difficult/>
    <bndbox>
      <xmin>165.6069364161849</xmin>
      <ymin>43.78034682080923</ymin>
      <xmax>390.1734104046243</xmax>
      <ymax>338.8670520231214</ymax>
    </bndbox>
  </object>
  <object>
    <name>Medicine</name>
    <pose/>
    <truncated/>
    <difficult/>
    <bndbox>
      <xmin>508.38150289017307</xmin>
      <ymin>141.4682080924856</ymin>
      <xmax>519.0751445086705</xmax>
      <ymax>165.7456647398844</ymax>
    </bndbox>
  </object>
  <object>
    <name>Medicine</name>
    <pose/>
    <truncated/>
    <difficult/>
    <bndbox>
      <xmin>500.00000000000034</xmin>
      <ymin>155.6300578034681</ymin>
      <xmax>512.4277456647399</xmax>
      <ymax>172.10404624277456</ymax>
    </bndbox>
  </object>
</annotation>
