<annotation>
  <folder/>
  <filename>15226.jpg</filename>
  <database/>
  <annotation/>
  <image/>
  <size>
    <height>360</height>
    <width>640</width>
    <depth>3</depth>
  </size>
  <segmented/>
  <object>
    <name>InfusionBag</name>
    <pose/>
    <truncated/>
    <difficult/>
    <bndbox>
      <xmin>263.5838150289019</xmin>
      <ymin>-0.43930635838151133</ymin>
      <xmax>280.0578034682082</xmax>
      <ymax>42.624277456647405</ymax>
    </bndbox>
  </object>
  <object>
    <name>Person</name>
    <pose/>
    <truncated/>
    <difficult/>
    <bndbox>
      <xmin>165.6069364161849</xmin>
      <ymin>43.78034682080923</ymin>
      <xmax>393.9306358381503</xmax>
      <ymax>342.6242774566474</ymax>
    </bndbox>
  </object>
  <object>
    <name>Medicine</name>
    <pose/>
    <truncated/>
    <difficult/>
    <bndbox>
      <xmin>507.5144508670516</xmin>
      <ymin>140.89017341040469</ymin>
      <xmax>518.2080924855491</xmax>
      <ymax>165.16763005780348</ymax>
    </bndbox>
  </object>
  <object>
    <name>Medicine</name>
    <pose/>
    <truncated/>
    <difficult/>
    <bndbox>
      <xmin>498.8439306358385</xmin>
      <ymin>155.91907514450855</ymin>
      <xmax>511.271676300578</xmax>
      <ymax>172.393063583815</ymax>
    </bndbox>
  </object>
</annotation>
