<annotation>
  <folder/>
  <filename>15238.jpg</filename>
  <database/>
  <annotation/>
  <image/>
  <size>
    <height>360</height>
    <width>640</width>
    <depth>3</depth>
  </size>
  <segmented/>
  <object>
    <name>InfusionBag</name>
    <pose/>
    <truncated/>
    <difficult/>
    <bndbox>
      <xmin>255.78034682080937</xmin>
      <ymin>2.1618497109826507</ymin>
      <xmax>272.2543352601157</xmax>
      <ymax>45.22543352601157</ymax>
    </bndbox>
  </object>
  <object>
    <name>Person</name>
    <pose/>
    <truncated/>
    <difficult/>
    <bndbox>
      <xmin>194.79768786127167</xmin>
      <ymin>46.092485549132945</ymin>
      <xmax>392.485549132948</xmax>
      <ymax>342.91329479768785</ymax>
    </bndbox>
  </object>
  <object>
    <name>Medicine</name>
    <pose/>
    <truncated/>
    <difficult/>
    <bndbox>
      <xmin>495.0867052023117</xmin>
      <ymin>139.73410404624286</ymin>
      <xmax>505.78034682080926</xmax>
      <ymax>164.01156069364166</ymax>
    </bndbox>
  </object>
  <object>
    <name>Medicine</name>
    <pose/>
    <truncated/>
    <difficult/>
    <bndbox>
      <xmin>486.7052023121391</xmin>
      <ymin>153.3179190751444</ymin>
      <xmax>499.1329479768786</xmax>
      <ymax>169.79190751445086</ymax>
    </bndbox>
  </object>
</annotation>
