<annotation>
  <folder/>
  <filename>15232.jpg</filename>
  <database/>
  <annotation/>
  <image/>
  <size>
    <height>360</height>
    <width>640</width>
    <depth>3</depth>
  </size>
  <segmented/>
  <object>
    <name>InfusionBag</name>
    <pose/>
    <truncated/>
    <difficult/>
    <bndbox>
      <xmin>262.7167630057805</xmin>
      <ymin>0.4277456647398772</ymin>
      <xmax>279.1907514450868</xmax>
      <ymax>43.491329479768794</ymax>
    </bndbox>
  </object>
  <object>
    <name>Person</name>
    <pose/>
    <truncated/>
    <difficult/>
    <bndbox>
      <xmin>165.6069364161849</xmin>
      <ymin>43.78034682080923</ymin>
      <xmax>393.9306358381503</xmax>
      <ymax>342.6242774566474</ymax>
    </bndbox>
  </object>
  <object>
    <name>Medicine</name>
    <pose/>
    <truncated/>
    <difficult/>
    <bndbox>
      <xmin>502.0231213872828</xmin>
      <ymin>140.0231213872833</ymin>
      <xmax>512.7167630057803</xmax>
      <ymax>164.3005780346821</ymax>
    </bndbox>
  </object>
  <object>
    <name>Medicine</name>
    <pose/>
    <truncated/>
    <difficult/>
    <bndbox>
      <xmin>495.37572254335294</xmin>
      <ymin>154.47398843930625</ymin>
      <xmax>507.80346820809245</xmax>
      <ymax>170.9479768786127</ymax>
    </bndbox>
  </object>
</annotation>
