<annotation>
  <folder/>
  <filename>15268.jpg</filename>
  <database/>
  <annotation/>
  <image/>
  <size>
    <height>360</height>
    <width>640</width>
    <depth>3</depth>
  </size>
  <segmented/>
  <object>
    <name>InfusionBag</name>
    <pose/>
    <truncated/>
    <difficult/>
    <bndbox>
      <xmin>255.78034682080937</xmin>
      <ymin>2.1618497109826507</ymin>
      <xmax>272.2543352601157</xmax>
      <ymax>45.22543352601157</ymax>
    </bndbox>
  </object>
  <object>
    <name>Person</name>
    <pose/>
    <truncated/>
    <difficult/>
    <bndbox>
      <xmin>194.79768786127167</xmin>
      <ymin>46.092485549132945</ymin>
      <xmax>386.4161849710983</xmax>
      <ymax>339.7341040462428</ymax>
    </bndbox>
  </object>
  <object>
    <name>Medicine</name>
    <pose/>
    <truncated/>
    <difficult/>
    <bndbox>
      <xmin>491.61849710982614</xmin>
      <ymin>139.73410404624286</ymin>
      <xmax>502.3121387283237</xmax>
      <ymax>164.01156069364166</ymax>
    </bndbox>
  </object>
  <object>
    <name>Medicine</name>
    <pose/>
    <truncated/>
    <difficult/>
    <bndbox>
      <xmin>484.6820809248559</xmin>
      <ymin>153.60693641618488</ymin>
      <xmax>497.1098265895954</xmax>
      <ymax>170.08092485549133</ymax>
    </bndbox>
  </object>
</annotation>
