<annotation>
  <folder/>
  <filename>16002.jpg</filename>
  <database/>
  <annotation/>
  <image/>
  <size>
    <height>360</height>
    <width>640</width>
    <depth>3</depth>
  </size>
  <segmented/>
  <object>
    <name>InfusionBag</name>
    <pose/>
    <truncated/>
    <difficult/>
    <bndbox>
      <xmin>129.76878612716771</xmin>
      <ymin>70.08092485549132</ymin>
      <xmax>173.41040462427745</xmax>
      <ymax>158.52023121387285</ymax>
    </bndbox>
  </object>
  <object>
    <name>Person</name>
    <pose/>
    <truncated/>
    <difficult/>
    <bndbox>
      <xmin>113.58381502890174</xmin>
      <ymin>199.27167630057804</ymin>
      <xmax>530.635838150289</xmax>
      <ymax>317.4797687861272</ymax>
    </bndbox>
  </object>
  <object>
    <name>Medicine</name>
    <pose/>
    <truncated/>
    <difficult/>
    <bndbox>
      <xmin>164.16184971098266</xmin>
      <ymin>173.5491329479769</ymin>
      <xmax>173.41040462427745</xmax>
      <ymax>189.15606936416185</ymax>
    </bndbox>
  </object>
  <object>
    <name>Medicine</name>
    <pose/>
    <truncated/>
    <difficult/>
    <bndbox>
      <xmin>160.11560693641658</xmin>
      <ymin>181.64161849710973</ymin>
      <xmax>164.16184971098266</xmax>
      <ymax>194.9364161849711</ymax>
    </bndbox>
  </object>
  <object>
    <name>Person</name>
    <pose/>
    <truncated/>
    <difficult/>
    <bndbox>
      <xmin>180.92485549132948</xmin>
      <ymin>104.47398843930635</ymin>
      <xmax>308.67052023121386</xmax>
      <ymax>228.46242774566474</ymax>
    </bndbox>
  </object>
</annotation>
