<annotation>
  <folder/>
  <filename>16008.jpg</filename>
  <database/>
  <annotation/>
  <image/>
  <size>
    <height>360</height>
    <width>640</width>
    <depth>3</depth>
  </size>
  <segmented/>
  <object>
    <name>InfusionBag</name>
    <pose/>
    <truncated/>
    <difficult/>
    <bndbox>
      <xmin>129.76878612716771</xmin>
      <ymin>70.08092485549132</ymin>
      <xmax>173.41040462427745</xmax>
      <ymax>158.52023121387285</ymax>
    </bndbox>
  </object>
  <object>
    <name>Person</name>
    <pose/>
    <truncated/>
    <difficult/>
    <bndbox>
      <xmin>113.58381502890174</xmin>
      <ymin>199.27167630057804</ymin>
      <xmax>530.635838150289</xmax>
      <ymax>317.4797687861272</ymax>
    </bndbox>
  </object>
  <object>
    <name>Medicine</name>
    <pose/>
    <truncated/>
    <difficult/>
    <bndbox>
      <xmin>168.78612716763004</xmin>
      <ymin>174.9942196531792</ymin>
      <xmax>178.03468208092482</xmax>
      <ymax>190.60115606936415</ymax>
    </bndbox>
  </object>
  <object>
    <name>Medicine</name>
    <pose/>
    <truncated/>
    <difficult/>
    <bndbox>
      <xmin>165.3179190751449</xmin>
      <ymin>181.35260115606928</ymin>
      <xmax>169.364161849711</xmax>
      <ymax>194.64739884393066</ymax>
    </bndbox>
  </object>
  <object>
    <name>Person</name>
    <pose/>
    <truncated/>
    <difficult/>
    <bndbox>
      <xmin>180.92485549132948</xmin>
      <ymin>104.47398843930635</ymin>
      <xmax>308.67052023121386</xmax>
      <ymax>228.46242774566474</ymax>
    </bndbox>
  </object>
</annotation>
