<annotation>
  <folder/>
  <filename>16014.jpg</filename>
  <database/>
  <annotation/>
  <image/>
  <size>
    <height>360</height>
    <width>640</width>
    <depth>3</depth>
  </size>
  <segmented/>
  <object>
    <name>InfusionBag</name>
    <pose/>
    <truncated/>
    <difficult/>
    <bndbox>
      <xmin>134.68208092485557</xmin>
      <ymin>67.47976878612717</ymin>
      <xmax>178.3236994219653</xmax>
      <ymax>155.9190751445087</ymax>
    </bndbox>
  </object>
  <object>
    <name>Person</name>
    <pose/>
    <truncated/>
    <difficult/>
    <bndbox>
      <xmin>113.58381502890174</xmin>
      <ymin>199.27167630057804</ymin>
      <xmax>541.3294797687861</xmax>
      <ymax>314.5895953757225</ymax>
    </bndbox>
  </object>
  <object>
    <name>Medicine</name>
    <pose/>
    <truncated/>
    <difficult/>
    <bndbox>
      <xmin>175.72254335260115</xmin>
      <ymin>172.97109826589596</ymin>
      <xmax>184.97109826589593</xmax>
      <ymax>188.57803468208093</ymax>
    </bndbox>
  </object>
  <object>
    <name>Medicine</name>
    <pose/>
    <truncated/>
    <difficult/>
    <bndbox>
      <xmin>169.94219653179232</xmin>
      <ymin>179.90751445086696</ymin>
      <xmax>176.878612716763</xmax>
      <ymax>192.91329479768785</ymax>
    </bndbox>
  </object>
  <object>
    <name>Person</name>
    <pose/>
    <truncated/>
    <difficult/>
    <bndbox>
      <xmin>180.92485549132948</xmin>
      <ymin>104.47398843930635</ymin>
      <xmax>308.67052023121386</xmax>
      <ymax>228.46242774566474</ymax>
    </bndbox>
  </object>
</annotation>
