<annotation>
  <folder/>
  <filename>16020.jpg</filename>
  <database/>
  <annotation/>
  <image/>
  <size>
    <height>360</height>
    <width>640</width>
    <depth>3</depth>
  </size>
  <segmented/>
  <object>
    <name>InfusionBag</name>
    <pose/>
    <truncated/>
    <difficult/>
    <bndbox>
      <xmin>134.39306358381512</xmin>
      <ymin>62.277456647398836</ymin>
      <xmax>178.03468208092485</xmax>
      <ymax>150.71676300578036</ymax>
    </bndbox>
  </object>
  <object>
    <name>Person</name>
    <pose/>
    <truncated/>
    <difficult/>
    <bndbox>
      <xmin>127.16763005780346</xmin>
      <ymin>194.64739884393063</ymin>
      <xmax>545.3757225433526</xmax>
      <ymax>314.3005780346821</ymax>
    </bndbox>
  </object>
  <object>
    <name>Medicine</name>
    <pose/>
    <truncated/>
    <difficult/>
    <bndbox>
      <xmin>181.79190751445088</xmin>
      <ymin>171.52601156069366</ymin>
      <xmax>191.04046242774567</xmax>
      <ymax>187.13294797687863</ymax>
    </bndbox>
  </object>
  <object>
    <name>Medicine</name>
    <pose/>
    <truncated/>
    <difficult/>
    <bndbox>
      <xmin>176.58959537572295</xmin>
      <ymin>177.88439306358373</ymin>
      <xmax>183.52601156069363</xmax>
      <ymax>191.17919075144508</ymax>
    </bndbox>
  </object>
  <object>
    <name>Person</name>
    <pose/>
    <truncated/>
    <difficult/>
    <bndbox>
      <xmin>180.92485549132948</xmin>
      <ymin>104.47398843930635</ymin>
      <xmax>326.0115606936416</xmax>
      <ymax>225.5722543352601</ymax>
    </bndbox>
  </object>
</annotation>
