<annotation>
  <folder/>
  <filename>16044.jpg</filename>
  <database/>
  <annotation/>
  <image/>
  <size>
    <height>360</height>
    <width>640</width>
    <depth>3</depth>
  </size>
  <segmented/>
  <object>
    <name>Person</name>
    <pose/>
    <truncated/>
    <difficult/>
    <bndbox>
      <xmin>111.84971098265896</xmin>
      <ymin>174.1271676300578</ymin>
      <xmax>519.364161849711</xmax>
      <ymax>336.5549132947977</ymax>
    </bndbox>
  </object>
  <object>
    <name>Medicine</name>
    <pose/>
    <truncated/>
    <difficult/>
    <bndbox>
      <xmin>190.17341040462415</xmin>
      <ymin>158.8092485549135</ymin>
      <xmax>202.02312138728323</xmax>
      <ymax>177.01734104046244</ymax>
    </bndbox>
  </object>
  <object>
    <name>InfusionBag</name>
    <pose/>
    <truncated/>
    <difficult/>
    <bndbox>
      <xmin>67.91907514450862</xmin>
      <ymin>60.25433526011561</ymin>
      <xmax>115.31791907514452</xmax>
      <ymax>147.2485549132948</ymax>
    </bndbox>
  </object>
  <object>
    <name>Medicine</name>
    <pose/>
    <truncated/>
    <difficult/>
    <bndbox>
      <xmin>182.94797687861228</xmin>
      <ymin>167.4797687861271</ymin>
      <xmax>192.19653179190752</xmax>
      <ymax>179.6184971098266</ymax>
    </bndbox>
  </object>
  <object>
    <name>Person</name>
    <pose/>
    <truncated/>
    <difficult/>
    <bndbox>
      <xmin>168.4971098265896</xmin>
      <ymin>99.5606936416185</ymin>
      <xmax>318.78612716763007</xmax>
      <ymax>219.5028901734104</ymax>
    </bndbox>
  </object>
</annotation>
