<annotation>
  <folder/>
  <filename>16080.jpg</filename>
  <database/>
  <annotation/>
  <image/>
  <size>
    <height>360</height>
    <width>640</width>
    <depth>3</depth>
  </size>
  <segmented/>
  <object>
    <name>InfusionBag</name>
    <pose/>
    <truncated/>
    <difficult/>
    <bndbox>
      <xmin>32.080924855491396</xmin>
      <ymin>20.369942196531788</ymin>
      <xmax>75.72254335260114</xmax>
      <ymax>108.80924855491338</ymax>
    </bndbox>
  </object>
  <object>
    <name>Person</name>
    <pose/>
    <truncated/>
    <difficult/>
    <bndbox>
      <xmin>143.9306358381503</xmin>
      <ymin>144.35838150289018</ymin>
      <xmax>526.8439306358381</xmax>
      <ymax>358.71098265895955</ymax>
    </bndbox>
  </object>
  <object>
    <name>Person</name>
    <pose/>
    <truncated/>
    <difficult/>
    <bndbox>
      <xmin>212.1387283236994</xmin>
      <ymin>71.23699421965318</ymin>
      <xmax>354.0462427745665</xmax>
      <ymax>206.78612716763007</ymax>
    </bndbox>
  </object>
</annotation>
