<annotation>
  <folder/>
  <filename>16092.jpg</filename>
  <database/>
  <annotation/>
  <image/>
  <size>
    <height>360</height>
    <width>640</width>
    <depth>3</depth>
  </size>
  <segmented/>
  <object>
    <name>InfusionBag</name>
    <pose/>
    <truncated/>
    <difficult/>
    <bndbox>
      <xmin>45.37572254335266</xmin>
      <ymin>23.838150289017342</ymin>
      <xmax>89.01734104046243</xmax>
      <ymax>95.51445086705202</ymax>
    </bndbox>
  </object>
  <object>
    <name>Person</name>
    <pose/>
    <truncated/>
    <difficult/>
    <bndbox>
      <xmin>144.21965317919074</xmin>
      <ymin>142.04624277456648</ymin>
      <xmax>526.8439306358381</xmax>
      <ymax>358.71098265895955</ymax>
    </bndbox>
  </object>
  <object>
    <name>Person</name>
    <pose/>
    <truncated/>
    <difficult/>
    <bndbox>
      <xmin>225.7225433526012</xmin>
      <ymin>68.92485549132948</ymin>
      <xmax>369.0751445086704</xmax>
      <ymax>205.63005780346828</ymax>
    </bndbox>
  </object>
</annotation>
