<annotation>
  <folder/>
  <filename>16110.jpg</filename>
  <database/>
  <annotation/>
  <image/>
  <size>
    <height>360</height>
    <width>640</width>
    <depth>3</depth>
  </size>
  <segmented/>
  <object>
    <name>InfusionBag</name>
    <pose/>
    <truncated/>
    <difficult/>
    <bndbox>
      <xmin>56.93641618497116</xmin>
      <ymin>17.190751445086704</ymin>
      <xmax>100.57803468208093</xmax>
      <ymax>88.86705202312137</ymax>
    </bndbox>
  </object>
  <object>
    <name>Person</name>
    <pose/>
    <truncated/>
    <difficult/>
    <bndbox>
      <xmin>174.27745664739885</xmin>
      <ymin>133.66473988439307</ymin>
      <xmax>538.693641618497</xmax>
      <ymax>358.4219653179191</ymax>
    </bndbox>
  </object>
  <object>
    <name>Person</name>
    <pose/>
    <truncated/>
    <difficult/>
    <bndbox>
      <xmin>234.97109826589602</xmin>
      <ymin>67.19075144508673</ymin>
      <xmax>398.84393063583815</xmax>
      <ymax>210.5433526011561</ymax>
    </bndbox>
  </object>
</annotation>
