<annotation>
  <folder/>
  <filename>16134.jpg</filename>
  <database/>
  <annotation/>
  <image/>
  <size>
    <height>360</height>
    <width>640</width>
    <depth>3</depth>
  </size>
  <segmented/>
  <object>
    <name>InfusionBag</name>
    <pose/>
    <truncated/>
    <difficult/>
    <bndbox>
      <xmin>84.97109826589602</xmin>
      <ymin>13.144508670520224</ymin>
      <xmax>127.45664739884393</xmax>
      <ymax>78.46242774566473</ymax>
    </bndbox>
  </object>
  <object>
    <name>Person</name>
    <pose/>
    <truncated/>
    <difficult/>
    <bndbox>
      <xmin>171.09826589595377</xmin>
      <ymin>120.08092485549133</ymin>
      <xmax>488.0</xmax>
      <ymax>359.0</ymax>
    </bndbox>
  </object>
  <object>
    <name>Person</name>
    <pose/>
    <truncated/>
    <difficult/>
    <bndbox>
      <xmin>246.82080924855492</xmin>
      <ymin>58.23121387283237</ymin>
      <xmax>412.71676300578036</xmax>
      <ymax>212.85549132947972</ymax>
    </bndbox>
  </object>
</annotation>
