<annotation>
  <folder/>
  <filename>16146.jpg</filename>
  <database/>
  <annotation/>
  <image/>
  <size>
    <height>360</height>
    <width>640</width>
    <depth>3</depth>
  </size>
  <segmented/>
  <object>
    <name>InfusionBag</name>
    <pose/>
    <truncated/>
    <difficult/>
    <bndbox>
      <xmin>97.39884393063589</xmin>
      <ymin>7.653179190751445</ymin>
      <xmax>139.8843930635835</xmax>
      <ymax>72.97109826589596</ymax>
    </bndbox>
  </object>
  <object>
    <name>Person</name>
    <pose/>
    <truncated/>
    <difficult/>
    <bndbox>
      <xmin>203.757225433526</xmin>
      <ymin>114.878612716763</ymin>
      <xmax>494.5086705202312</xmax>
      <ymax>358.5202312138728</ymax>
    </bndbox>
  </object>
  <object>
    <name>Person</name>
    <pose/>
    <truncated/>
    <difficult/>
    <bndbox>
      <xmin>266.7630057803469</xmin>
      <ymin>56.20809248554913</ymin>
      <xmax>432.6589595375723</xmax>
      <ymax>210.83236994219658</ymax>
    </bndbox>
  </object>
</annotation>
