<annotation>
  <folder/>
  <filename>16158.jpg</filename>
  <database/>
  <annotation/>
  <image/>
  <size>
    <height>360</height>
    <width>640</width>
    <depth>3</depth>
  </size>
  <segmented/>
  <object>
    <name>InfusionBag</name>
    <pose/>
    <truncated/>
    <difficult/>
    <bndbox>
      <xmin>97.68786127167635</xmin>
      <ymin>1.2947976878612764</ymin>
      <xmax>140.17341040462395</xmax>
      <ymax>66.6127167630058</ymax>
    </bndbox>
  </object>
  <object>
    <name>Person</name>
    <pose/>
    <truncated/>
    <difficult/>
    <bndbox>
      <xmin>204.04624277456648</xmin>
      <ymin>108.23121387283237</ymin>
      <xmax>477.4566473988439</xmax>
      <ymax>357.36416184971097</ymax>
    </bndbox>
  </object>
  <object>
    <name>Person</name>
    <pose/>
    <truncated/>
    <difficult/>
    <bndbox>
      <xmin>251.7341040462428</xmin>
      <ymin>46.67052023121386</ymin>
      <xmax>427.4566473988439</xmax>
      <ymax>211.69942196531792</ymax>
    </bndbox>
  </object>
</annotation>
