<annotation>
  <folder/>
  <filename>16152.jpg</filename>
  <database/>
  <annotation/>
  <image/>
  <size>
    <height>360</height>
    <width>640</width>
    <depth>3</depth>
  </size>
  <segmented/>
  <object>
    <name>InfusionBag</name>
    <pose/>
    <truncated/>
    <difficult/>
    <bndbox>
      <xmin>97.39884393063589</xmin>
      <ymin>7.653179190751445</ymin>
      <xmax>139.8843930635835</xmax>
      <ymax>72.97109826589596</ymax>
    </bndbox>
  </object>
  <object>
    <name>Person</name>
    <pose/>
    <truncated/>
    <difficult/>
    <bndbox>
      <xmin>204.04624277456648</xmin>
      <ymin>108.23121387283237</ymin>
      <xmax>477.4566473988439</xmax>
      <ymax>357.36416184971097</ymax>
    </bndbox>
  </object>
  <object>
    <name>Person</name>
    <pose/>
    <truncated/>
    <difficult/>
    <bndbox>
      <xmin>266.1849710982659</xmin>
      <ymin>53.02890173410404</ymin>
      <xmax>432.08092485549133</xmax>
      <ymax>207.65317919075147</ymax>
    </bndbox>
  </object>
</annotation>
