<annotation>
  <folder/>
  <filename>16164.jpg</filename>
  <database/>
  <annotation/>
  <image/>
  <size>
    <height>360</height>
    <width>640</width>
    <depth>3</depth>
  </size>
  <segmented/>
  <object>
    <name>InfusionBag</name>
    <pose/>
    <truncated/>
    <difficult/>
    <bndbox>
      <xmin>98.55491329479774</xmin>
      <ymin>3.6069364161849755</ymin>
      <xmax>139.3063583815029</xmax>
      <ymax>63.14450867052024</ymax>
    </bndbox>
  </object>
  <object>
    <name>Person</name>
    <pose/>
    <truncated/>
    <difficult/>
    <bndbox>
      <xmin>204.04624277456648</xmin>
      <ymin>108.23121387283237</ymin>
      <xmax>419.36416184971097</xmax>
      <ymax>339.15606936416185</ymax>
    </bndbox>
  </object>
  <object>
    <name>Person</name>
    <pose/>
    <truncated/>
    <difficult/>
    <bndbox>
      <xmin>251.7341040462428</xmin>
      <ymin>46.67052023121386</ymin>
      <xmax>427.4566473988439</xmax>
      <ymax>211.69942196531792</ymax>
    </bndbox>
  </object>
</annotation>
