<annotation>
  <folder/>
  <filename>16170.jpg</filename>
  <database/>
  <annotation/>
  <image/>
  <size>
    <height>360</height>
    <width>640</width>
    <depth>3</depth>
  </size>
  <segmented/>
  <object>
    <name>InfusionBag</name>
    <pose/>
    <truncated/>
    <difficult/>
    <bndbox>
      <xmin>106.35838150289024</xmin>
      <ymin>7.942196531791911</ymin>
      <xmax>142.19653179190752</xmax>
      <ymax>62.56647398843931</ymax>
    </bndbox>
  </object>
  <object>
    <name>Person</name>
    <pose/>
    <truncated/>
    <difficult/>
    <bndbox>
      <xmin>204.04624277456648</xmin>
      <ymin>108.23121387283237</ymin>
      <xmax>412.4277456647399</xmax>
      <ymax>339.15606936416185</ymax>
    </bndbox>
  </object>
  <object>
    <name>Person</name>
    <pose/>
    <truncated/>
    <difficult/>
    <bndbox>
      <xmin>251.7341040462428</xmin>
      <ymin>46.67052023121386</ymin>
      <xmax>427.4566473988439</xmax>
      <ymax>211.69942196531792</ymax>
    </bndbox>
  </object>
</annotation>
