<annotation>
  <folder/>
  <filename>16176.jpg</filename>
  <database/>
  <annotation/>
  <image/>
  <size>
    <height>360</height>
    <width>640</width>
    <depth>3</depth>
  </size>
  <segmented/>
  <object>
    <name>InfusionBag</name>
    <pose/>
    <truncated/>
    <difficult/>
    <bndbox>
      <xmin>118.49710982658965</xmin>
      <ymin>14.300578034682086</ymin>
      <xmax>152.3121387283237</xmax>
      <ymax>65.16763005780346</ymax>
    </bndbox>
  </object>
  <object>
    <name>Person</name>
    <pose/>
    <truncated/>
    <difficult/>
    <bndbox>
      <xmin>204.04624277456648</xmin>
      <ymin>108.23121387283237</ymin>
      <xmax>412.4277456647399</xmax>
      <ymax>339.15606936416185</ymax>
    </bndbox>
  </object>
  <object>
    <name>Person</name>
    <pose/>
    <truncated/>
    <difficult/>
    <bndbox>
      <xmin>251.7341040462428</xmin>
      <ymin>46.67052023121386</ymin>
      <xmax>433.2369942196532</xmax>
      <ymax>227.3063583815029</ymax>
    </bndbox>
  </object>
</annotation>
