<annotation>
  <folder/>
  <filename>16194.jpg</filename>
  <database/>
  <annotation/>
  <image/>
  <size>
    <height>360</height>
    <width>640</width>
    <depth>3</depth>
  </size>
  <segmented/>
  <object>
    <name>InfusionBag</name>
    <pose/>
    <truncated/>
    <difficult/>
    <bndbox>
      <xmin>125.7225433526012</xmin>
      <ymin>5.919075144508678</ymin>
      <xmax>158.95953757225433</xmax>
      <ymax>55.34104046242774</ymax>
    </bndbox>
  </object>
  <object>
    <name>Person</name>
    <pose/>
    <truncated/>
    <difficult/>
    <bndbox>
      <xmin>161.271676300578</xmin>
      <ymin>108.8092485549133</ymin>
      <xmax>353.757225433526</xmax>
      <ymax>327.88439306358384</ymax>
    </bndbox>
  </object>
  <object>
    <name>Person</name>
    <pose/>
    <truncated/>
    <difficult/>
    <bndbox>
      <xmin>259.2485549132948</xmin>
      <ymin>53.60693641618495</ymin>
      <xmax>437.28323699421964</xmax>
      <ymax>236.26589595375722</ymax>
    </bndbox>
  </object>
</annotation>
