<annotation>
  <folder/>
  <filename>16200.jpg</filename>
  <database/>
  <annotation/>
  <image/>
  <size>
    <height>360</height>
    <width>640</width>
    <depth>3</depth>
  </size>
  <segmented/>
  <object>
    <name>InfusionBag</name>
    <pose/>
    <truncated/>
    <difficult/>
    <bndbox>
      <xmin>125.7225433526012</xmin>
      <ymin>5.919075144508678</ymin>
      <xmax>158.95953757225433</xmax>
      <ymax>55.34104046242774</ymax>
    </bndbox>
  </object>
  <object>
    <name>Person</name>
    <pose/>
    <truncated/>
    <difficult/>
    <bndbox>
      <xmin>137.86127167630056</xmin>
      <ymin>107.364161849711</ymin>
      <xmax>330.3468208092489</xmax>
      <ymax>326.4393063583815</ymax>
    </bndbox>
  </object>
  <object>
    <name>Person</name>
    <pose/>
    <truncated/>
    <difficult/>
    <bndbox>
      <xmin>250.5780346820809</xmin>
      <ymin>54.7630057803468</ymin>
      <xmax>428.6127167630057</xmax>
      <ymax>237.42196531791907</ymax>
    </bndbox>
  </object>
</annotation>
