<annotation>
  <folder/>
  <filename>16212.jpg</filename>
  <database/>
  <annotation/>
  <image/>
  <size>
    <height>360</height>
    <width>640</width>
    <depth>3</depth>
  </size>
  <segmented/>
  <object>
    <name>InfusionBag</name>
    <pose/>
    <truncated/>
    <difficult/>
    <bndbox>
      <xmin>152.31213872832376</xmin>
      <ymin>18.057803468208096</ymin>
      <xmax>181.79190751445088</xmax>
      <ymax>63.72254335260115</ymax>
    </bndbox>
  </object>
  <object>
    <name>Person</name>
    <pose/>
    <truncated/>
    <difficult/>
    <bndbox>
      <xmin>142.48554913294797</xmin>
      <ymin>115.45664739884393</ymin>
      <xmax>325.7225433526012</xmax>
      <ymax>315.4566473988439</ymax>
    </bndbox>
  </object>
  <object>
    <name>Person</name>
    <pose/>
    <truncated/>
    <difficult/>
    <bndbox>
      <xmin>269.65317919075136</xmin>
      <ymin>61.410404624277405</ymin>
      <xmax>437.57225433526014</xmax>
      <ymax>271.52601156069363</ymax>
    </bndbox>
  </object>
</annotation>
