<annotation>
  <folder/>
  <filename>16218.jpg</filename>
  <database/>
  <annotation/>
  <image/>
  <size>
    <height>360</height>
    <width>640</width>
    <depth>3</depth>
  </size>
  <segmented/>
  <object>
    <name>InfusionBag</name>
    <pose/>
    <truncated/>
    <difficult/>
    <bndbox>
      <xmin>166.18497109826595</xmin>
      <ymin>19.791907514450873</ymin>
      <xmax>195.66473988439307</xmax>
      <ymax>65.45664739884394</ymax>
    </bndbox>
  </object>
  <object>
    <name>Person</name>
    <pose/>
    <truncated/>
    <difficult/>
    <bndbox>
      <xmin>152.3121387283237</xmin>
      <ymin>113.4335260115607</ymin>
      <xmax>346.8208092485553</xmax>
      <ymax>316.32369942196544</ymax>
    </bndbox>
  </object>
  <object>
    <name>Person</name>
    <pose/>
    <truncated/>
    <difficult/>
    <bndbox>
      <xmin>283.5260115606936</xmin>
      <ymin>60.83236994219648</ymin>
      <xmax>451.44508670520236</xmax>
      <ymax>270.94797687861274</ymax>
    </bndbox>
  </object>
</annotation>
