<annotation>
  <folder/>
  <filename>16230.jpg</filename>
  <database/>
  <annotation/>
  <image/>
  <size>
    <height>360</height>
    <width>640</width>
    <depth>3</depth>
  </size>
  <segmented/>
  <object>
    <name>InfusionBag</name>
    <pose/>
    <truncated/>
    <difficult/>
    <bndbox>
      <xmin>192.48554913294802</xmin>
      <ymin>18.057803468208096</ymin>
      <xmax>221.96531791907515</xmax>
      <ymax>63.722543352601164</ymax>
    </bndbox>
  </object>
  <object>
    <name>Person</name>
    <pose/>
    <truncated/>
    <difficult/>
    <bndbox>
      <xmin>145.3757225433526</xmin>
      <ymin>111.41040462427746</ymin>
      <xmax>363.8728323699422</xmax>
      <ymax>310.8323699421965</ymax>
    </bndbox>
  </object>
  <object>
    <name>Person</name>
    <pose/>
    <truncated/>
    <difficult/>
    <bndbox>
      <xmin>304.0462427745664</xmin>
      <ymin>61.98843930635833</ymin>
      <xmax>471.9653179190752</xmax>
      <ymax>272.10404624277453</ymax>
    </bndbox>
  </object>
</annotation>
