<annotation>
  <folder/>
  <filename>10000.jpg</filename>
  <database/>
  <annotation/>
  <image/>
  <size>
    <height>360</height>
    <width>640</width>
    <depth>3</depth>
  </size>
  <segmented/>
  <object>
    <name>Person</name>
    <pose/>
    <truncated/>
    <difficult/>
    <bndbox>
      <xmin>321.3872832369942</xmin>
      <ymin>32.50867052023121</ymin>
      <xmax>438.15028901734104</xmax>
      <ymax>352.73988439306356</ymax>
    </bndbox>
  </object>
  <object>
    <name>Person</name>
    <pose/>
    <truncated/>
    <difficult/>
    <bndbox>
      <xmin>100.57803468208093</xmin>
      <ymin>174.70520231213874</ymin>
      <xmax>397.39884393063585</xmax>
      <ymax>291.46820809248555</ymax>
    </bndbox>
  </object>
  <object>
    <name>InfusionBag</name>
    <pose/>
    <truncated/>
    <difficult/>
    <bndbox>
      <xmin>270.8092485549133</xmin>
      <ymin>54.18497109826589</ymin>
      <xmax>290.7514450867052</xmax>
      <ymax>87.13294797687861</ymax>
    </bndbox>
  </object>
  <object>
    <name>Bottle</name>
    <pose/>
    <truncated/>
    <difficult/>
    <bndbox>
      <xmin>434.6820809248555</xmin>
      <ymin>168.63583815028903</ymin>
      <xmax>450.57803468208095</xmax>
      <ymax>210.54335260115607</ymax>
    </bndbox>
  </object>
  <object>
    <name>Medicine</name>
    <pose/>
    <truncated/>
    <difficult/>
    <bndbox>
      <xmin>428.9017341040462</xmin>
      <ymin>213.4335260115607</ymin>
      <xmax>435.83815028901734</xmax>
      <ymax>228.46242774566474</ymax>
    </bndbox>
  </object>
  <object>
    <name>Medicine</name>
    <pose/>
    <truncated/>
    <difficult/>
    <bndbox>
      <xmin>437.57225433526014</xmin>
      <ymin>214.30057803468208</ymin>
      <xmax>450.57803468208095</xmax>
      <ymax>232.79768786127167</ymax>
    </bndbox>
  </object>
</annotation>
