<annotation>
  <folder/>
  <filename>10012.jpg</filename>
  <database/>
  <annotation/>
  <image/>
  <size>
    <height>360</height>
    <width>640</width>
    <depth>3</depth>
  </size>
  <segmented/>
  <object>
    <name>Person</name>
    <pose/>
    <truncated/>
    <difficult/>
    <bndbox>
      <xmin>102.3121387283237</xmin>
      <ymin>173.2601156069364</ymin>
      <xmax>386.70520231213874</xmax>
      <ymax>291.46820809248555</ymax>
    </bndbox>
  </object>
  <object>
    <name>Person</name>
    <pose/>
    <truncated/>
    <difficult/>
    <bndbox>
      <xmin>309.53757225433526</xmin>
      <ymin>51.872832369942195</ymin>
      <xmax>445.95375722543355</xmax>
      <ymax>353.8959537572254</ymax>
    </bndbox>
  </object>
  <object>
    <name>InfusionBag</name>
    <pose/>
    <truncated/>
    <difficult/>
    <bndbox>
      <xmin>271.0982658959538</xmin>
      <ymin>51.29479768786127</ymin>
      <xmax>290.1734104046243</xmax>
      <ymax>86.26589595375722</ymax>
    </bndbox>
  </object>
  <object>
    <name>Bottle</name>
    <pose/>
    <truncated/>
    <difficult/>
    <bndbox>
      <xmin>433.8150289017341</xmin>
      <ymin>165.7456647398844</ymin>
      <xmax>449.71098265895955</xmax>
      <ymax>207.65317919075144</ymax>
    </bndbox>
  </object>
  <object>
    <name>Medicine</name>
    <pose/>
    <truncated/>
    <difficult/>
    <bndbox>
      <xmin>438.728323699422</xmin>
      <ymin>209.67630057803467</ymin>
      <xmax>451.4450867052023</xmax>
      <ymax>231.64161849710982</ymax>
    </bndbox>
  </object>
</annotation>
