<annotation>
  <folder/>
  <filename>10018.jpg</filename>
  <database/>
  <annotation/>
  <image/>
  <size>
    <height>360</height>
    <width>640</width>
    <depth>3</depth>
  </size>
  <segmented/>
  <object>
    <name>InfusionBag</name>
    <pose/>
    <truncated/>
    <difficult/>
    <bndbox>
      <xmin>270.8092485549133</xmin>
      <ymin>50.42774566473989</ymin>
      <xmax>288.15028901734104</xmax>
      <ymax>83.66473988439307</ymax>
    </bndbox>
  </object>
  <object>
    <name>Person</name>
    <pose/>
    <truncated/>
    <difficult/>
    <bndbox>
      <xmin>99.13294797687861</xmin>
      <ymin>159.09826589595377</ymin>
      <xmax>375.1445086705202</xmax>
      <ymax>294.64739884393066</ymax>
    </bndbox>
  </object>
  <object>
    <name>Person</name>
    <pose/>
    <truncated/>
    <difficult/>
    <bndbox>
      <xmin>317.34104046242777</xmin>
      <ymin>59.676300578034684</ymin>
      <xmax>446.242774566474</xmax>
      <ymax>351.8728323699422</ymax>
    </bndbox>
  </object>
  <object>
    <name>Bottle</name>
    <pose/>
    <truncated/>
    <difficult/>
    <bndbox>
      <xmin>435.26011560693644</xmin>
      <ymin>166.03468208092485</ymin>
      <xmax>451.15606936416185</xmax>
      <ymax>205.0520231213873</ymax>
    </bndbox>
  </object>
  <object>
    <name>Medicine</name>
    <pose/>
    <truncated/>
    <difficult/>
    <bndbox>
      <xmin>440.7514450867052</xmin>
      <ymin>208.8092485549133</ymin>
      <xmax>450.8670520231214</xmax>
      <ymax>229.04046242774567</ymax>
    </bndbox>
  </object>
</annotation>
