<annotation>
  <folder/>
  <filename>1004.jpg</filename>
  <database/>
  <annotation/>
  <image/>
  <size>
    <height>360</height>
    <width>640</width>
    <depth>3</depth>
  </size>
  <segmented/>
  <object>
    <name>InfusionBag</name>
    <pose/>
    <truncated/>
    <difficult/>
    <bndbox>
      <xmin>178.32369942196533</xmin>
      <ymin>0.4277456647398843</ymin>
      <xmax>233.52601156069363</xmax>
      <ymax>80.19653179190752</ymax>
    </bndbox>
  </object>
  <object>
    <name>Person</name>
    <pose/>
    <truncated/>
    <difficult/>
    <bndbox>
      <xmin>221.09826589595377</xmin>
      <ymin>47.53757225433526</ymin>
      <xmax>372.8323699421965</xmax>
      <ymax>192.33526011560693</ymax>
    </bndbox>
  </object>
  <object>
    <name>Person</name>
    <pose/>
    <truncated/>
    <difficult/>
    <bndbox>
      <xmin>169.07514450867052</xmin>
      <ymin>115.45664739884393</ymin>
      <xmax>624.2774566473988</xmax>
      <ymax>291.757225433526</ymax>
    </bndbox>
  </object>
  <object>
    <name>Medicine</name>
    <pose/>
    <truncated/>
    <difficult/>
    <bndbox>
      <xmin>247.6878612716763</xmin>
      <ymin>138.28901734104048</ymin>
      <xmax>270.5202312138728</xmax>
      <ymax>152.16184971098266</ymax>
    </bndbox>
  </object>
</annotation>
