<annotation>
  <folder/>
  <filename>10066.jpg</filename>
  <database/>
  <annotation/>
  <image/>
  <size>
    <height>360</height>
    <width>640</width>
    <depth>3</depth>
  </size>
  <segmented/>
  <object>
    <name>InfusionBag</name>
    <pose/>
    <truncated/>
    <difficult/>
    <bndbox>
      <xmin>256.9364161849711</xmin>
      <ymin>37.71098265895954</ymin>
      <xmax>277.7456647398844</xmax>
      <ymax>73.54913294797689</ymax>
    </bndbox>
  </object>
  <object>
    <name>Person</name>
    <pose/>
    <truncated/>
    <difficult/>
    <bndbox>
      <xmin>100.28901734104046</xmin>
      <ymin>115.45664739884393</ymin>
      <xmax>374.8554913294798</xmax>
      <ymax>315.4566473988439</ymax>
    </bndbox>
  </object>
  <object>
    <name>Person</name>
    <pose/>
    <truncated/>
    <difficult/>
    <bndbox>
      <xmin>315.60693641618496</xmin>
      <ymin>63.14450867052024</ymin>
      <xmax>481.7919075144509</xmax>
      <ymax>344.64739884393066</ymax>
    </bndbox>
  </object>
</annotation>
