<annotation>
  <folder/>
  <filename>10060.jpg</filename>
  <database/>
  <annotation/>
  <image/>
  <size>
    <height>360</height>
    <width>640</width>
    <depth>3</depth>
  </size>
  <segmented/>
  <object>
    <name>Person</name>
    <pose/>
    <truncated/>
    <difficult/>
    <bndbox>
      <xmin>95.66473988439307</xmin>
      <ymin>136.5549132947977</ymin>
      <xmax>376.0115606936416</xmax>
      <ymax>319.21387283236993</ymax>
    </bndbox>
  </object>
  <object>
    <name>Person</name>
    <pose/>
    <truncated/>
    <difficult/>
    <bndbox>
      <xmin>304.91329479768785</xmin>
      <ymin>68.05780346820809</ymin>
      <xmax>468.4971098265896</xmax>
      <ymax>352.73988439306356</ymax>
    </bndbox>
  </object>
  <object>
    <name>InfusionBag</name>
    <pose/>
    <truncated/>
    <difficult/>
    <bndbox>
      <xmin>252.3121387283237</xmin>
      <ymin>37.71098265895954</ymin>
      <xmax>273.9884393063584</xmax>
      <ymax>76.72832369942196</ymax>
    </bndbox>
  </object>
  <object>
    <name>Bottle</name>
    <pose/>
    <truncated/>
    <difficult/>
    <bndbox>
      <xmin>441.0404624277457</xmin>
      <ymin>152.4508670520231</ymin>
      <xmax>452.89017341040466</xmax>
      <ymax>170.65895953757226</ymax>
    </bndbox>
  </object>
  <object>
    <name>Medicine</name>
    <pose/>
    <truncated/>
    <difficult/>
    <bndbox>
      <xmin>458.09248554913296</xmin>
      <ymin>196.09248554913296</ymin>
      <xmax>463.0057803468208</xmax>
      <ymax>213.72254335260115</ymax>
    </bndbox>
  </object>
</annotation>
