<annotation>
  <folder/>
  <filename>10078.jpg</filename>
  <database/>
  <annotation/>
  <image/>
  <size>
    <height>360</height>
    <width>640</width>
    <depth>3</depth>
  </size>
  <segmented/>
  <object>
    <name>InfusionBag</name>
    <pose/>
    <truncated/>
    <difficult/>
    <bndbox>
      <xmin>256.35838150289015</xmin>
      <ymin>36.26589595375722</ymin>
      <xmax>279.76878612716763</xmax>
      <ymax>71.52601156069365</ymax>
    </bndbox>
  </object>
  <object>
    <name>Person</name>
    <pose/>
    <truncated/>
    <difficult/>
    <bndbox>
      <xmin>125.14450867052024</xmin>
      <ymin>112.27745664739885</ymin>
      <xmax>382.3699421965318</xmax>
      <ymax>312.2774566473988</ymax>
    </bndbox>
  </object>
  <object>
    <name>Person</name>
    <pose/>
    <truncated/>
    <difficult/>
    <bndbox>
      <xmin>321.67630057803467</xmin>
      <ymin>59.96531791907515</ymin>
      <xmax>488.15028901734104</xmax>
      <ymax>336.5549132947977</ymax>
    </bndbox>
  </object>
</annotation>
