<annotation>
  <folder/>
  <filename>10072.jpg</filename>
  <database/>
  <annotation/>
  <image/>
  <size>
    <height>360</height>
    <width>640</width>
    <depth>3</depth>
  </size>
  <segmented/>
  <object>
    <name>InfusionBag</name>
    <pose/>
    <truncated/>
    <difficult/>
    <bndbox>
      <xmin>256.35838150289015</xmin>
      <ymin>36.26589595375722</ymin>
      <xmax>282.94797687861274</xmax>
      <ymax>74.1271676300578</ymax>
    </bndbox>
  </object>
  <object>
    <name>Person</name>
    <pose/>
    <truncated/>
    <difficult/>
    <bndbox>
      <xmin>110.98265895953757</xmin>
      <ymin>119.79190751445086</ymin>
      <xmax>375.4335260115607</xmax>
      <ymax>310.5433526011561</ymax>
    </bndbox>
  </object>
  <object>
    <name>Person</name>
    <pose/>
    <truncated/>
    <difficult/>
    <bndbox>
      <xmin>321.67630057803467</xmin>
      <ymin>62.855491329479776</ymin>
      <xmax>486.9942196531792</xmax>
      <ymax>342.91329479768785</ymax>
    </bndbox>
  </object>
</annotation>
