<annotation>
  <folder/>
  <filename>10084.jpg</filename>
  <database/>
  <annotation/>
  <image/>
  <size>
    <height>360</height>
    <width>640</width>
    <depth>3</depth>
  </size>
  <segmented/>
  <object>
    <name>InfusionBag</name>
    <pose/>
    <truncated/>
    <difficult/>
    <bndbox>
      <xmin>250.0</xmin>
      <ymin>32.797687861271676</ymin>
      <xmax>274.8554913294798</xmax>
      <ymax>71.81502890173411</ymax>
    </bndbox>
  </object>
  <object>
    <name>Person</name>
    <pose/>
    <truncated/>
    <difficult/>
    <bndbox>
      <xmin>127.74566473988439</xmin>
      <ymin>104.76300578034682</ymin>
      <xmax>375.1445086705202</xmax>
      <ymax>314.0115606936416</ymax>
    </bndbox>
  </object>
  <object>
    <name>Person</name>
    <pose/>
    <truncated/>
    <difficult/>
    <bndbox>
      <xmin>316.1849710982659</xmin>
      <ymin>59.38728323699422</ymin>
      <xmax>489.01734104046244</xmax>
      <ymax>335.1098265895954</ymax>
    </bndbox>
  </object>
</annotation>
