<annotation>
  <folder/>
  <filename>10096.jpg</filename>
  <database/>
  <annotation/>
  <image/>
  <size>
    <height>360</height>
    <width>640</width>
    <depth>3</depth>
  </size>
  <segmented/>
  <object>
    <name>InfusionBag</name>
    <pose/>
    <truncated/>
    <difficult/>
    <bndbox>
      <xmin>233.52601156069363</xmin>
      <ymin>34.820809248554916</ymin>
      <xmax>255.49132947976878</xmax>
      <ymax>69.5028901734104</ymax>
    </bndbox>
  </object>
  <object>
    <name>Person</name>
    <pose/>
    <truncated/>
    <difficult/>
    <bndbox>
      <xmin>109.53757225433526</xmin>
      <ymin>97.82658959537572</ymin>
      <xmax>371.0982658959538</xmax>
      <ymax>322.6820809248555</ymax>
    </bndbox>
  </object>
  <object>
    <name>Person</name>
    <pose/>
    <truncated/>
    <difficult/>
    <bndbox>
      <xmin>301.7341040462428</xmin>
      <ymin>53.606936416184965</ymin>
      <xmax>488.15028901734104</xmax>
      <ymax>338.8670520231214</ymax>
    </bndbox>
  </object>
</annotation>
