<annotation>
  <folder/>
  <filename>1010.jpg</filename>
  <database/>
  <annotation/>
  <image/>
  <size>
    <height>360</height>
    <width>640</width>
    <depth>3</depth>
  </size>
  <segmented/>
  <object>
    <name>InfusionBag</name>
    <pose/>
    <truncated/>
    <difficult/>
    <bndbox>
      <xmin>182.36994219653178</xmin>
      <ymin>1.294797687861271</ymin>
      <xmax>237.5722543352601</xmax>
      <ymax>80.77456647398844</ymax>
    </bndbox>
  </object>
  <object>
    <name>Medicine</name>
    <pose/>
    <truncated/>
    <difficult/>
    <bndbox>
      <xmin>251.73410404624278</xmin>
      <ymin>138.8670520231214</ymin>
      <xmax>273.12138728323697</xmax>
      <ymax>153.02890173410404</ymax>
    </bndbox>
  </object>
  <object>
    <name>Person</name>
    <pose/>
    <truncated/>
    <difficult/>
    <bndbox>
      <xmin>176.30057803468208</xmin>
      <ymin>117.1907514450867</ymin>
      <xmax>630.0578034682081</xmax>
      <ymax>284.8208092485549</ymax>
    </bndbox>
  </object>
  <object>
    <name>Person</name>
    <pose/>
    <truncated/>
    <difficult/>
    <bndbox>
      <xmin>225.4335260115607</xmin>
      <ymin>48.115606936416185</ymin>
      <xmax>369.36416184971097</xmax>
      <ymax>192.6242774566474</ymax>
    </bndbox>
  </object>
</annotation>
