<annotation>
  <folder/>
  <filename>10108.jpg</filename>
  <database/>
  <annotation/>
  <image/>
  <size>
    <height>360</height>
    <width>640</width>
    <depth>3</depth>
  </size>
  <segmented/>
  <object>
    <name>InfusionBag</name>
    <pose/>
    <truncated/>
    <difficult/>
    <bndbox>
      <xmin>212.4277456647399</xmin>
      <ymin>29.907514450867055</ymin>
      <xmax>237.28323699421966</xmax>
      <ymax>67.76878612716763</ymax>
    </bndbox>
  </object>
  <object>
    <name>Person</name>
    <pose/>
    <truncated/>
    <difficult/>
    <bndbox>
      <xmin>105.78034682080924</xmin>
      <ymin>89.73410404624278</ymin>
      <xmax>352.3121387283237</xmax>
      <ymax>333.95375722543355</ymax>
    </bndbox>
  </object>
  <object>
    <name>Person</name>
    <pose/>
    <truncated/>
    <difficult/>
    <bndbox>
      <xmin>289.01734104046244</xmin>
      <ymin>52.161849710982665</ymin>
      <xmax>478.6127167630058</xmax>
      <ymax>342.33526011560696</ymax>
    </bndbox>
  </object>
</annotation>
