<annotation>
  <folder/>
  <filename>10102.jpg</filename>
  <database/>
  <annotation/>
  <image/>
  <size>
    <height>360</height>
    <width>640</width>
    <depth>3</depth>
  </size>
  <segmented/>
  <object>
    <name>InfusionBag</name>
    <pose/>
    <truncated/>
    <difficult/>
    <bndbox>
      <xmin>222.2543352601156</xmin>
      <ymin>33.95375722543353</ymin>
      <xmax>248.84393063583815</xmax>
      <ymax>69.79190751445087</ymax>
    </bndbox>
  </object>
  <object>
    <name>Person</name>
    <pose/>
    <truncated/>
    <difficult/>
    <bndbox>
      <xmin>99.42196531791907</xmin>
      <ymin>92.91329479768787</ymin>
      <xmax>353.757225433526</xmax>
      <ymax>328.1734104046243</ymax>
    </bndbox>
  </object>
  <object>
    <name>Person</name>
    <pose/>
    <truncated/>
    <difficult/>
    <bndbox>
      <xmin>295.08670520231215</xmin>
      <ymin>51.58381502890173</ymin>
      <xmax>482.08092485549133</xmax>
      <ymax>344.0693641618497</ymax>
    </bndbox>
  </object>
</annotation>
