<annotation>
  <folder/>
  <filename>10114.jpg</filename>
  <database/>
  <annotation/>
  <image/>
  <size>
    <height>360</height>
    <width>640</width>
    <depth>3</depth>
  </size>
  <segmented/>
  <object>
    <name>InfusionBag</name>
    <pose/>
    <truncated/>
    <difficult/>
    <bndbox>
      <xmin>204.04624277456648</xmin>
      <ymin>31.641618497109825</ymin>
      <xmax>230.63583815028903</xmax>
      <ymax>69.79190751445087</ymax>
    </bndbox>
  </object>
  <object>
    <name>Person</name>
    <pose/>
    <truncated/>
    <difficult/>
    <bndbox>
      <xmin>101.15606936416185</xmin>
      <ymin>90.3121387283237</ymin>
      <xmax>340.1734104046243</xmax>
      <ymax>343.2023121387283</ymax>
    </bndbox>
  </object>
  <object>
    <name>Person</name>
    <pose/>
    <truncated/>
    <difficult/>
    <bndbox>
      <xmin>282.65895953757223</xmin>
      <ymin>49.5606936416185</ymin>
      <xmax>476.0115606936416</xmax>
      <ymax>340.8901734104046</ymax>
    </bndbox>
  </object>
</annotation>
