<annotation>
  <folder/>
  <filename>10120.jpg</filename>
  <database/>
  <annotation/>
  <image/>
  <size>
    <height>360</height>
    <width>640</width>
    <depth>3</depth>
  </size>
  <segmented/>
  <object>
    <name>InfusionBag</name>
    <pose/>
    <truncated/>
    <difficult/>
    <bndbox>
      <xmin>198.84393063583815</xmin>
      <ymin>31.0635838150289</ymin>
      <xmax>225.72254335260115</xmax>
      <ymax>71.81502890173411</ymax>
    </bndbox>
  </object>
  <object>
    <name>Person</name>
    <pose/>
    <truncated/>
    <difficult/>
    <bndbox>
      <xmin>92.77456647398844</xmin>
      <ymin>90.89017341040463</ymin>
      <xmax>342.485549132948</xmax>
      <ymax>351.5838150289017</ymax>
    </bndbox>
  </object>
  <object>
    <name>Person</name>
    <pose/>
    <truncated/>
    <difficult/>
    <bndbox>
      <xmin>272.2543352601156</xmin>
      <ymin>44.06936416184971</ymin>
      <xmax>472.5433526011561</xmax>
      <ymax>336.26589595375725</ymax>
    </bndbox>
  </object>
</annotation>
