<annotation>
  <folder/>
  <filename>10138.jpg</filename>
  <database/>
  <annotation/>
  <image/>
  <size>
    <height>360</height>
    <width>640</width>
    <depth>3</depth>
  </size>
  <segmented/>
  <object>
    <name>Person</name>
    <pose/>
    <truncated/>
    <difficult/>
    <bndbox>
      <xmin>146.53179190751445</xmin>
      <ymin>81.64161849710983</ymin>
      <xmax>342.19653179190755</xmax>
      <ymax>348.6936416184971</ymax>
    </bndbox>
  </object>
  <object>
    <name>Person</name>
    <pose/>
    <truncated/>
    <difficult/>
    <bndbox>
      <xmin>290.7514450867052</xmin>
      <ymin>37.71098265895954</ymin>
      <xmax>476.5895953757225</xmax>
      <ymax>327.3063583815029</ymax>
    </bndbox>
  </object>
  <object>
    <name>InfusionBag</name>
    <pose/>
    <truncated/>
    <difficult/>
    <bndbox>
      <xmin>192.77456647398844</xmin>
      <ymin>31.0635838150289</ymin>
      <xmax>223.41040462427745</xmax>
      <ymax>70.94797687861272</ymax>
    </bndbox>
  </object>
</annotation>
