<annotation>
  <folder/>
  <filename>10150.jpg</filename>
  <database/>
  <annotation/>
  <image/>
  <size>
    <height>360</height>
    <width>640</width>
    <depth>3</depth>
  </size>
  <segmented/>
  <object>
    <name>InfusionBag</name>
    <pose/>
    <truncated/>
    <difficult/>
    <bndbox>
      <xmin>182.36994219653178</xmin>
      <ymin>27.884393063583815</ymin>
      <xmax>211.56069364161849</xmax>
      <ymax>70.08092485549133</ymax>
    </bndbox>
  </object>
  <object>
    <name>Person</name>
    <pose/>
    <truncated/>
    <difficult/>
    <bndbox>
      <xmin>154.33526011560693</xmin>
      <ymin>78.17341040462428</ymin>
      <xmax>332.08092485549133</xmax>
      <ymax>327.88439306358384</ymax>
    </bndbox>
  </object>
  <object>
    <name>Person</name>
    <pose/>
    <truncated/>
    <difficult/>
    <bndbox>
      <xmin>282.08092485549133</xmin>
      <ymin>31.352601156069362</ymin>
      <xmax>465.8959537572254</xmax>
      <ymax>318.0578034682081</ymax>
    </bndbox>
  </object>
</annotation>
