<annotation>
  <folder/>
  <filename>10168.jpg</filename>
  <database/>
  <annotation/>
  <image/>
  <size>
    <height>360</height>
    <width>640</width>
    <depth>3</depth>
  </size>
  <segmented/>
  <object>
    <name>InfusionBag</name>
    <pose/>
    <truncated/>
    <difficult/>
    <bndbox>
      <xmin>151.73410404624278</xmin>
      <ymin>31.930635838150287</ymin>
      <xmax>185.2601156069364</xmax>
      <ymax>76.72832369942196</ymax>
    </bndbox>
  </object>
  <object>
    <name>Person</name>
    <pose/>
    <truncated/>
    <difficult/>
    <bndbox>
      <xmin>168.78612716763007</xmin>
      <ymin>81.9306358381503</ymin>
      <xmax>308.09248554913296</xmax>
      <ymax>329.0404624277457</ymax>
    </bndbox>
  </object>
  <object>
    <name>Person</name>
    <pose/>
    <truncated/>
    <difficult/>
    <bndbox>
      <xmin>266.1849710982659</xmin>
      <ymin>27.884393063583815</ymin>
      <xmax>438.15028901734104</xmax>
      <ymax>305.34104046242777</ymax>
    </bndbox>
  </object>
</annotation>
