<annotation>
  <folder/>
  <filename>10162.jpg</filename>
  <database/>
  <annotation/>
  <image/>
  <size>
    <height>360</height>
    <width>640</width>
    <depth>3</depth>
  </size>
  <segmented/>
  <object>
    <name>InfusionBag</name>
    <pose/>
    <truncated/>
    <difficult/>
    <bndbox>
      <xmin>165.89595375722544</xmin>
      <ymin>32.50867052023121</ymin>
      <xmax>193.9306358381503</xmax>
      <ymax>74.99421965317919</ymax>
    </bndbox>
  </object>
  <object>
    <name>Person</name>
    <pose/>
    <truncated/>
    <difficult/>
    <bndbox>
      <xmin>164.16184971098266</xmin>
      <ymin>80.19653179190752</ymin>
      <xmax>318.2080924855491</xmax>
      <ymax>333.08670520231215</ymax>
    </bndbox>
  </object>
  <object>
    <name>Person</name>
    <pose/>
    <truncated/>
    <difficult/>
    <bndbox>
      <xmin>272.5433526011561</xmin>
      <ymin>30.48554913294798</ymin>
      <xmax>443.35260115606934</xmax>
      <ymax>308.23121387283237</ymax>
    </bndbox>
  </object>
</annotation>
