<annotation>
  <folder/>
  <filename>1016.jpg</filename>
  <database/>
  <annotation/>
  <image/>
  <size>
    <height>360</height>
    <width>640</width>
    <depth>3</depth>
  </size>
  <segmented/>
  <object>
    <name>InfusionBag</name>
    <pose/>
    <truncated/>
    <difficult/>
    <bndbox>
      <xmin>185.83815028901734</xmin>
      <ymin>0.7167630057803471</ymin>
      <xmax>236.1271676300578</xmax>
      <ymax>82.21965317919076</ymax>
    </bndbox>
  </object>
  <object>
    <name>Medicine</name>
    <pose/>
    <truncated/>
    <difficult/>
    <bndbox>
      <xmin>255.49132947976878</xmin>
      <ymin>140.3121387283237</ymin>
      <xmax>276.5895953757225</xmax>
      <ymax>154.47398843930637</ymax>
    </bndbox>
  </object>
  <object>
    <name>Person</name>
    <pose/>
    <truncated/>
    <difficult/>
    <bndbox>
      <xmin>175.4335260115607</xmin>
      <ymin>116.03468208092485</ymin>
      <xmax>636.9942196531792</xmax>
      <ymax>285.6878612716763</ymax>
    </bndbox>
  </object>
  <object>
    <name>Person</name>
    <pose/>
    <truncated/>
    <difficult/>
    <bndbox>
      <xmin>240.46242774566474</xmin>
      <ymin>52.45086705202313</ymin>
      <xmax>374.2774566473988</xmax>
      <ymax>192.6242774566474</ymax>
    </bndbox>
  </object>
</annotation>
