<annotation>
  <folder/>
  <filename>10192.jpg</filename>
  <database/>
  <annotation/>
  <image/>
  <size>
    <height>360</height>
    <width>640</width>
    <depth>3</depth>
  </size>
  <segmented/>
  <object>
    <name>InfusionBag</name>
    <pose/>
    <truncated/>
    <difficult/>
    <bndbox>
      <xmin>150.57803468208093</xmin>
      <ymin>31.930635838150287</ymin>
      <xmax>184.39306358381504</xmax>
      <ymax>75.57225433526011</ymax>
    </bndbox>
  </object>
  <object>
    <name>Person</name>
    <pose/>
    <truncated/>
    <difficult/>
    <bndbox>
      <xmin>211.27167630057804</xmin>
      <ymin>81.9306358381503</ymin>
      <xmax>332.08092485549133</xmax>
      <ymax>333.3757225433526</ymax>
    </bndbox>
  </object>
  <object>
    <name>Person</name>
    <pose/>
    <truncated/>
    <difficult/>
    <bndbox>
      <xmin>289.01734104046244</xmin>
      <ymin>11.98843930635838</ymin>
      <xmax>439.3063583815029</xmax>
      <ymax>299.27167630057806</ymax>
    </bndbox>
  </object>
</annotation>
