<annotation>
  <folder/>
  <filename>10216.jpg</filename>
  <database/>
  <annotation/>
  <image/>
  <size>
    <height>360</height>
    <width>640</width>
    <depth>3</depth>
  </size>
  <segmented/>
  <object>
    <name>InfusionBag</name>
    <pose/>
    <truncated/>
    <difficult/>
    <bndbox>
      <xmin>150.28901734104048</xmin>
      <ymin>45.225433526011564</ymin>
      <xmax>183.23699421965318</xmax>
      <ymax>86.55491329479769</ymax>
    </bndbox>
  </object>
  <object>
    <name>Person</name>
    <pose/>
    <truncated/>
    <difficult/>
    <bndbox>
      <xmin>221.96531791907515</xmin>
      <ymin>93.78034682080924</ymin>
      <xmax>349.1329479768786</xmax>
      <ymax>333.66473988439304</ymax>
    </bndbox>
  </object>
  <object>
    <name>Person</name>
    <pose/>
    <truncated/>
    <difficult/>
    <bndbox>
      <xmin>298.84393063583815</xmin>
      <ymin>16.034682080924856</ymin>
      <xmax>427.4566473988439</xmax>
      <ymax>294.9364161849711</ymax>
    </bndbox>
  </object>
</annotation>
