<annotation>
  <folder/>
  <filename>10210.jpg</filename>
  <database/>
  <annotation/>
  <image/>
  <size>
    <height>360</height>
    <width>640</width>
    <depth>3</depth>
  </size>
  <segmented/>
  <object>
    <name>InfusionBag</name>
    <pose/>
    <truncated/>
    <difficult/>
    <bndbox>
      <xmin>159.53757225433526</xmin>
      <ymin>43.202312138728324</ymin>
      <xmax>192.48554913294797</xmax>
      <ymax>85.39884393063583</ymax>
    </bndbox>
  </object>
  <object>
    <name>Person</name>
    <pose/>
    <truncated/>
    <difficult/>
    <bndbox>
      <xmin>226.878612716763</xmin>
      <ymin>93.20231213872833</ymin>
      <xmax>352.3121387283237</xmax>
      <ymax>333.66473988439304</ymax>
    </bndbox>
  </object>
  <object>
    <name>Person</name>
    <pose/>
    <truncated/>
    <difficult/>
    <bndbox>
      <xmin>303.46820809248555</xmin>
      <ymin>17.190751445086704</ymin>
      <xmax>438.4393063583815</xmax>
      <ymax>296.95953757225436</ymax>
    </bndbox>
  </object>
</annotation>
