<annotation>
  <folder/>
  <filename>1022.jpg</filename>
  <database/>
  <annotation/>
  <image/>
  <size>
    <height>360</height>
    <width>640</width>
    <depth>3</depth>
  </size>
  <segmented/>
  <object>
    <name>InfusionBag</name>
    <pose/>
    <truncated/>
    <difficult/>
    <bndbox>
      <xmin>174.85549132947978</xmin>
      <ymin>0.7167630057803471</ymin>
      <xmax>222.83236994219652</xmax>
      <ymax>85.39884393063583</ymax>
    </bndbox>
  </object>
  <object>
    <name>Person</name>
    <pose/>
    <truncated/>
    <difficult/>
    <bndbox>
      <xmin>180.92485549132948</xmin>
      <ymin>124.41618497109826</ymin>
      <xmax>636.9942196531792</xmax>
      <ymax>306.4971098265896</ymax>
    </bndbox>
  </object>
  <object>
    <name>Person</name>
    <pose/>
    <truncated/>
    <difficult/>
    <bndbox>
      <xmin>243.9306358381503</xmin>
      <ymin>58.52023121387283</ymin>
      <xmax>375.4335260115607</xmax>
      <ymax>198.9826589595376</ymax>
    </bndbox>
  </object>
  <object>
    <name>Medicine</name>
    <pose/>
    <truncated/>
    <difficult/>
    <bndbox>
      <xmin>254.91329479768785</xmin>
      <ymin>144.0693641618497</ymin>
      <xmax>277.1676300578035</xmax>
      <ymax>157.65317919075144</ymax>
    </bndbox>
  </object>
</annotation>
