<annotation>
  <folder/>
  <filename>10246.jpg</filename>
  <database/>
  <annotation/>
  <image/>
  <size>
    <height>360</height>
    <width>640</width>
    <depth>3</depth>
  </size>
  <segmented/>
  <object>
    <name>Bottle</name>
    <pose/>
    <truncated/>
    <difficult/>
    <bndbox>
      <xmin>297.1098265895954</xmin>
      <ymin>128.75144508670522</ymin>
      <xmax>310.1156069364162</xmax>
      <ymax>161.121387283237</ymax>
    </bndbox>
  </object>
  <object>
    <name>InfusionBag</name>
    <pose/>
    <truncated/>
    <difficult/>
    <bndbox>
      <xmin>79.76878612716763</xmin>
      <ymin>47.53757225433526</ymin>
      <xmax>111.84971098265896</xmax>
      <ymax>95.22543352601156</ymax>
    </bndbox>
  </object>
  <object>
    <name>Person</name>
    <pose/>
    <truncated/>
    <difficult/>
    <bndbox>
      <xmin>169.94219653179192</xmin>
      <ymin>94.0693641618497</ymin>
      <xmax>316.1849710982659</xmax>
      <ymax>358.5202312138728</ymax>
    </bndbox>
  </object>
  <object>
    <name>Person</name>
    <pose/>
    <truncated/>
    <difficult/>
    <bndbox>
      <xmin>243.9306358381503</xmin>
      <ymin>5.341040462427745</ymin>
      <xmax>384.1040462427746</xmax>
      <ymax>293.2023121387283</ymax>
    </bndbox>
  </object>
</annotation>
