<annotation>
  <folder/>
  <filename>10240.jpg</filename>
  <database/>
  <annotation/>
  <image/>
  <size>
    <height>360</height>
    <width>640</width>
    <depth>3</depth>
  </size>
  <segmented/>
  <object>
    <name>InfusionBag</name>
    <pose/>
    <truncated/>
    <difficult/>
    <bndbox>
      <xmin>86.41618497109826</xmin>
      <ymin>48.982658959537574</ymin>
      <xmax>119.07514450867052</xmax>
      <ymax>92.91329479768787</ymax>
    </bndbox>
  </object>
  <object>
    <name>Person</name>
    <pose/>
    <truncated/>
    <difficult/>
    <bndbox>
      <xmin>171.09826589595377</xmin>
      <ymin>96.09248554913295</ymin>
      <xmax>313.29479768786126</xmax>
      <ymax>353.02890173410407</ymax>
    </bndbox>
  </object>
  <object>
    <name>Person</name>
    <pose/>
    <truncated/>
    <difficult/>
    <bndbox>
      <xmin>252.02312138728323</xmin>
      <ymin>10.254335260115607</ymin>
      <xmax>401.15606936416185</xmax>
      <ymax>296.67052023121386</ymax>
    </bndbox>
  </object>
  <object>
    <name>Bottle</name>
    <pose/>
    <truncated/>
    <difficult/>
    <bndbox>
      <xmin>302.3121387283237</xmin>
      <ymin>129.6184971098266</ymin>
      <xmax>313.8728323699422</xmax>
      <ymax>165.45664739884393</ymax>
    </bndbox>
  </object>
</annotation>
