<annotation>
  <folder/>
  <filename>10252.jpg</filename>
  <database/>
  <annotation/>
  <image/>
  <size>
    <height>360</height>
    <width>640</width>
    <depth>3</depth>
  </size>
  <segmented/>
  <object>
    <name>InfusionBag</name>
    <pose/>
    <truncated/>
    <difficult/>
    <bndbox>
      <xmin>79.1907514450867</xmin>
      <ymin>41.75722543352601</ymin>
      <xmax>118.20809248554913</xmax>
      <ymax>92.04624277456648</ymax>
    </bndbox>
  </object>
  <object>
    <name>Person</name>
    <pose/>
    <truncated/>
    <difficult/>
    <bndbox>
      <xmin>184.10404624277456</xmin>
      <ymin>91.46820809248555</ymin>
      <xmax>343.9306358381503</xmax>
      <ymax>358.8092485549133</ymax>
    </bndbox>
  </object>
  <object>
    <name>Person</name>
    <pose/>
    <truncated/>
    <difficult/>
    <bndbox>
      <xmin>260.0</xmin>
      <ymin>0.0</ymin>
      <xmax>387.57225433526014</xmax>
      <ymax>272.39306358381504</ymax>
    </bndbox>
  </object>
  <object>
    <name>Bottle</name>
    <pose/>
    <truncated/>
    <difficult/>
    <bndbox>
      <xmin>298.26589595375725</xmin>
      <ymin>126.15028901734104</ymin>
      <xmax>312.42774566473986</xmax>
      <ymax>159.67630057803467</ymax>
    </bndbox>
  </object>
</annotation>
