<annotation>
  <folder/>
  <filename>10276.jpg</filename>
  <database/>
  <annotation/>
  <image/>
  <size>
    <height>360</height>
    <width>640</width>
    <depth>3</depth>
  </size>
  <segmented/>
  <object>
    <name>InfusionBag</name>
    <pose/>
    <truncated/>
    <difficult/>
    <bndbox>
      <xmin>53.179190751445084</xmin>
      <ymin>60.25433526011561</ymin>
      <xmax>93.0635838150289</xmax>
      <ymax>113.72254335260116</ymax>
    </bndbox>
  </object>
  <object>
    <name>Person</name>
    <pose/>
    <truncated/>
    <difficult/>
    <bndbox>
      <xmin>183.8150289017341</xmin>
      <ymin>100.13872832369943</ymin>
      <xmax>370.5202312138728</xmax>
      <ymax>357.9421965317919</ymax>
    </bndbox>
  </object>
  <object>
    <name>Person</name>
    <pose/>
    <truncated/>
    <difficult/>
    <bndbox>
      <xmin>252.02312138728323</xmin>
      <ymin>8.23121387283237</ymin>
      <xmax>365.60693641618496</xmax>
      <ymax>249.27167630057806</ymax>
    </bndbox>
  </object>
  <object>
    <name>Bottle</name>
    <pose/>
    <truncated/>
    <difficult/>
    <bndbox>
      <xmin>269.6531791907515</xmin>
      <ymin>132.50867052023122</ymin>
      <xmax>284.6820809248555</xmax>
      <ymax>151.8728323699422</ymax>
    </bndbox>
  </object>
</annotation>
