<annotation>
  <folder/>
  <filename>1028.jpg</filename>
  <database/>
  <annotation/>
  <image/>
  <size>
    <height>360</height>
    <width>640</width>
    <depth>3</depth>
  </size>
  <segmented/>
  <object>
    <name>InfusionBag</name>
    <pose/>
    <truncated/>
    <difficult/>
    <bndbox>
      <xmin>152.02312138728323</xmin>
      <ymin>0.4277456647398843</ymin>
      <xmax>197.6878612716763</xmax>
      <ymax>81.0635838150289</ymax>
    </bndbox>
  </object>
  <object>
    <name>Person</name>
    <pose/>
    <truncated/>
    <difficult/>
    <bndbox>
      <xmin>179.1907514450867</xmin>
      <ymin>121.23699421965318</ymin>
      <xmax>625.4335260115607</xmax>
      <ymax>307.6531791907515</ymax>
    </bndbox>
  </object>
  <object>
    <name>Person</name>
    <pose/>
    <truncated/>
    <difficult/>
    <bndbox>
      <xmin>237.28323699421966</xmin>
      <ymin>60.54335260115607</ymin>
      <xmax>374.5664739884393</xmax>
      <ymax>203.31791907514452</ymax>
    </bndbox>
  </object>
  <object>
    <name>Medicine</name>
    <pose/>
    <truncated/>
    <difficult/>
    <bndbox>
      <xmin>246.53179190751445</xmin>
      <ymin>143.49132947976878</ymin>
      <xmax>268.78612716763007</xmax>
      <ymax>157.65317919075144</ymax>
    </bndbox>
  </object>
</annotation>
