<annotation>
  <folder/>
  <filename>10288.jpg</filename>
  <database/>
  <annotation/>
  <image/>
  <size>
    <height>360</height>
    <width>640</width>
    <depth>3</depth>
  </size>
  <segmented/>
  <object>
    <name>InfusionBag</name>
    <pose/>
    <truncated/>
    <difficult/>
    <bndbox>
      <xmin>12.427745664739884</xmin>
      <ymin>67.1907514450867</ymin>
      <xmax>55.202312138728324</xmax>
      <ymax>119.79190751445086</ymax>
    </bndbox>
  </object>
  <object>
    <name>Person</name>
    <pose/>
    <truncated/>
    <difficult/>
    <bndbox>
      <xmin>153.757225433526</xmin>
      <ymin>105.91907514450867</ymin>
      <xmax>358.3815028901734</xmax>
      <ymax>356.78612716763007</ymax>
    </bndbox>
  </object>
  <object>
    <name>Person</name>
    <pose/>
    <truncated/>
    <difficult/>
    <bndbox>
      <xmin>221.96531791907515</xmin>
      <ymin>7.364161849710982</ymin>
      <xmax>342.77456647398844</xmax>
      <ymax>249.27167630057806</ymax>
    </bndbox>
  </object>
  <object>
    <name>Bottle</name>
    <pose/>
    <truncated/>
    <difficult/>
    <bndbox>
      <xmin>243.0635838150289</xmin>
      <ymin>135.97687861271677</ymin>
      <xmax>257.8034682080925</xmax>
      <ymax>153.31791907514452</ymax>
    </bndbox>
  </object>
</annotation>
