<annotation>
  <folder/>
  <filename>10300.jpg</filename>
  <database/>
  <annotation/>
  <image/>
  <size>
    <height>360</height>
    <width>640</width>
    <depth>3</depth>
  </size>
  <segmented/>
  <object>
    <name>InfusionBag</name>
    <pose/>
    <truncated/>
    <difficult/>
    <bndbox>
      <xmin>10.982658959537572</xmin>
      <ymin>68.34682080924856</ymin>
      <xmax>50.86705202312139</xmax>
      <ymax>120.36994219653178</ymax>
    </bndbox>
  </object>
  <object>
    <name>Person</name>
    <pose/>
    <truncated/>
    <difficult/>
    <bndbox>
      <xmin>166.1849710982659</xmin>
      <ymin>99.84971098265896</ymin>
      <xmax>378.32369942196533</xmax>
      <ymax>350.71676300578036</ymax>
    </bndbox>
  </object>
  <object>
    <name>Person</name>
    <pose/>
    <truncated/>
    <difficult/>
    <bndbox>
      <xmin>227.16763005780348</xmin>
      <ymin>1.294797687861271</ymin>
      <xmax>340.46242774566474</xmax>
      <ymax>241.757225433526</ymax>
    </bndbox>
  </object>
</annotation>
