<annotation>
  <folder/>
  <filename>10306.jpg</filename>
  <database/>
  <annotation/>
  <image/>
  <size>
    <height>360</height>
    <width>640</width>
    <depth>3</depth>
  </size>
  <segmented/>
  <object>
    <name>InfusionBag</name>
    <pose/>
    <truncated/>
    <difficult/>
    <bndbox>
      <xmin>14.739884393063583</xmin>
      <ymin>68.63583815028902</ymin>
      <xmax>63.872832369942195</xmax>
      <ymax>125.28323699421966</ymax>
    </bndbox>
  </object>
  <object>
    <name>Person</name>
    <pose/>
    <truncated/>
    <difficult/>
    <bndbox>
      <xmin>179.47976878612718</xmin>
      <ymin>100.71676300578035</ymin>
      <xmax>404.33526011560696</xmax>
      <ymax>345.22543352601156</ymax>
    </bndbox>
  </object>
  <object>
    <name>Person</name>
    <pose/>
    <truncated/>
    <difficult/>
    <bndbox>
      <xmin>241.90751445086704</xmin>
      <ymin>2.4508670520231224</ymin>
      <xmax>350.57803468208095</xmax>
      <ymax>232.79768786127167</ymax>
    </bndbox>
  </object>
</annotation>
