<annotation>
  <folder/>
  <filename>10324.jpg</filename>
  <database/>
  <annotation/>
  <image/>
  <size>
    <height>360</height>
    <width>640</width>
    <depth>3</depth>
  </size>
  <segmented/>
  <object>
    <name>InfusionBag</name>
    <pose/>
    <truncated/>
    <difficult/>
    <bndbox>
      <xmin>12.716763005780347</xmin>
      <ymin>90.02312138728324</ymin>
      <xmax>55.78034682080925</xmax>
      <ymax>144.64739884393063</ymax>
    </bndbox>
  </object>
  <object>
    <name>Person</name>
    <pose/>
    <truncated/>
    <difficult/>
    <bndbox>
      <xmin>178.32369942196533</xmin>
      <ymin>113.72254335260116</ymin>
      <xmax>408.95953757225436</xmax>
      <ymax>338.28901734104045</ymax>
    </bndbox>
  </object>
  <object>
    <name>Person</name>
    <pose/>
    <truncated/>
    <difficult/>
    <bndbox>
      <xmin>232.9479768786127</xmin>
      <ymin>17.190751445086704</ymin>
      <xmax>340.46242774566474</xmax>
      <ymax>228.75144508670522</ymax>
    </bndbox>
  </object>
</annotation>
