<annotation>
  <folder/>
  <filename>10336.jpg</filename>
  <database/>
  <annotation/>
  <image/>
  <size>
    <height>360</height>
    <width>640</width>
    <depth>3</depth>
  </size>
  <segmented/>
  <object>
    <name>Person</name>
    <pose/>
    <truncated/>
    <difficult/>
    <bndbox>
      <xmin>162.1387283236994</xmin>
      <ymin>119.21387283236993</ymin>
      <xmax>398.26589595375725</xmax>
      <ymax>335.97687861271675</ymax>
    </bndbox>
  </object>
  <object>
    <name>Person</name>
    <pose/>
    <truncated/>
    <difficult/>
    <bndbox>
      <xmin>210.6936416184971</xmin>
      <ymin>18.63583815028902</ymin>
      <xmax>325.7225433526012</xmax>
      <ymax>226.15028901734104</ymax>
    </bndbox>
  </object>
  <object>
    <name>InfusionBag</name>
    <pose/>
    <truncated/>
    <difficult/>
    <bndbox>
      <xmin>0.28901734104046245</xmin>
      <ymin>92.6242774566474</ymin>
      <xmax>32.947976878612714</xmax>
      <ymax>153.31791907514452</ymax>
    </bndbox>
  </object>
</annotation>
