<annotation>
  <folder/>
  <filename>10342.jpg</filename>
  <database/>
  <annotation/>
  <image/>
  <size>
    <height>360</height>
    <width>640</width>
    <depth>3</depth>
  </size>
  <segmented/>
  <object>
    <name>InfusionBag</name>
    <pose/>
    <truncated/>
    <difficult/>
    <bndbox>
      <xmin>0.5780346820809249</xmin>
      <ymin>106.4971098265896</ymin>
      <xmax>28.612716763005782</xmax>
      <ymax>156.4971098265896</ymax>
    </bndbox>
  </object>
  <object>
    <name>Person</name>
    <pose/>
    <truncated/>
    <difficult/>
    <bndbox>
      <xmin>162.71676300578034</xmin>
      <ymin>118.63583815028903</ymin>
      <xmax>401.7341040462428</xmax>
      <ymax>334.53179190751445</ymax>
    </bndbox>
  </object>
  <object>
    <name>Person</name>
    <pose/>
    <truncated/>
    <difficult/>
    <bndbox>
      <xmin>214.4508670520231</xmin>
      <ymin>22.393063583815028</ymin>
      <xmax>321.67630057803467</xmax>
      <ymax>220.36994219653178</ymax>
    </bndbox>
  </object>
</annotation>
