<annotation>
  <folder/>
  <filename>10348.jpg</filename>
  <database/>
  <annotation/>
  <image/>
  <size>
    <height>360</height>
    <width>640</width>
    <depth>3</depth>
  </size>
  <segmented/>
  <object>
    <name>InfusionBag</name>
    <pose/>
    <truncated/>
    <difficult/>
    <bndbox>
      <xmin>0.28901734104046245</xmin>
      <ymin>105.91907514450867</ymin>
      <xmax>29.479768786127167</xmax>
      <ymax>161.98843930635837</ymax>
    </bndbox>
  </object>
  <object>
    <name>Person</name>
    <pose/>
    <truncated/>
    <difficult/>
    <bndbox>
      <xmin>168.20809248554914</xmin>
      <ymin>118.34682080924856</ymin>
      <xmax>413.5838150289017</xmax>
      <ymax>335.6878612716763</ymax>
    </bndbox>
  </object>
  <object>
    <name>Person</name>
    <pose/>
    <truncated/>
    <difficult/>
    <bndbox>
      <xmin>215.60693641618496</xmin>
      <ymin>20.369942196531795</ymin>
      <xmax>330.3468208092486</xmax>
      <ymax>221.8150289017341</ymax>
    </bndbox>
  </object>
</annotation>
