<annotation>
  <folder/>
  <filename>10378.jpg</filename>
  <database/>
  <annotation/>
  <image/>
  <size>
    <height>360</height>
    <width>640</width>
    <depth>3</depth>
  </size>
  <segmented/>
  <object>
    <name>InfusionBag</name>
    <pose/>
    <truncated/>
    <difficult/>
    <bndbox>
      <xmin>1.7341040462427746</xmin>
      <ymin>93.78034682080924</ymin>
      <xmax>49.71098265895954</xmax>
      <ymax>168.92485549132948</ymax>
    </bndbox>
  </object>
  <object>
    <name>Person</name>
    <pose/>
    <truncated/>
    <difficult/>
    <bndbox>
      <xmin>188.43930635838151</xmin>
      <ymin>114.30057803468208</ymin>
      <xmax>443.64161849710985</xmax>
      <ymax>317.19075144508673</ymax>
    </bndbox>
  </object>
  <object>
    <name>Person</name>
    <pose/>
    <truncated/>
    <difficult/>
    <bndbox>
      <xmin>209.82658959537574</xmin>
      <ymin>19.502890173410403</ymin>
      <xmax>335.26011560693644</xmax>
      <ymax>222.68208092485548</ymax>
    </bndbox>
  </object>
  <object>
    <name>Bottle</name>
    <pose/>
    <truncated/>
    <difficult/>
    <bndbox>
      <xmin>189.01734104046244</xmin>
      <ymin>163.72254335260115</ymin>
      <xmax>200.28901734104048</xmax>
      <ymax>180.19653179190752</ymax>
    </bndbox>
  </object>
</annotation>
