<annotation>
  <folder/>
  <filename>10372.jpg</filename>
  <database/>
  <annotation/>
  <image/>
  <size>
    <height>360</height>
    <width>640</width>
    <depth>3</depth>
  </size>
  <segmented/>
  <object>
    <name>InfusionBag</name>
    <pose/>
    <truncated/>
    <difficult/>
    <bndbox>
      <xmin>5.780346820809249</xmin>
      <ymin>94.0693641618497</ymin>
      <xmax>59.2485549132948</xmax>
      <ymax>164.30057803468208</ymax>
    </bndbox>
  </object>
  <object>
    <name>Bottle</name>
    <pose/>
    <truncated/>
    <difficult/>
    <bndbox>
      <xmin>195.66473988439307</xmin>
      <ymin>161.121387283237</ymin>
      <xmax>206.9364161849711</xmax>
      <ymax>178.75144508670522</ymax>
    </bndbox>
  </object>
  <object>
    <name>Person</name>
    <pose/>
    <truncated/>
    <difficult/>
    <bndbox>
      <xmin>192.48554913294797</xmin>
      <ymin>114.878612716763</ymin>
      <xmax>450.8670520231214</xmax>
      <ymax>310.8323699421965</ymax>
    </bndbox>
  </object>
  <object>
    <name>Person</name>
    <pose/>
    <truncated/>
    <difficult/>
    <bndbox>
      <xmin>226.01156069364163</xmin>
      <ymin>16.32369942196532</ymin>
      <xmax>345.66473988439304</xmax>
      <ymax>220.9479768786127</ymax>
    </bndbox>
  </object>
</annotation>
