<annotation>
  <folder/>
  <filename>10384.jpg</filename>
  <database/>
  <annotation/>
  <image/>
  <size>
    <height>360</height>
    <width>640</width>
    <depth>3</depth>
  </size>
  <segmented/>
  <object>
    <name>InfusionBag</name>
    <pose/>
    <truncated/>
    <difficult/>
    <bndbox>
      <xmin>1.4450867052023122</xmin>
      <ymin>88.28901734104046</ymin>
      <xmax>51.73410404624278</xmax>
      <ymax>171.23699421965318</ymax>
    </bndbox>
  </object>
  <object>
    <name>Bottle</name>
    <pose/>
    <truncated/>
    <difficult/>
    <bndbox>
      <xmin>181.5028901734104</xmin>
      <ymin>165.16763005780348</ymin>
      <xmax>197.39884393063585</xmax>
      <ymax>198.11560693641619</ymax>
    </bndbox>
  </object>
  <object>
    <name>Person</name>
    <pose/>
    <truncated/>
    <difficult/>
    <bndbox>
      <xmin>187.5722543352601</xmin>
      <ymin>115.74566473988439</ymin>
      <xmax>442.19653179190755</xmax>
      <ymax>314.3005780346821</ymax>
    </bndbox>
  </object>
  <object>
    <name>Person</name>
    <pose/>
    <truncated/>
    <difficult/>
    <bndbox>
      <xmin>217.63005780346822</xmin>
      <ymin>18.63583815028902</ymin>
      <xmax>333.8150289017341</xmax>
      <ymax>229.32947976878614</ymax>
    </bndbox>
  </object>
</annotation>
