<annotation>
  <folder/>
  <filename>10390.jpg</filename>
  <database/>
  <annotation/>
  <image/>
  <size>
    <height>360</height>
    <width>640</width>
    <depth>3</depth>
  </size>
  <segmented/>
  <object>
    <name>InfusionBag</name>
    <pose/>
    <truncated/>
    <difficult/>
    <bndbox>
      <xmin>6.069364161849711</xmin>
      <ymin>94.9364161849711</ymin>
      <xmax>61.84971098265896</xmax>
      <ymax>170.65895953757226</ymax>
    </bndbox>
  </object>
  <object>
    <name>Bottle</name>
    <pose/>
    <truncated/>
    <difficult/>
    <bndbox>
      <xmin>184.68208092485548</xmin>
      <ymin>167.47976878612718</ymin>
      <xmax>201.15606936416185</xmax>
      <ymax>205.0520231213873</ymax>
    </bndbox>
  </object>
  <object>
    <name>Person</name>
    <pose/>
    <truncated/>
    <difficult/>
    <bndbox>
      <xmin>195.3757225433526</xmin>
      <ymin>117.1907514450867</ymin>
      <xmax>453.757225433526</xmax>
      <ymax>309.3872832369942</ymax>
    </bndbox>
  </object>
  <object>
    <name>Person</name>
    <pose/>
    <truncated/>
    <difficult/>
    <bndbox>
      <xmin>213.29479768786126</xmin>
      <ymin>20.947976878612714</ymin>
      <xmax>338.728323699422</xmax>
      <ymax>194.0693641618497</ymax>
    </bndbox>
  </object>
</annotation>
