<annotation>
  <folder/>
  <filename>10408.jpg</filename>
  <database/>
  <annotation/>
  <image/>
  <size>
    <height>360</height>
    <width>640</width>
    <depth>3</depth>
  </size>
  <segmented/>
  <object>
    <name>InfusionBag</name>
    <pose/>
    <truncated/>
    <difficult/>
    <bndbox>
      <xmin>52.89017341040462</xmin>
      <ymin>98.11560693641619</ymin>
      <xmax>107.51445086705202</xmax>
      <ymax>173.83815028901734</ymax>
    </bndbox>
  </object>
  <object>
    <name>Bottle</name>
    <pose/>
    <truncated/>
    <difficult/>
    <bndbox>
      <xmin>194.79768786127167</xmin>
      <ymin>173.2601156069364</ymin>
      <xmax>213.29479768786126</xmax>
      <ymax>208.8092485549133</ymax>
    </bndbox>
  </object>
  <object>
    <name>Person</name>
    <pose/>
    <truncated/>
    <difficult/>
    <bndbox>
      <xmin>225.72254335260115</xmin>
      <ymin>118.34682080924856</ymin>
      <xmax>473.6994219653179</xmax>
      <ymax>302.16184971098266</ymax>
    </bndbox>
  </object>
  <object>
    <name>Person</name>
    <pose/>
    <truncated/>
    <difficult/>
    <bndbox>
      <xmin>236.70520231213874</xmin>
      <ymin>25.57225433526012</ymin>
      <xmax>358.3815028901734</xmax>
      <ymax>228.1734104046243</ymax>
    </bndbox>
  </object>
</annotation>
