<annotation>
  <folder/>
  <filename>10402.jpg</filename>
  <database/>
  <annotation/>
  <image/>
  <size>
    <height>360</height>
    <width>640</width>
    <depth>3</depth>
  </size>
  <segmented/>
  <object>
    <name>InfusionBag</name>
    <pose/>
    <truncated/>
    <difficult/>
    <bndbox>
      <xmin>44.797687861271676</xmin>
      <ymin>91.46820809248555</ymin>
      <xmax>98.84393063583815</xmax>
      <ymax>168.34682080924856</ymax>
    </bndbox>
  </object>
  <object>
    <name>Bottle</name>
    <pose/>
    <truncated/>
    <difficult/>
    <bndbox>
      <xmin>194.79768786127167</xmin>
      <ymin>171.52601156069363</ymin>
      <xmax>214.7398843930636</xmax>
      <ymax>207.65317919075144</ymax>
    </bndbox>
  </object>
  <object>
    <name>Person</name>
    <pose/>
    <truncated/>
    <difficult/>
    <bndbox>
      <xmin>219.07514450867052</xmin>
      <ymin>118.34682080924856</ymin>
      <xmax>473.121387283237</xmax>
      <ymax>303.8959537572254</ymax>
    </bndbox>
  </object>
  <object>
    <name>Person</name>
    <pose/>
    <truncated/>
    <difficult/>
    <bndbox>
      <xmin>230.92485549132948</xmin>
      <ymin>24.994219653179194</ymin>
      <xmax>362.1387283236994</xmax>
      <ymax>229.90751445086704</ymax>
    </bndbox>
  </object>
</annotation>
