<annotation>
  <folder/>
  <filename>1053.jpg</filename>
  <database/>
  <annotation/>
  <image/>
  <size>
    <height>360</height>
    <width>640</width>
    <depth>3</depth>
  </size>
  <segmented/>
  <object>
    <name>InfusionBag</name>
    <pose/>
    <truncated/>
    <difficult/>
    <bndbox>
      <xmin>120.23121387283237</xmin>
      <ymin>1.00578034682081</ymin>
      <xmax>163.8728323699422</xmax>
      <ymax>81.9306358381503</ymax>
    </bndbox>
  </object>
  <object>
    <name>Person</name>
    <pose/>
    <truncated/>
    <difficult/>
    <bndbox>
      <xmin>197.6878612716763</xmin>
      <ymin>120.65895953757226</ymin>
      <xmax>615.8959537572255</xmax>
      <ymax>317.76878612716763</ymax>
    </bndbox>
  </object>
  <object>
    <name>Person</name>
    <pose/>
    <truncated/>
    <difficult/>
    <bndbox>
      <xmin>237.5722543352601</xmin>
      <ymin>58.52023121387283</ymin>
      <xmax>387.28323699421964</xmax>
      <ymax>203.89595375722544</ymax>
    </bndbox>
  </object>
  <object>
    <name>Medicine</name>
    <pose/>
    <truncated/>
    <difficult/>
    <bndbox>
      <xmin>250.0</xmin>
      <ymin>140.02312138728323</ymin>
      <xmax>266.7630057803468</xmax>
      <ymax>151.58381502890174</ymax>
    </bndbox>
  </object>
</annotation>
