<annotation>
  <folder/>
  <filename>1071.jpg</filename>
  <database/>
  <annotation/>
  <image/>
  <size>
    <height>360</height>
    <width>640</width>
    <depth>3</depth>
  </size>
  <segmented/>
  <object>
    <name>InfusionBag</name>
    <pose/>
    <truncated/>
    <difficult/>
    <bndbox>
      <xmin>133.23699421965318</xmin>
      <ymin>0.13872832369942145</ymin>
      <xmax>166.1849710982659</xmax>
      <ymax>61.699421965317924</ymax>
    </bndbox>
  </object>
  <object>
    <name>Person</name>
    <pose/>
    <truncated/>
    <difficult/>
    <bndbox>
      <xmin>222.2543352601156</xmin>
      <ymin>107.36416184971098</ymin>
      <xmax>602.0231213872833</xmax>
      <ymax>357.0751445086705</ymax>
    </bndbox>
  </object>
  <object>
    <name>Person</name>
    <pose/>
    <truncated/>
    <difficult/>
    <bndbox>
      <xmin>260.98265895953756</xmin>
      <ymin>50.71676300578035</ymin>
      <xmax>408.3815028901734</xmax>
      <ymax>206.20809248554914</ymax>
    </bndbox>
  </object>
  <object>
    <name>Medicine</name>
    <pose/>
    <truncated/>
    <difficult/>
    <bndbox>
      <xmin>267.91907514450867</xmin>
      <ymin>129.6184971098266</ymin>
      <xmax>281.7919075144509</xmax>
      <ymax>140.02312138728323</ymax>
    </bndbox>
  </object>
</annotation>
