<annotation>
  <folder/>
  <filename>1077.jpg</filename>
  <database/>
  <annotation/>
  <image/>
  <size>
    <height>360</height>
    <width>640</width>
    <depth>3</depth>
  </size>
  <segmented/>
  <object>
    <name>InfusionBag</name>
    <pose/>
    <truncated/>
    <difficult/>
    <bndbox>
      <xmin>128.61271676300578</xmin>
      <ymin>1.00578034682081</ymin>
      <xmax>158.95953757225433</xmax>
      <ymax>64.30057803468208</ymax>
    </bndbox>
  </object>
  <object>
    <name>Person</name>
    <pose/>
    <truncated/>
    <difficult/>
    <bndbox>
      <xmin>220.52023121387285</xmin>
      <ymin>108.23121387283237</ymin>
      <xmax>600.0</xmax>
      <ymax>359.0</ymax>
    </bndbox>
  </object>
  <object>
    <name>Medicine</name>
    <pose/>
    <truncated/>
    <difficult/>
    <bndbox>
      <xmin>266.7630057803468</xmin>
      <ymin>129.90751445086704</ymin>
      <xmax>282.94797687861274</xmax>
      <ymax>142.33526011560693</ymax>
    </bndbox>
  </object>
  <object>
    <name>Person</name>
    <pose/>
    <truncated/>
    <difficult/>
    <bndbox>
      <xmin>259.53757225433526</xmin>
      <ymin>55.05202312138728</ymin>
      <xmax>410.6936416184971</xmax>
      <ymax>206.78612716763007</ymax>
    </bndbox>
  </object>
</annotation>
