<annotation>
  <folder/>
  <filename>1083.jpg</filename>
  <database/>
  <annotation/>
  <image/>
  <size>
    <height>360</height>
    <width>640</width>
    <depth>3</depth>
  </size>
  <segmented/>
  <object>
    <name>InfusionBag</name>
    <pose/>
    <truncated/>
    <difficult/>
    <bndbox>
      <xmin>120.23121387283237</xmin>
      <ymin>1.5838150289017339</ymin>
      <xmax>153.46820809248555</xmax>
      <ymax>73.83815028901734</ymax>
    </bndbox>
  </object>
  <object>
    <name>Person</name>
    <pose/>
    <truncated/>
    <difficult/>
    <bndbox>
      <xmin>215.89595375722544</xmin>
      <ymin>112.27745664739885</ymin>
      <xmax>599.7109826589596</xmax>
      <ymax>358.23121387283237</ymax>
    </bndbox>
  </object>
  <object>
    <name>Medicine</name>
    <pose/>
    <truncated/>
    <difficult/>
    <bndbox>
      <xmin>266.7630057803468</xmin>
      <ymin>138.28901734104048</ymin>
      <xmax>281.7919075144509</xmax>
      <ymax>148.6936416184971</ymax>
    </bndbox>
  </object>
  <object>
    <name>Person</name>
    <pose/>
    <truncated/>
    <difficult/>
    <bndbox>
      <xmin>256.35838150289015</xmin>
      <ymin>62.56647398843931</ymin>
      <xmax>409.8265895953757</xmax>
      <ymax>213.14450867052022</ymax>
    </bndbox>
  </object>
</annotation>
