<annotation>
  <folder/>
  <filename>1089.jpg</filename>
  <database/>
  <annotation/>
  <image/>
  <size>
    <height>360</height>
    <width>640</width>
    <depth>3</depth>
  </size>
  <segmented/>
  <object>
    <name>InfusionBag</name>
    <pose/>
    <truncated/>
    <difficult/>
    <bndbox>
      <xmin>121.09826589595376</xmin>
      <ymin>0.4277456647398843</ymin>
      <xmax>154.6242774566474</xmax>
      <ymax>74.1271676300578</ymax>
    </bndbox>
  </object>
  <object>
    <name>Person</name>
    <pose/>
    <truncated/>
    <difficult/>
    <bndbox>
      <xmin>225.14450867052022</xmin>
      <ymin>114.01156069364161</ymin>
      <xmax>607.0</xmax>
      <ymax>358.0</ymax>
    </bndbox>
  </object>
  <object>
    <name>Medicine</name>
    <pose/>
    <truncated/>
    <difficult/>
    <bndbox>
      <xmin>271.67630057803467</xmin>
      <ymin>137.13294797687863</ymin>
      <xmax>285.5491329479769</xmax>
      <ymax>147.82658959537574</ymax>
    </bndbox>
  </object>
  <object>
    <name>Person</name>
    <pose/>
    <truncated/>
    <difficult/>
    <bndbox>
      <xmin>260.40462427745666</xmin>
      <ymin>58.52023121387283</ymin>
      <xmax>417.05202312138726</xmax>
      <ymax>214.01156069364163</ymax>
    </bndbox>
  </object>
</annotation>
