<annotation>
  <folder/>
  <filename>1095.jpg</filename>
  <database/>
  <annotation/>
  <image/>
  <size>
    <height>360</height>
    <width>640</width>
    <depth>3</depth>
  </size>
  <segmented/>
  <object>
    <name>InfusionBag</name>
    <pose/>
    <truncated/>
    <difficult/>
    <bndbox>
      <xmin>117.91907514450867</xmin>
      <ymin>1.294797687861271</ymin>
      <xmax>154.6242774566474</xmax>
      <ymax>70.65895953757226</ymax>
    </bndbox>
  </object>
  <object>
    <name>Person</name>
    <pose/>
    <truncated/>
    <difficult/>
    <bndbox>
      <xmin>228.03468208092485</xmin>
      <ymin>109.38728323699422</ymin>
      <xmax>616.0</xmax>
      <ymax>359.0</ymax>
    </bndbox>
  </object>
  <object>
    <name>Medicine</name>
    <pose/>
    <truncated/>
    <difficult/>
    <bndbox>
      <xmin>277.1676300578035</xmin>
      <ymin>135.10982658959537</ymin>
      <xmax>291.0404624277457</xmax>
      <ymax>144.35838150289018</ymax>
    </bndbox>
  </object>
  <object>
    <name>Person</name>
    <pose/>
    <truncated/>
    <difficult/>
    <bndbox>
      <xmin>264.73988439306356</xmin>
      <ymin>57.36416184971098</ymin>
      <xmax>427.1676300578035</xmax>
      <ymax>216.03468208092485</ymax>
    </bndbox>
  </object>
</annotation>
