<annotation>
  <folder/>
  <filename>11014.jpg</filename>
  <database/>
  <annotation/>
  <image/>
  <size>
    <height>360</height>
    <width>640</width>
    <depth>3</depth>
  </size>
  <segmented/>
  <object>
    <name>InfusionBag</name>
    <pose/>
    <truncated/>
    <difficult/>
    <bndbox>
      <xmin>262.42774566473986</xmin>
      <ymin>30.196531791907518</ymin>
      <xmax>292.485549132948</xmax>
      <ymax>74.70520231213872</ymax>
    </bndbox>
  </object>
  <object>
    <name>Person</name>
    <pose/>
    <truncated/>
    <difficult/>
    <bndbox>
      <xmin>57.80346820809249</xmin>
      <ymin>175.28323699421966</ymin>
      <xmax>458.67052023121386</xmax>
      <ymax>354.1849710982659</ymax>
    </bndbox>
  </object>
  <object>
    <name>Person</name>
    <pose/>
    <truncated/>
    <difficult/>
    <bndbox>
      <xmin>502.3121387283237</xmin>
      <ymin>1.8728323699421967</ymin>
      <xmax>639.0</xmax>
      <ymax>358.0</ymax>
    </bndbox>
  </object>
  <object>
    <name>Medicine</name>
    <pose/>
    <truncated/>
    <difficult/>
    <bndbox>
      <xmin>487.28323699421964</xmin>
      <ymin>224.41618497109826</ymin>
      <xmax>500.57803468208095</xmax>
      <ymax>251.0057803468208</ymax>
    </bndbox>
  </object>
  <object>
    <name>Medicine</name>
    <pose/>
    <truncated/>
    <difficult/>
    <bndbox>
      <xmin>501.7341040462428</xmin>
      <ymin>238.28901734104048</ymin>
      <xmax>515.8959537572255</xmax>
      <ymax>259.0982658959538</ymax>
    </bndbox>
  </object>
</annotation>
