<annotation>
  <folder/>
  <filename>11038.jpg</filename>
  <database/>
  <annotation/>
  <image/>
  <size>
    <height>360</height>
    <width>640</width>
    <depth>3</depth>
  </size>
  <segmented/>
  <object>
    <name>Person</name>
    <pose/>
    <truncated/>
    <difficult/>
    <bndbox>
      <xmin>73.41040462427746</xmin>
      <ymin>174.9942196531792</ymin>
      <xmax>466.7630057803468</xmax>
      <ymax>353.3179190751445</ymax>
    </bndbox>
  </object>
  <object>
    <name>Person</name>
    <pose/>
    <truncated/>
    <difficult/>
    <bndbox>
      <xmin>492.0</xmin>
      <ymin>0.0</ymin>
      <xmax>639.0</xmax>
      <ymax>357.0</ymax>
    </bndbox>
  </object>
  <object>
    <name>Medicine</name>
    <pose/>
    <truncated/>
    <difficult/>
    <bndbox>
      <xmin>487.8612716763006</xmin>
      <ymin>229.6184971098266</ymin>
      <xmax>502.89017341040466</xmax>
      <ymax>255.05202312138726</ymax>
    </bndbox>
  </object>
  <object>
    <name>Medicine</name>
    <pose/>
    <truncated/>
    <difficult/>
    <bndbox>
      <xmin>505.4913294797688</xmin>
      <ymin>242.6242774566474</ymin>
      <xmax>517.6300578034682</xmax>
      <ymax>261.6994219653179</ymax>
    </bndbox>
  </object>
  <object>
    <name>InfusionBag</name>
    <pose/>
    <truncated/>
    <difficult/>
    <bndbox>
      <xmin>266.7630057803468</xmin>
      <ymin>32.797687861271676</ymin>
      <xmax>294.7976878612717</xmax>
      <ymax>75.86127167630057</ymax>
    </bndbox>
  </object>
</annotation>
