<annotation>
  <folder/>
  <filename>11068.jpg</filename>
  <database/>
  <annotation/>
  <image/>
  <size>
    <height>360</height>
    <width>640</width>
    <depth>3</depth>
  </size>
  <segmented/>
  <object>
    <name>Person</name>
    <pose/>
    <truncated/>
    <difficult/>
    <bndbox>
      <xmin>86.70520231213872</xmin>
      <ymin>145.22543352601156</ymin>
      <xmax>418.2080924855491</xmax>
      <ymax>351.5838150289017</ymax>
    </bndbox>
  </object>
  <object>
    <name>InfusionBag</name>
    <pose/>
    <truncated/>
    <difficult/>
    <bndbox>
      <xmin>269.0751445086705</xmin>
      <ymin>33.08670520231214</ymin>
      <xmax>297.1098265895954</xmax>
      <ymax>75.57225433526011</ymax>
    </bndbox>
  </object>
  <object>
    <name>Medicine</name>
    <pose/>
    <truncated/>
    <difficult/>
    <bndbox>
      <xmin>490.7514450867052</xmin>
      <ymin>226.72832369942196</ymin>
      <xmax>503.46820809248555</xmax>
      <ymax>251.87283236994222</ymax>
    </bndbox>
  </object>
  <object>
    <name>Person</name>
    <pose/>
    <truncated/>
    <difficult/>
    <bndbox>
      <xmin>467.34104046242777</xmin>
      <ymin>1.294797687861271</ymin>
      <xmax>639</xmax>
      <ymax>357</ymax>
    </bndbox>
  </object>
</annotation>
