<annotation>
  <folder/>
  <filename>11062.jpg</filename>
  <database/>
  <annotation/>
  <image/>
  <size>
    <height>360</height>
    <width>640</width>
    <depth>3</depth>
  </size>
  <segmented/>
  <object>
    <name>InfusionBag</name>
    <pose/>
    <truncated/>
    <difficult/>
    <bndbox>
      <xmin>269.36416184971097</xmin>
      <ymin>38.28901734104046</ymin>
      <xmax>294.7976878612717</xmax>
      <ymax>75.86127167630057</ymax>
    </bndbox>
  </object>
  <object>
    <name>Person</name>
    <pose/>
    <truncated/>
    <difficult/>
    <bndbox>
      <xmin>65.60693641618496</xmin>
      <ymin>142.91329479768785</ymin>
      <xmax>455.4913294797688</xmax>
      <ymax>351.8728323699422</ymax>
    </bndbox>
  </object>
  <object>
    <name>Person</name>
    <pose/>
    <truncated/>
    <difficult/>
    <bndbox>
      <xmin>484.39306358381504</xmin>
      <ymin>0.7167630057803471</ymin>
      <xmax>639.0</xmax>
      <ymax>358.0</ymax>
    </bndbox>
  </object>
  <object>
    <name>Medicine</name>
    <pose/>
    <truncated/>
    <difficult/>
    <bndbox>
      <xmin>489.3063583815029</xmin>
      <ymin>226.43930635838151</ymin>
      <xmax>503.757225433526</xmax>
      <ymax>255.63005780346822</ymax>
    </bndbox>
  </object>
</annotation>
