<annotation>
  <folder/>
  <filename>11080.jpg</filename>
  <database/>
  <annotation/>
  <image/>
  <size>
    <height>360</height>
    <width>640</width>
    <depth>3</depth>
  </size>
  <segmented/>
  <object>
    <name>InfusionBag</name>
    <pose/>
    <truncated/>
    <difficult/>
    <bndbox>
      <xmin>283.2369942196532</xmin>
      <ymin>33.664739884393065</ymin>
      <xmax>310.6936416184971</xmax>
      <ymax>73.26011560693642</ymax>
    </bndbox>
  </object>
  <object>
    <name>Person</name>
    <pose/>
    <truncated/>
    <difficult/>
    <bndbox>
      <xmin>110.11560693641619</xmin>
      <ymin>123.26011560693641</ymin>
      <xmax>424.8554913294798</xmax>
      <ymax>343.2023121387283</ymax>
    </bndbox>
  </object>
  <object>
    <name>Person</name>
    <pose/>
    <truncated/>
    <difficult/>
    <bndbox>
      <xmin>444.21965317919074</xmin>
      <ymin>1.8728323699421967</ymin>
      <xmax>613.0057803468209</xmax>
      <ymax>357.9421965317919</ymax>
    </bndbox>
  </object>
</annotation>
