<annotation>
  <folder/>
  <filename>11110.jpg</filename>
  <database/>
  <annotation/>
  <image/>
  <size>
    <height>360</height>
    <width>640</width>
    <depth>3</depth>
  </size>
  <segmented/>
  <object>
    <name>InfusionBag</name>
    <pose/>
    <truncated/>
    <difficult/>
    <bndbox>
      <xmin>278.9017341040462</xmin>
      <ymin>24.127167630057805</ymin>
      <xmax>305.78034682080926</xmax>
      <ymax>68.34682080924856</ymax>
    </bndbox>
  </object>
  <object>
    <name>Bottle</name>
    <pose/>
    <truncated/>
    <difficult/>
    <bndbox>
      <xmin>564.4508670520231</xmin>
      <ymin>177.59537572254337</ymin>
      <xmax>588.4393063583815</xmax>
      <ymax>231.64161849710982</ymax>
    </bndbox>
  </object>
  <object>
    <name>Person</name>
    <pose/>
    <truncated/>
    <difficult/>
    <bndbox>
      <xmin>102.02312138728324</xmin>
      <ymin>77.30635838150289</ymin>
      <xmax>391.6184971098266</xmax>
      <ymax>349.5606936416185</ymax>
    </bndbox>
  </object>
  <object>
    <name>Person</name>
    <pose/>
    <truncated/>
    <difficult/>
    <bndbox>
      <xmin>330.0578034682081</xmin>
      <ymin>20.080924855491332</ymin>
      <xmax>574.5664739884393</xmax>
      <ymax>358.5202312138728</ymax>
    </bndbox>
  </object>
</annotation>
