<annotation>
  <folder/>
  <filename>11116.jpg</filename>
  <database/>
  <annotation/>
  <image/>
  <size>
    <height>360</height>
    <width>640</width>
    <depth>3</depth>
  </size>
  <segmented/>
  <object>
    <name>InfusionBag</name>
    <pose/>
    <truncated/>
    <difficult/>
    <bndbox>
      <xmin>280.9248554913295</xmin>
      <ymin>19.502890173410407</ymin>
      <xmax>307.8034682080925</xmax>
      <ymax>63.722543352601164</ymax>
    </bndbox>
  </object>
  <object>
    <name>Bottle</name>
    <pose/>
    <truncated/>
    <difficult/>
    <bndbox>
      <xmin>571.6763005780347</xmin>
      <ymin>170.65895953757226</ymin>
      <xmax>595.664739884393</xmax>
      <ymax>224.7052023121387</ymax>
    </bndbox>
  </object>
  <object>
    <name>Person</name>
    <pose/>
    <truncated/>
    <difficult/>
    <bndbox>
      <xmin>102.02312138728324</xmin>
      <ymin>77.30635838150289</ymin>
      <xmax>391.6184971098266</xmax>
      <ymax>349.5606936416185</ymax>
    </bndbox>
  </object>
  <object>
    <name>Person</name>
    <pose/>
    <truncated/>
    <difficult/>
    <bndbox>
      <xmin>339.3063583815029</xmin>
      <ymin>8.809248554913296</ymin>
      <xmax>574.5664739884393</xmax>
      <ymax>358.5202312138728</ymax>
    </bndbox>
  </object>
</annotation>
