<annotation>
  <folder/>
  <filename>11128.jpg</filename>
  <database/>
  <annotation/>
  <image/>
  <size>
    <height>360</height>
    <width>640</width>
    <depth>3</depth>
  </size>
  <segmented/>
  <object>
    <name>InfusionBag</name>
    <pose/>
    <truncated/>
    <difficult/>
    <bndbox>
      <xmin>275.1445086705202</xmin>
      <ymin>18.63583815028902</ymin>
      <xmax>302.02312138728325</xmax>
      <ymax>62.855491329479776</ymax>
    </bndbox>
  </object>
  <object>
    <name>Bottle</name>
    <pose/>
    <truncated/>
    <difficult/>
    <bndbox>
      <xmin>563.2947976878612</xmin>
      <ymin>157.94219653179195</ymin>
      <xmax>587.2832369942196</xmax>
      <ymax>211.9884393063584</ymax>
    </bndbox>
  </object>
  <object>
    <name>Person</name>
    <pose/>
    <truncated/>
    <difficult/>
    <bndbox>
      <xmin>142.19653179190752</xmin>
      <ymin>73.26011560693642</ymin>
      <xmax>394.5086705202315</xmax>
      <ymax>357.0751445086705</ymax>
    </bndbox>
  </object>
  <object>
    <name>Person</name>
    <pose/>
    <truncated/>
    <difficult/>
    <bndbox>
      <xmin>331.50289017341044</xmin>
      <ymin>0.7167630057803471</ymin>
      <xmax>565.3179190751445</xmax>
      <ymax>358.5202312138728</ymax>
    </bndbox>
  </object>
</annotation>
