<annotation>
  <folder/>
  <filename>11146.jpg</filename>
  <database/>
  <annotation/>
  <image/>
  <size>
    <height>360</height>
    <width>640</width>
    <depth>3</depth>
  </size>
  <segmented/>
  <object>
    <name>InfusionBag</name>
    <pose/>
    <truncated/>
    <difficult/>
    <bndbox>
      <xmin>240.75144508670522</xmin>
      <ymin>10.54335260115607</ymin>
      <xmax>267.0520231213873</xmax>
      <ymax>53.606936416184965</ymax>
    </bndbox>
  </object>
  <object>
    <name>Bottle</name>
    <pose/>
    <truncated/>
    <difficult/>
    <bndbox>
      <xmin>528.9017341040462</xmin>
      <ymin>137.1329479768786</ymin>
      <xmax>549.421965317919</xmax>
      <ymax>185.10982658959537</ymax>
    </bndbox>
  </object>
  <object>
    <name>Person</name>
    <pose/>
    <truncated/>
    <difficult/>
    <bndbox>
      <xmin>117.91907514450867</xmin>
      <ymin>70.3699421965318</ymin>
      <xmax>359.8265895953757</xmax>
      <ymax>357.36416184971097</ymax>
    </bndbox>
  </object>
  <object>
    <name>Person</name>
    <pose/>
    <truncated/>
    <difficult/>
    <bndbox>
      <xmin>321.0</xmin>
      <ymin>0.0</ymin>
      <xmax>536.7052023121387</xmax>
      <ymax>357.0751445086705</ymax>
    </bndbox>
  </object>
</annotation>
