<annotation>
  <folder/>
  <filename>11140.jpg</filename>
  <database/>
  <annotation/>
  <image/>
  <size>
    <height>360</height>
    <width>640</width>
    <depth>3</depth>
  </size>
  <segmented/>
  <object>
    <name>InfusionBag</name>
    <pose/>
    <truncated/>
    <difficult/>
    <bndbox>
      <xmin>250.57803468208093</xmin>
      <ymin>11.121387283236995</ymin>
      <xmax>276.87861271676303</xmax>
      <ymax>54.18497109826589</ymax>
    </bndbox>
  </object>
  <object>
    <name>Bottle</name>
    <pose/>
    <truncated/>
    <difficult/>
    <bndbox>
      <xmin>537.5722543352601</xmin>
      <ymin>142.91329479768785</ymin>
      <xmax>558.0924855491329</xmax>
      <ymax>190.89017341040463</ymax>
    </bndbox>
  </object>
  <object>
    <name>Person</name>
    <pose/>
    <truncated/>
    <difficult/>
    <bndbox>
      <xmin>117.91907514450867</xmin>
      <ymin>70.3699421965318</ymin>
      <xmax>359.8265895953757</xmax>
      <ymax>357.36416184971097</ymax>
    </bndbox>
  </object>
  <object>
    <name>Person</name>
    <pose/>
    <truncated/>
    <difficult/>
    <bndbox>
      <xmin>307.8034682080925</xmin>
      <ymin>1.00578034682081</ymin>
      <xmax>536.7052023121387</xmax>
      <ymax>357.0751445086705</ymax>
    </bndbox>
  </object>
</annotation>
