<annotation>
  <folder/>
  <filename>11158.jpg</filename>
  <database/>
  <annotation/>
  <image/>
  <size>
    <height>360</height>
    <width>640</width>
    <depth>3</depth>
  </size>
  <segmented/>
  <object>
    <name>InfusionBag</name>
    <pose/>
    <truncated/>
    <difficult/>
    <bndbox>
      <xmin>230.9248554913295</xmin>
      <ymin>11.410404624277458</ymin>
      <xmax>257.2254335260119</xmax>
      <ymax>54.47398843930635</ymax>
    </bndbox>
  </object>
  <object>
    <name>Bottle</name>
    <pose/>
    <truncated/>
    <difficult/>
    <bndbox>
      <xmin>513.2947976878612</xmin>
      <ymin>127.30635838150289</ymin>
      <xmax>533.815028901734</xmax>
      <ymax>175.28323699421966</ymax>
    </bndbox>
  </object>
  <object>
    <name>Person</name>
    <pose/>
    <truncated/>
    <difficult/>
    <bndbox>
      <xmin>159.0</xmin>
      <ymin>70.08092485549133</ymin>
      <xmax>368.49710982658917</xmax>
      <ymax>359.0</ymax>
    </bndbox>
  </object>
  <object>
    <name>Person</name>
    <pose/>
    <truncated/>
    <difficult/>
    <bndbox>
      <xmin>321.0</xmin>
      <ymin>0.0</ymin>
      <xmax>536.7052023121387</xmax>
      <ymax>357.0751445086705</ymax>
    </bndbox>
  </object>
</annotation>
