<annotation>
  <folder/>
  <filename>11152.jpg</filename>
  <database/>
  <annotation/>
  <image/>
  <size>
    <height>360</height>
    <width>640</width>
    <depth>3</depth>
  </size>
  <segmented/>
  <object>
    <name>InfusionBag</name>
    <pose/>
    <truncated/>
    <difficult/>
    <bndbox>
      <xmin>238.4393063583815</xmin>
      <ymin>7.0751445086705225</ymin>
      <xmax>266.47398843930614</xmax>
      <ymax>53.606936416184965</ymax>
    </bndbox>
  </object>
  <object>
    <name>Person</name>
    <pose/>
    <truncated/>
    <difficult/>
    <bndbox>
      <xmin>332.9479768786127</xmin>
      <ymin>0.42774566473990916</ymin>
      <xmax>537.0</xmax>
      <ymax>359.0</ymax>
    </bndbox>
  </object>
  <object>
    <name>Person</name>
    <pose/>
    <truncated/>
    <difficult/>
    <bndbox>
      <xmin>148.5549132947977</xmin>
      <ymin>73.54913294797689</ymin>
      <xmax>369.0</xmax>
      <ymax>359.0</ymax>
    </bndbox>
  </object>
  <object>
    <name>Bottle</name>
    <pose/>
    <truncated/>
    <difficult/>
    <bndbox>
      <xmin>523.121387283237</xmin>
      <ymin>126.43930635838151</ymin>
      <xmax>541.3294797687861</xmax>
      <ymax>174.41618497109826</ymax>
    </bndbox>
  </object>
</annotation>
