<annotation>
  <folder/>
  <filename>11176.jpg</filename>
  <database/>
  <annotation/>
  <image/>
  <size>
    <height>360</height>
    <width>640</width>
    <depth>3</depth>
  </size>
  <segmented/>
  <object>
    <name>InfusionBag</name>
    <pose/>
    <truncated/>
    <difficult/>
    <bndbox>
      <xmin>204.04624277456648</xmin>
      <ymin>21.526011560693643</ymin>
      <xmax>230.34682080924892</xmax>
      <ymax>64.58959537572254</ymax>
    </bndbox>
  </object>
  <object>
    <name>Bottle</name>
    <pose/>
    <truncated/>
    <difficult/>
    <bndbox>
      <xmin>480.635838150289</xmin>
      <ymin>127.30635838150289</ymin>
      <xmax>493.0635838150289</xmax>
      <ymax>162.27745664739885</ymax>
    </bndbox>
  </object>
  <object>
    <name>Person</name>
    <pose/>
    <truncated/>
    <difficult/>
    <bndbox>
      <xmin>152.35260115606937</xmin>
      <ymin>69.21387283236993</ymin>
      <xmax>361.84971098265885</xmax>
      <ymax>358.13294797687865</ymax>
    </bndbox>
  </object>
  <object>
    <name>Person</name>
    <pose/>
    <truncated/>
    <difficult/>
    <bndbox>
      <xmin>289.59537572254334</xmin>
      <ymin>22.393063583815028</ymin>
      <xmax>510.11560693641667</xmax>
      <ymax>360.4335260115606</ymax>
    </bndbox>
  </object>
</annotation>
