<annotation>
  <folder/>
  <filename>11170.jpg</filename>
  <database/>
  <annotation/>
  <image/>
  <size>
    <height>360</height>
    <width>640</width>
    <depth>3</depth>
  </size>
  <segmented/>
  <object>
    <name>InfusionBag</name>
    <pose/>
    <truncated/>
    <difficult/>
    <bndbox>
      <xmin>211.27167630057806</xmin>
      <ymin>15.167630057803475</ymin>
      <xmax>237.5722543352605</xmax>
      <ymax>58.23121387283237</ymax>
    </bndbox>
  </object>
  <object>
    <name>Bottle</name>
    <pose/>
    <truncated/>
    <difficult/>
    <bndbox>
      <xmin>486.9942196531792</xmin>
      <ymin>124.99421965317919</ymin>
      <xmax>506.35838150289015</xmax>
      <ymax>166.61271676300578</ymax>
    </bndbox>
  </object>
  <object>
    <name>Person</name>
    <pose/>
    <truncated/>
    <difficult/>
    <bndbox>
      <xmin>152.35260115606937</xmin>
      <ymin>69.21387283236993</ymin>
      <xmax>361.84971098265885</xmax>
      <ymax>358.13294797687865</ymax>
    </bndbox>
  </object>
  <object>
    <name>Person</name>
    <pose/>
    <truncated/>
    <difficult/>
    <bndbox>
      <xmin>306.64739884393066</xmin>
      <ymin>11.98843930635838</ymin>
      <xmax>510.69364161849757</xmax>
      <ymax>360.8323699421966</ymax>
    </bndbox>
  </object>
</annotation>
