<annotation>
  <folder/>
  <filename>11182.jpg</filename>
  <database/>
  <annotation/>
  <image/>
  <size>
    <height>360</height>
    <width>640</width>
    <depth>3</depth>
  </size>
  <segmented/>
  <object>
    <name>InfusionBag</name>
    <pose/>
    <truncated/>
    <difficult/>
    <bndbox>
      <xmin>192.19653179190752</xmin>
      <ymin>20.369942196531806</ymin>
      <xmax>218.49710982658996</xmax>
      <ymax>63.4335260115607</ymax>
    </bndbox>
  </object>
  <object>
    <name>Bottle</name>
    <pose/>
    <truncated/>
    <difficult/>
    <bndbox>
      <xmin>471.0982658959537</xmin>
      <ymin>127.88439306358381</ymin>
      <xmax>482.3699421965318</xmax>
      <ymax>158.23121387283237</ymax>
    </bndbox>
  </object>
  <object>
    <name>Person</name>
    <pose/>
    <truncated/>
    <difficult/>
    <bndbox>
      <xmin>152.35260115606937</xmin>
      <ymin>69.21387283236993</ymin>
      <xmax>361.84971098265885</xmax>
      <ymax>358.13294797687865</ymax>
    </bndbox>
  </object>
  <object>
    <name>Person</name>
    <pose/>
    <truncated/>
    <difficult/>
    <bndbox>
      <xmin>282.3699421965318</xmin>
      <ymin>21.236994219653177</ymin>
      <xmax>502.89017341040494</xmax>
      <ymax>359.27745664739894</ymax>
    </bndbox>
  </object>
</annotation>
