<annotation>
  <folder/>
  <filename>11224.jpg</filename>
  <database/>
  <annotation/>
  <image/>
  <size>
    <height>360</height>
    <width>640</width>
    <depth>3</depth>
  </size>
  <segmented/>
  <object>
    <name>InfusionBag</name>
    <pose/>
    <truncated/>
    <difficult/>
    <bndbox>
      <xmin>167.91907514450867</xmin>
      <ymin>29.329479768786143</ymin>
      <xmax>193.93063583815027</xmax>
      <ymax>74.99421965317919</ymax>
    </bndbox>
  </object>
  <object>
    <name>Person</name>
    <pose/>
    <truncated/>
    <difficult/>
    <bndbox>
      <xmin>110.40462427745665</xmin>
      <ymin>75.57225433526011</ymin>
      <xmax>348.2658959537572</xmax>
      <ymax>345.80346820809245</ymax>
    </bndbox>
  </object>
  <object>
    <name>Person</name>
    <pose/>
    <truncated/>
    <difficult/>
    <bndbox>
      <xmin>296.53179190751445</xmin>
      <ymin>10.832369942196532</ymin>
      <xmax>495.485549132948</xmax>
      <ymax>358.71098265895955</ymax>
    </bndbox>
  </object>
</annotation>
