<annotation>
  <folder/>
  <filename>11230.jpg</filename>
  <database/>
  <annotation/>
  <image/>
  <size>
    <height>360</height>
    <width>640</width>
    <depth>3</depth>
  </size>
  <segmented/>
  <object>
    <name>InfusionBag</name>
    <pose/>
    <truncated/>
    <difficult/>
    <bndbox>
      <xmin>167.91907514450867</xmin>
      <ymin>29.329479768786143</ymin>
      <xmax>193.93063583815027</xmax>
      <ymax>74.99421965317919</ymax>
    </bndbox>
  </object>
  <object>
    <name>Person</name>
    <pose/>
    <truncated/>
    <difficult/>
    <bndbox>
      <xmin>106.3583815028902</xmin>
      <ymin>73.26011560693641</ymin>
      <xmax>344.2196531791906</xmax>
      <ymax>343.4913294797691</ymax>
    </bndbox>
  </object>
  <object>
    <name>Person</name>
    <pose/>
    <truncated/>
    <difficult/>
    <bndbox>
      <xmin>293.6416184971098</xmin>
      <ymin>8.52023121387283</ymin>
      <xmax>492.59537572254334</xmax>
      <ymax>356.39884393063596</ymax>
    </bndbox>
  </object>
</annotation>
