<annotation>
  <folder/>
  <filename>11272.jpg</filename>
  <database/>
  <annotation/>
  <image/>
  <size>
    <height>360</height>
    <width>640</width>
    <depth>3</depth>
  </size>
  <segmented/>
  <object>
    <name>InfusionBag</name>
    <pose/>
    <truncated/>
    <difficult/>
    <bndbox>
      <xmin>213.5838150289017</xmin>
      <ymin>26.15028901734104</ymin>
      <xmax>241.6184971098266</xmax>
      <ymax>72.6820809248555</ymax>
    </bndbox>
  </object>
  <object>
    <name>Person</name>
    <pose/>
    <truncated/>
    <difficult/>
    <bndbox>
      <xmin>323.9884393063583</xmin>
      <ymin>28.173410404624263</ymin>
      <xmax>560.9826589595376</xmax>
      <ymax>325.28323699421964</ymax>
    </bndbox>
  </object>
  <object>
    <name>Person</name>
    <pose/>
    <truncated/>
    <difficult/>
    <bndbox>
      <xmin>151.15606936416185</xmin>
      <ymin>74.41618497109829</ymin>
      <xmax>376.44508670520224</xmax>
      <ymax>354.3757225433527</ymax>
    </bndbox>
  </object>
</annotation>
