<annotation>
  <folder/>
  <filename>11278.jpg</filename>
  <database/>
  <annotation/>
  <image/>
  <size>
    <height>360</height>
    <width>640</width>
    <depth>3</depth>
  </size>
  <segmented/>
  <object>
    <name>InfusionBag</name>
    <pose/>
    <truncated/>
    <difficult/>
    <bndbox>
      <xmin>220.80924855491327</xmin>
      <ymin>27.306358381502893</ymin>
      <xmax>248.84393063583815</xmax>
      <ymax>73.83815028901735</ymax>
    </bndbox>
  </object>
  <object>
    <name>Person</name>
    <pose/>
    <truncated/>
    <difficult/>
    <bndbox>
      <xmin>339.3063583815029</xmin>
      <ymin>27.017341040462412</ymin>
      <xmax>576.3005780346822</xmax>
      <ymax>324.1271676300578</ymax>
    </bndbox>
  </object>
  <object>
    <name>Person</name>
    <pose/>
    <truncated/>
    <difficult/>
    <bndbox>
      <xmin>152.60115606936415</xmin>
      <ymin>68.34682080924858</ymin>
      <xmax>371.3872832369942</xmax>
      <ymax>356.2080924855491</ymax>
    </bndbox>
  </object>
</annotation>
