<annotation>
  <folder/>
  <filename>11284.jpg</filename>
  <database/>
  <annotation/>
  <image/>
  <size>
    <height>360</height>
    <width>640</width>
    <depth>3</depth>
  </size>
  <segmented/>
  <object>
    <name>InfusionBag</name>
    <pose/>
    <truncated/>
    <difficult/>
    <bndbox>
      <xmin>226.30057803468205</xmin>
      <ymin>16.612716763005782</ymin>
      <xmax>254.33526011560693</xmax>
      <ymax>63.144508670520224</ymax>
    </bndbox>
  </object>
  <object>
    <name>Person</name>
    <pose/>
    <truncated/>
    <difficult/>
    <bndbox>
      <xmin>370.5202312138728</xmin>
      <ymin>25.283236994219656</ymin>
      <xmax>576.3005780346822</xmax>
      <ymax>324.1271676300578</ymax>
    </bndbox>
  </object>
  <object>
    <name>Person</name>
    <pose/>
    <truncated/>
    <difficult/>
    <bndbox>
      <xmin>235.5491329479769</xmin>
      <ymin>62.56647398843931</ymin>
      <xmax>401.7341040462428</xmax>
      <ymax>350.71676300578036</ymax>
    </bndbox>
  </object>
</annotation>
