<annotation>
  <folder/>
  <filename>11296.jpg</filename>
  <database/>
  <annotation/>
  <image/>
  <size>
    <height>360</height>
    <width>640</width>
    <depth>3</depth>
  </size>
  <segmented/>
  <object>
    <name>InfusionBag</name>
    <pose/>
    <truncated/>
    <difficult/>
    <bndbox>
      <xmin>211.27167630057804</xmin>
      <ymin>3.0289017341040463</ymin>
      <xmax>243.64161849710985</xmax>
      <ymax>53.60693641618496</ymax>
    </bndbox>
  </object>
  <object>
    <name>Person</name>
    <pose/>
    <truncated/>
    <difficult/>
    <bndbox>
      <xmin>385.83815028901734</xmin>
      <ymin>16.61271676300579</ymin>
      <xmax>569.0751445086705</xmax>
      <ymax>279.6184971098266</ymax>
    </bndbox>
  </object>
  <object>
    <name>Person</name>
    <pose/>
    <truncated/>
    <difficult/>
    <bndbox>
      <xmin>210.40462427745666</xmin>
      <ymin>60.25433526011561</ymin>
      <xmax>418.4971098265896</xmax>
      <ymax>355.6300578034682</ymax>
    </bndbox>
  </object>
</annotation>
