<annotation>
  <folder/>
  <filename>11320.jpg</filename>
  <database/>
  <annotation/>
  <image/>
  <size>
    <height>360</height>
    <width>640</width>
    <depth>3</depth>
  </size>
  <segmented/>
  <object>
    <name>InfusionBag</name>
    <pose/>
    <truncated/>
    <difficult/>
    <bndbox>
      <xmin>154.91329479768785</xmin>
      <ymin>1.5838150289017356</ymin>
      <xmax>186.99421965317916</xmax>
      <ymax>47.2485549132948</ymax>
    </bndbox>
  </object>
  <object>
    <name>Person</name>
    <pose/>
    <truncated/>
    <difficult/>
    <bndbox>
      <xmin>345.9537572254335</xmin>
      <ymin>-1.01734104046243</ymin>
      <xmax>505.4913294797688</xmax>
      <ymax>258.8092485549133</ymax>
    </bndbox>
  </object>
  <object>
    <name>Person</name>
    <pose/>
    <truncated/>
    <difficult/>
    <bndbox>
      <xmin>164.4508670520231</xmin>
      <ymin>44.358381502890175</ymin>
      <xmax>376.3005780346821</xmax>
      <ymax>354.7630057803468</ymax>
    </bndbox>
  </object>
  <object>
    <name>Medicine</name>
    <pose/>
    <truncated/>
    <difficult/>
    <bndbox>
      <xmin>380.34682080924864</xmin>
      <ymin>122.393063583815</ymin>
      <xmax>391.90751445086715</xmax>
      <ymax>140.3121387283237</ymax>
    </bndbox>
  </object>
  <object>
    <name>Bottle</name>
    <pose/>
    <truncated/>
    <difficult/>
    <bndbox>
      <xmin>385.54913294797683</xmin>
      <ymin>110.54335260115606</ymin>
      <xmax>397.6878612716763</xmax>
      <ymax>128.75144508670522</ymax>
    </bndbox>
  </object>
</annotation>
