<annotation>
  <folder/>
  <filename>11326.jpg</filename>
  <database/>
  <annotation/>
  <image/>
  <size>
    <height>360</height>
    <width>640</width>
    <depth>3</depth>
  </size>
  <segmented/>
  <object>
    <name>InfusionBag</name>
    <pose/>
    <truncated/>
    <difficult/>
    <bndbox>
      <xmin>140.46242774566474</xmin>
      <ymin>1.8728323699421985</ymin>
      <xmax>172.54335260115604</xmax>
      <ymax>47.53757225433526</ymax>
    </bndbox>
  </object>
  <object>
    <name>Person</name>
    <pose/>
    <truncated/>
    <difficult/>
    <bndbox>
      <xmin>345.9537572254335</xmin>
      <ymin>-1.01734104046243</ymin>
      <xmax>485.83815028901734</xmax>
      <ymax>238.28901734104048</ymax>
    </bndbox>
  </object>
  <object>
    <name>Person</name>
    <pose/>
    <truncated/>
    <difficult/>
    <bndbox>
      <xmin>166.47398843930634</xmin>
      <ymin>49.27167630057803</ymin>
      <xmax>378.3236994219652</xmax>
      <ymax>359.67630057803456</ymax>
    </bndbox>
  </object>
  <object>
    <name>Medicine</name>
    <pose/>
    <truncated/>
    <difficult/>
    <bndbox>
      <xmin>366.76300578034693</xmin>
      <ymin>125.86127167630053</ymin>
      <xmax>378.32369942196544</xmax>
      <ymax>143.78034682080923</ymax>
    </bndbox>
  </object>
  <object>
    <name>Bottle</name>
    <pose/>
    <truncated/>
    <difficult/>
    <bndbox>
      <xmin>370.52023121387276</xmin>
      <ymin>113.14450867052024</ymin>
      <xmax>381.7919075144509</xmax>
      <ymax>127.59537572254337</ymax>
    </bndbox>
  </object>
  <object>
    <name>Medicine</name>
    <pose/>
    <truncated/>
    <difficult/>
    <bndbox>
      <xmin>379.4797687861272</xmin>
      <ymin>129.32947976878611</ymin>
      <xmax>388.15028901734104</xmax>
      <ymax>140.3121387283237</ymax>
    </bndbox>
  </object>
</annotation>
