<annotation>
  <folder/>
  <filename>11350.jpg</filename>
  <database/>
  <annotation/>
  <image/>
  <size>
    <height>360</height>
    <width>640</width>
    <depth>3</depth>
  </size>
  <segmented/>
  <object>
    <name>InfusionBag</name>
    <pose/>
    <truncated/>
    <difficult/>
    <bndbox>
      <xmin>58.09248554913296</xmin>
      <ymin>22.682080924855487</ymin>
      <xmax>92.77456647398864</xmax>
      <ymax>78.17341040462428</ymax>
    </bndbox>
  </object>
  <object>
    <name>Bottle</name>
    <pose/>
    <truncated/>
    <difficult/>
    <bndbox>
      <xmin>292.19653179190743</xmin>
      <ymin>120.36994219653177</ymin>
      <xmax>301.1560693641618</xmax>
      <ymax>140.89017341040463</ymax>
    </bndbox>
  </object>
  <object>
    <name>Medicine</name>
    <pose/>
    <truncated/>
    <difficult/>
    <bndbox>
      <xmin>304.04624277456657</xmin>
      <ymin>142.0462427745665</ymin>
      <xmax>312.13872832369947</xmax>
      <ymax>155.9190751445087</ymax>
    </bndbox>
  </object>
  <object>
    <name>Person</name>
    <pose/>
    <truncated/>
    <difficult/>
    <bndbox>
      <xmin>132.08092485549128</xmin>
      <ymin>60.01156069364163</ymin>
      <xmax>377.156069364162</xmax>
      <ymax>361.35838150289044</ymax>
    </bndbox>
  </object>
  <object>
    <name>Person</name>
    <pose/>
    <truncated/>
    <difficult/>
    <bndbox>
      <xmin>273.699421965318</xmin>
      <ymin>0.9364161849711046</ymin>
      <xmax>398.26589595375725</xmax>
      <ymax>241.17919075144508</ymax>
    </bndbox>
  </object>
</annotation>
