<annotation>
  <folder/>
  <filename>11362.jpg</filename>
  <database/>
  <annotation/>
  <image/>
  <size>
    <height>360</height>
    <width>640</width>
    <depth>3</depth>
  </size>
  <segmented/>
  <object>
    <name>InfusionBag</name>
    <pose/>
    <truncated/>
    <difficult/>
    <bndbox>
      <xmin>52.601156069364166</xmin>
      <ymin>28.17341040462425</ymin>
      <xmax>87.28323699421985</xmax>
      <ymax>83.66473988439304</ymax>
    </bndbox>
  </object>
  <object>
    <name>Bottle</name>
    <pose/>
    <truncated/>
    <difficult/>
    <bndbox>
      <xmin>277.7456647398843</xmin>
      <ymin>127.30635838150292</ymin>
      <xmax>287.28323699421964</xmax>
      <ymax>139.73410404624278</ymax>
    </bndbox>
  </object>
  <object>
    <name>Medicine</name>
    <pose/>
    <truncated/>
    <difficult/>
    <bndbox>
      <xmin>292.7745664739885</xmin>
      <ymin>146.9595375722544</ymin>
      <xmax>300.8670520231214</xmax>
      <ymax>159.6763005780347</ymax>
    </bndbox>
  </object>
  <object>
    <name>Person</name>
    <pose/>
    <truncated/>
    <difficult/>
    <bndbox>
      <xmin>131.2138728323699</xmin>
      <ymin>74.72832369942199</ymin>
      <xmax>452.60115606936415</xmax>
      <ymax>343.4913294797688</ymax>
    </bndbox>
  </object>
  <object>
    <name>Person</name>
    <pose/>
    <truncated/>
    <difficult/>
    <bndbox>
      <xmin>257.51445086705206</xmin>
      <ymin>-0.508670520231199</ymin>
      <xmax>393.06358381502895</xmax>
      <ymax>235.68786127167635</ymax>
    </bndbox>
  </object>
</annotation>
