<annotation>
  <folder/>
  <filename>11368.jpg</filename>
  <database/>
  <annotation/>
  <image/>
  <size>
    <height>360</height>
    <width>640</width>
    <depth>3</depth>
  </size>
  <segmented/>
  <object>
    <name>InfusionBag</name>
    <pose/>
    <truncated/>
    <difficult/>
    <bndbox>
      <xmin>44.21965317919076</xmin>
      <ymin>34.820809248554895</ymin>
      <xmax>78.90173410404644</xmax>
      <ymax>90.31213872832369</ymax>
    </bndbox>
  </object>
  <object>
    <name>Bottle</name>
    <pose/>
    <truncated/>
    <difficult/>
    <bndbox>
      <xmin>267.0520231213872</xmin>
      <ymin>132.50867052023125</ymin>
      <xmax>276.5895953757225</xmax>
      <ymax>146.092485549133</ymax>
    </bndbox>
  </object>
  <object>
    <name>Medicine</name>
    <pose/>
    <truncated/>
    <difficult/>
    <bndbox>
      <xmin>282.6589595375723</xmin>
      <ymin>147.82658959537576</ymin>
      <xmax>290.7514450867052</xmax>
      <ymax>160.54335260115607</ymax>
    </bndbox>
  </object>
  <object>
    <name>Person</name>
    <pose/>
    <truncated/>
    <difficult/>
    <bndbox>
      <xmin>152.3121387283237</xmin>
      <ymin>85.97687861271676</ymin>
      <xmax>483.52601156069363</xmax>
      <ymax>355.6300578034682</ymax>
    </bndbox>
  </object>
  <object>
    <name>Person</name>
    <pose/>
    <truncated/>
    <difficult/>
    <bndbox>
      <xmin>249.1329479768787</xmin>
      <ymin>0.6473988439306435</ymin>
      <xmax>384.6820809248555</xmax>
      <ymax>236.84393063583815</ymax>
    </bndbox>
  </object>
</annotation>
