<annotation>
  <folder/>
  <filename>11374.jpg</filename>
  <database/>
  <annotation/>
  <image/>
  <size>
    <height>360</height>
    <width>640</width>
    <depth>3</depth>
  </size>
  <segmented/>
  <object>
    <name>InfusionBag</name>
    <pose/>
    <truncated/>
    <difficult/>
    <bndbox>
      <xmin>23.12138728323699</xmin>
      <ymin>31.641618497109818</ymin>
      <xmax>64.16184971098266</xmax>
      <ymax>94.35838150289017</ymax>
    </bndbox>
  </object>
  <object>
    <name>Bottle</name>
    <pose/>
    <truncated/>
    <difficult/>
    <bndbox>
      <xmin>251.15606936416174</xmin>
      <ymin>131.06358381502892</ymin>
      <xmax>261.5606936416185</xmax>
      <ymax>149.27167630057804</ymax>
    </bndbox>
  </object>
  <object>
    <name>Medicine</name>
    <pose/>
    <truncated/>
    <difficult/>
    <bndbox>
      <xmin>258.6705202312139</xmin>
      <ymin>148.69364161849717</ymin>
      <xmax>266.7630057803468</xmax>
      <ymax>161.41040462427748</ymax>
    </bndbox>
  </object>
  <object>
    <name>Person</name>
    <pose/>
    <truncated/>
    <difficult/>
    <bndbox>
      <xmin>150.0</xmin>
      <ymin>98.69364161849711</ymin>
      <xmax>463.70520231213857</xmax>
      <ymax>354.26589595375765</ymax>
    </bndbox>
  </object>
  <object>
    <name>Person</name>
    <pose/>
    <truncated/>
    <difficult/>
    <bndbox>
      <xmin>225.4335260115608</xmin>
      <ymin>0.6473988439306311</ymin>
      <xmax>369.0751445086705</xmax>
      <ymax>233.66473988439307</ymax>
    </bndbox>
  </object>
  <object>
    <name>Medicine</name>
    <pose/>
    <truncated/>
    <difficult/>
    <bndbox>
      <xmin>269.6531791907515</xmin>
      <ymin>147.2485549132948</ymin>
      <xmax>276.87861271676303</xmax>
      <ymax>159.96531791907515</ymax>
    </bndbox>
  </object>
</annotation>
