<annotation>
  <folder/>
  <filename>11392.jpg</filename>
  <database/>
  <annotation/>
  <image/>
  <size>
    <height>360</height>
    <width>640</width>
    <depth>3</depth>
  </size>
  <segmented/>
  <object>
    <name>InfusionBag</name>
    <pose/>
    <truncated/>
    <difficult/>
    <bndbox>
      <xmin>-1.2485549132948002</xmin>
      <ymin>39.734104046242784</ymin>
      <xmax>28.32369942196532</xmax>
      <ymax>98.69364161849711</ymax>
    </bndbox>
  </object>
  <object>
    <name>Person</name>
    <pose/>
    <truncated/>
    <difficult/>
    <bndbox>
      <xmin>93.9306358381503</xmin>
      <ymin>144.9364161849711</ymin>
      <xmax>453.7109826589591</xmax>
      <ymax>361.9190751445093</ymax>
    </bndbox>
  </object>
  <object>
    <name>Person</name>
    <pose/>
    <truncated/>
    <difficult/>
    <bndbox>
      <xmin>163.87283236994224</xmin>
      <ymin>24.635838150288947</ymin>
      <xmax>338.72832369942205</xmax>
      <ymax>214.58959537572255</ymax>
    </bndbox>
  </object>
  <object>
    <name>Bottle</name>
    <pose/>
    <truncated/>
    <difficult/>
    <bndbox>
      <xmin>216.47398843930637</xmin>
      <ymin>130.77456647398844</ymin>
      <xmax>229.76878612716763</xmax>
      <ymax>148.11560693641619</ymax>
    </bndbox>
  </object>
  <object>
    <name>Medicine</name>
    <pose/>
    <truncated/>
    <difficult/>
    <bndbox>
      <xmin>227.16763005780348</xmin>
      <ymin>144.64739884393063</ymin>
      <xmax>237.28323699421966</xmax>
      <ymax>160.83236994219652</ymax>
    </bndbox>
  </object>
  <object>
    <name>Medicine</name>
    <pose/>
    <truncated/>
    <difficult/>
    <bndbox>
      <xmin>238.15028901734104</xmin>
      <ymin>144.64739884393063</ymin>
      <xmax>247.10982658959537</xmax>
      <ymax>158.52023121387285</ymax>
    </bndbox>
  </object>
</annotation>
