<annotation>
  <folder/>
  <filename>11410.jpg</filename>
  <database/>
  <annotation/>
  <image/>
  <size>
    <height>360</height>
    <width>640</width>
    <depth>3</depth>
  </size>
  <segmented/>
  <object>
    <name>InfusionBag</name>
    <pose/>
    <truncated/>
    <difficult/>
    <bndbox>
      <xmin>2.219653179190752</xmin>
      <ymin>31.930635838150295</ymin>
      <xmax>49.13294797687861</xmax>
      <ymax>95.51445086705202</ymax>
    </bndbox>
  </object>
  <object>
    <name>Person</name>
    <pose/>
    <truncated/>
    <difficult/>
    <bndbox>
      <xmin>105.4913294797688</xmin>
      <ymin>170.36994219653178</ymin>
      <xmax>481.167630057803</xmax>
      <ymax>350.0693641618504</ymax>
    </bndbox>
  </object>
  <object>
    <name>Person</name>
    <pose/>
    <truncated/>
    <difficult/>
    <bndbox>
      <xmin>173.41040462427745</xmin>
      <ymin>32.797687861271676</ymin>
      <xmax>343.3526011560698</xmax>
      <ymax>211.41040462427742</ymax>
    </bndbox>
  </object>
  <object>
    <name>Medicine</name>
    <pose/>
    <truncated/>
    <difficult/>
    <bndbox>
      <xmin>226.87861271676306</xmin>
      <ymin>141.75722543352603</ymin>
      <xmax>235.5491329479769</xmax>
      <ymax>157.364161849711</ymax>
    </bndbox>
  </object>
  <object>
    <name>Medicine</name>
    <pose/>
    <truncated/>
    <difficult/>
    <bndbox>
      <xmin>237.5722543352601</xmin>
      <ymin>142.33526011560693</ymin>
      <xmax>246.5317919075145</xmax>
      <ymax>156.20809248554914</ymax>
    </bndbox>
  </object>
</annotation>
