<annotation>
  <folder/>
  <filename>11422.jpg</filename>
  <database/>
  <annotation/>
  <image/>
  <size>
    <height>360</height>
    <width>640</width>
    <depth>3</depth>
  </size>
  <segmented/>
  <object>
    <name>InfusionBag</name>
    <pose/>
    <truncated/>
    <difficult/>
    <bndbox>
      <xmin>-0.4046242774566462</xmin>
      <ymin>40.3121387283237</ymin>
      <xmax>32.08092485549133</xmax>
      <ymax>104.76300578034682</ymax>
    </bndbox>
  </object>
  <object>
    <name>Person</name>
    <pose/>
    <truncated/>
    <difficult/>
    <bndbox>
      <xmin>85.54913294797687</xmin>
      <ymin>172.97109826589593</ymin>
      <xmax>449.71098265895955</xmax>
      <ymax>313.4335260115607</ymax>
    </bndbox>
  </object>
  <object>
    <name>Person</name>
    <pose/>
    <truncated/>
    <difficult/>
    <bndbox>
      <xmin>149.42196531791905</xmin>
      <ymin>20.08092485549134</ymin>
      <xmax>327.4566473988439</xmax>
      <ymax>213.14450867052022</ymax>
    </bndbox>
  </object>
  <object>
    <name>Medicine</name>
    <pose/>
    <truncated/>
    <difficult/>
    <bndbox>
      <xmin>209.82658959537576</xmin>
      <ymin>144.3583815028902</ymin>
      <xmax>218.4971098265896</xmax>
      <ymax>159.96531791907518</ymax>
    </bndbox>
  </object>
  <object>
    <name>Medicine</name>
    <pose/>
    <truncated/>
    <difficult/>
    <bndbox>
      <xmin>219.9421965317919</xmin>
      <ymin>144.35838150289018</ymin>
      <xmax>228.90173410404628</xmax>
      <ymax>158.2312138728324</ymax>
    </bndbox>
  </object>
</annotation>
