<annotation>
  <folder/>
  <filename>11434.jpg</filename>
  <database/>
  <annotation/>
  <image/>
  <size>
    <height>360</height>
    <width>640</width>
    <depth>3</depth>
  </size>
  <segmented/>
  <object>
    <name>InfusionBag</name>
    <pose/>
    <truncated/>
    <difficult/>
    <bndbox>
      <xmin>-0.4046242774566462</xmin>
      <ymin>40.3121387283237</ymin>
      <xmax>32.08092485549133</xmax>
      <ymax>104.76300578034682</ymax>
    </bndbox>
  </object>
  <object>
    <name>Person</name>
    <pose/>
    <truncated/>
    <difficult/>
    <bndbox>
      <xmin>84.68208092485547</xmin>
      <ymin>179.3294797687861</ymin>
      <xmax>455.78034682080926</xmax>
      <ymax>312.5664739884393</ymax>
    </bndbox>
  </object>
  <object>
    <name>Person</name>
    <pose/>
    <truncated/>
    <difficult/>
    <bndbox>
      <xmin>161.56069364161854</xmin>
      <ymin>-0.7341040462427699</ymin>
      <xmax>343.35260115606934</xmax>
      <ymax>215.16763005780348</ymax>
    </bndbox>
  </object>
  <object>
    <name>Medicine</name>
    <pose/>
    <truncated/>
    <difficult/>
    <bndbox>
      <xmin>202.31213872832373</xmin>
      <ymin>150.13872832369944</ymin>
      <xmax>210.98265895953756</xmax>
      <ymax>165.7456647398844</ymax>
    </bndbox>
  </object>
  <object>
    <name>Medicine</name>
    <pose/>
    <truncated/>
    <difficult/>
    <bndbox>
      <xmin>212.4277456647399</xmin>
      <ymin>149.27167630057806</ymin>
      <xmax>221.38728323699428</xmax>
      <ymax>163.14450867052028</ymax>
    </bndbox>
  </object>
</annotation>
