<annotation>
  <folder/>
  <filename>11458.jpg</filename>
  <database/>
  <annotation/>
  <image/>
  <size>
    <height>360</height>
    <width>640</width>
    <depth>3</depth>
  </size>
  <segmented/>
  <object>
    <name>Person</name>
    <pose/>
    <truncated/>
    <difficult/>
    <bndbox>
      <xmin>209.82658959537576</xmin>
      <ymin>0.7167630057803365</ymin>
      <xmax>355.78034682080926</xmax>
      <ymax>220.36994219653178</ymax>
    </bndbox>
  </object>
  <object>
    <name>Person</name>
    <pose/>
    <truncated/>
    <difficult/>
    <bndbox>
      <xmin>73.12138728323698</xmin>
      <ymin>205.34104046242774</ymin>
      <xmax>469.36416184971097</xmax>
      <ymax>316.612716763006</ymax>
    </bndbox>
  </object>
  <object>
    <name>InfusionBag</name>
    <pose/>
    <truncated/>
    <difficult/>
    <bndbox>
      <xmin>0.28901734104046195</xmin>
      <ymin>63.14450867052024</ymin>
      <xmax>45.08670520231213</xmax>
      <ymax>129.90751445086698</ymax>
    </bndbox>
  </object>
  <object>
    <name>Bottle</name>
    <pose/>
    <truncated/>
    <difficult/>
    <bndbox>
      <xmin>163.0057803468208</xmin>
      <ymin>142.91329479768788</ymin>
      <xmax>184.10404624277456</xmax>
      <ymax>179.32947976878614</ymax>
    </bndbox>
  </object>
  <object>
    <name>Medicine</name>
    <pose/>
    <truncated/>
    <difficult/>
    <bndbox>
      <xmin>191.04046242774567</xmin>
      <ymin>171.81502890173414</ymin>
      <xmax>202.3121387283237</xmax>
      <ymax>190.31213872832373</ymax>
    </bndbox>
  </object>
  <object>
    <name>Medicine</name>
    <pose/>
    <truncated/>
    <difficult/>
    <bndbox>
      <xmin>200.86705202312137</xmin>
      <ymin>172.97109826589596</ymin>
      <xmax>209.82658959537574</xmax>
      <ymax>186.84393063583815</ymax>
    </bndbox>
  </object>
</annotation>
