<annotation>
  <folder/>
  <filename>11452.jpg</filename>
  <database/>
  <annotation/>
  <image/>
  <size>
    <height>360</height>
    <width>640</width>
    <depth>3</depth>
  </size>
  <segmented/>
  <object>
    <name>Person</name>
    <pose/>
    <truncated/>
    <difficult/>
    <bndbox>
      <xmin>209.82658959537576</xmin>
      <ymin>0.7167630057803365</ymin>
      <xmax>356.35838150289015</xmax>
      <ymax>226.72832369942196</ymax>
    </bndbox>
  </object>
  <object>
    <name>Person</name>
    <pose/>
    <truncated/>
    <difficult/>
    <bndbox>
      <xmin>81.21387283236994</xmin>
      <ymin>209.09826589595377</ymin>
      <xmax>477.4566473988439</xmax>
      <ymax>320.3699421965318</ymax>
    </bndbox>
  </object>
  <object>
    <name>InfusionBag</name>
    <pose/>
    <truncated/>
    <difficult/>
    <bndbox>
      <xmin>5.491329479768786</xmin>
      <ymin>61.699421965317924</ymin>
      <xmax>50.28901734104046</xmax>
      <ymax>128.46242774566474</ymax>
    </bndbox>
  </object>
  <object>
    <name>Bottle</name>
    <pose/>
    <truncated/>
    <difficult/>
    <bndbox>
      <xmin>168.78612716763007</xmin>
      <ymin>138.8670520231214</ymin>
      <xmax>189.88439306358381</xmax>
      <ymax>175.28323699421966</ymax>
    </bndbox>
  </object>
  <object>
    <name>Medicine</name>
    <pose/>
    <truncated/>
    <difficult/>
    <bndbox>
      <xmin>196.53179190751445</xmin>
      <ymin>168.0578034682081</ymin>
      <xmax>207.80346820809248</xmax>
      <ymax>186.5549132947977</ymax>
    </bndbox>
  </object>
  <object>
    <name>Medicine</name>
    <pose/>
    <truncated/>
    <difficult/>
    <bndbox>
      <xmin>206.0693641618497</xmin>
      <ymin>168.92485549132948</ymin>
      <xmax>217.0520231213873</xmax>
      <ymax>181.9306358381503</ymax>
    </bndbox>
  </object>
</annotation>
