<annotation>
  <folder/>
  <filename>1145.jpg</filename>
  <database/>
  <annotation/>
  <image/>
  <size>
    <height>360</height>
    <width>640</width>
    <depth>3</depth>
  </size>
  <segmented/>
  <object>
    <name>Person</name>
    <pose/>
    <truncated/>
    <difficult/>
    <bndbox>
      <xmin>287.57225433526014</xmin>
      <ymin>19.213872832369944</ymin>
      <xmax>458.67052023121386</xmax>
      <ymax>216.32369942196533</ymax>
    </bndbox>
  </object>
  <object>
    <name>Person</name>
    <pose/>
    <truncated/>
    <difficult/>
    <bndbox>
      <xmin>234.92485549132945</xmin>
      <ymin>71.89595375722541</ymin>
      <xmax>493.485549132948</xmax>
      <ymax>358.13294797687877</ymax>
    </bndbox>
  </object>
</annotation>
