<annotation>
  <folder/>
  <filename>11470.jpg</filename>
  <database/>
  <annotation/>
  <image/>
  <size>
    <height>360</height>
    <width>640</width>
    <depth>3</depth>
  </size>
  <segmented/>
  <object>
    <name>Person</name>
    <pose/>
    <truncated/>
    <difficult/>
    <bndbox>
      <xmin>213.0</xmin>
      <ymin>0.0</ymin>
      <xmax>343.64161849710985</xmax>
      <ymax>218.87861271676297</ymax>
    </bndbox>
  </object>
  <object>
    <name>Person</name>
    <pose/>
    <truncated/>
    <difficult/>
    <bndbox>
      <xmin>77.16763005780352</xmin>
      <ymin>167.76878612716763</ymin>
      <xmax>452.02312138728325</xmax>
      <ymax>317.4797687861272</ymax>
    </bndbox>
  </object>
  <object>
    <name>InfusionBag</name>
    <pose/>
    <truncated/>
    <difficult/>
    <bndbox>
      <xmin>0.28901734104046195</xmin>
      <ymin>63.14450867052024</ymin>
      <xmax>35.83815028901734</xmax>
      <ymax>134.53179190751445</ymax>
    </bndbox>
  </object>
  <object>
    <name>Bottle</name>
    <pose/>
    <truncated/>
    <difficult/>
    <bndbox>
      <xmin>146.24277456647397</xmin>
      <ymin>145.51445086705203</ymin>
      <xmax>167.3410404624277</xmax>
      <ymax>181.9306358381503</ymax>
    </bndbox>
  </object>
  <object>
    <name>Medicine</name>
    <pose/>
    <truncated/>
    <difficult/>
    <bndbox>
      <xmin>176.01156069364166</xmin>
      <ymin>176.1502890173411</ymin>
      <xmax>187.2832369942197</xmax>
      <ymax>194.6473988439307</ymax>
    </bndbox>
  </object>
  <object>
    <name>Medicine</name>
    <pose/>
    <truncated/>
    <difficult/>
    <bndbox>
      <xmin>186.9942196531792</xmin>
      <ymin>175.5722543352601</ymin>
      <xmax>195.95375722543355</xmax>
      <ymax>189.4450867052023</ymax>
    </bndbox>
  </object>
</annotation>
