<annotation>
  <folder/>
  <filename>11476.jpg</filename>
  <database/>
  <annotation/>
  <image/>
  <size>
    <height>360</height>
    <width>640</width>
    <depth>3</depth>
  </size>
  <segmented/>
  <object>
    <name>Person</name>
    <pose/>
    <truncated/>
    <difficult/>
    <bndbox>
      <xmin>220.80346820809245</xmin>
      <ymin>-0.5780346820809257</ymin>
      <xmax>346.53179190751445</xmax>
      <ymax>201.58381502890174</ymax>
    </bndbox>
  </object>
  <object>
    <name>Person</name>
    <pose/>
    <truncated/>
    <difficult/>
    <bndbox>
      <xmin>99.97687861271677</xmin>
      <ymin>143.51445086705206</ymin>
      <xmax>457.8034682080925</xmax>
      <ymax>317.76878612716763</ymax>
    </bndbox>
  </object>
  <object>
    <name>InfusionBag</name>
    <pose/>
    <truncated/>
    <difficult/>
    <bndbox>
      <xmin>0.28901734104046195</xmin>
      <ymin>63.14450867052024</ymin>
      <xmax>35.83815028901734</xmax>
      <ymax>134.53179190751445</ymax>
    </bndbox>
  </object>
  <object>
    <name>Bottle</name>
    <pose/>
    <truncated/>
    <difficult/>
    <bndbox>
      <xmin>146.24277456647397</xmin>
      <ymin>145.51445086705203</ymin>
      <xmax>167.3410404624277</xmax>
      <ymax>181.9306358381503</ymax>
    </bndbox>
  </object>
  <object>
    <name>Medicine</name>
    <pose/>
    <truncated/>
    <difficult/>
    <bndbox>
      <xmin>176.01156069364166</xmin>
      <ymin>176.1502890173411</ymin>
      <xmax>185.83815028901734</xmax>
      <ymax>185.6878612716763</ymax>
    </bndbox>
  </object>
  <object>
    <name>Medicine</name>
    <pose/>
    <truncated/>
    <difficult/>
    <bndbox>
      <xmin>186.9942196531792</xmin>
      <ymin>175.5722543352601</ymin>
      <xmax>193.35260115606937</xmax>
      <ymax>187.42196531791907</ymax>
    </bndbox>
  </object>
</annotation>
