<annotation>
  <folder/>
  <filename>11482.jpg</filename>
  <database/>
  <annotation/>
  <image/>
  <size>
    <height>360</height>
    <width>640</width>
    <depth>3</depth>
  </size>
  <segmented/>
  <object>
    <name>Person</name>
    <pose/>
    <truncated/>
    <difficult/>
    <bndbox>
      <xmin>235.26011560693638</xmin>
      <ymin>-0.7514450867051998</ymin>
      <xmax>342.48554913294794</xmax>
      <ymax>196.6473988439309</ymax>
    </bndbox>
  </object>
  <object>
    <name>Person</name>
    <pose/>
    <truncated/>
    <difficult/>
    <bndbox>
      <xmin>124.83236994219658</xmin>
      <ymin>130.50867052023125</ymin>
      <xmax>470.23121387283237</xmax>
      <ymax>321.2369942196532</ymax>
    </bndbox>
  </object>
  <object>
    <name>InfusionBag</name>
    <pose/>
    <truncated/>
    <difficult/>
    <bndbox>
      <xmin>19.075144508670522</xmin>
      <ymin>69.79190751445088</ymin>
      <xmax>60.115606936416185</xmax>
      <ymax>141.17919075144508</ymax>
    </bndbox>
  </object>
</annotation>
