<annotation>
  <folder/>
  <filename>11494.jpg</filename>
  <database/>
  <annotation/>
  <image/>
  <size>
    <height>360</height>
    <width>640</width>
    <depth>3</depth>
  </size>
  <segmented/>
  <object>
    <name>Person</name>
    <pose/>
    <truncated/>
    <difficult/>
    <bndbox>
      <xmin>232.21965317919074</xmin>
      <ymin>-0.8670520231213885</ymin>
      <xmax>339.0173410404624</xmax>
      <ymax>231.04046242774598</ymax>
    </bndbox>
  </object>
  <object>
    <name>Person</name>
    <pose/>
    <truncated/>
    <difficult/>
    <bndbox>
      <xmin>171.07514450867055</xmin>
      <ymin>110.52601156069369</ymin>
      <xmax>493.0635838150289</xmax>
      <ymax>315.7456647398844</ymax>
    </bndbox>
  </object>
  <object>
    <name>InfusionBag</name>
    <pose/>
    <truncated/>
    <difficult/>
    <bndbox>
      <xmin>29.768786127167633</xmin>
      <ymin>72.39306358381504</ymin>
      <xmax>70.8092485549133</xmax>
      <ymax>143.78034682080914</ymax>
    </bndbox>
  </object>
  <object>
    <name>Bottle</name>
    <pose/>
    <truncated/>
    <difficult/>
    <bndbox>
      <xmin>147.6878612716763</xmin>
      <ymin>159.96531791907518</ymin>
      <xmax>166.76300578034682</xmax>
      <ymax>198.6936416184971</ymax>
    </bndbox>
  </object>
</annotation>
