<annotation>
  <folder/>
  <filename>11500.jpg</filename>
  <database/>
  <annotation/>
  <image/>
  <size>
    <height>360</height>
    <width>640</width>
    <depth>3</depth>
  </size>
  <segmented/>
  <object>
    <name>Person</name>
    <pose/>
    <truncated/>
    <difficult/>
    <bndbox>
      <xmin>216.61271676300578</xmin>
      <ymin>0.0</ymin>
      <xmax>330.0578034682081</xmax>
      <ymax>212.5664739884393</ymax>
    </bndbox>
  </object>
  <object>
    <name>Person</name>
    <pose/>
    <truncated/>
    <difficult/>
    <bndbox>
      <xmin>187.8843930635838</xmin>
      <ymin>104.16763005780348</ymin>
      <xmax>456.64739884393066</xmax>
      <ymax>307.9421965317919</ymax>
    </bndbox>
  </object>
  <object>
    <name>InfusionBag</name>
    <pose/>
    <truncated/>
    <difficult/>
    <bndbox>
      <xmin>23.121387283236995</xmin>
      <ymin>77.01734104046241</ymin>
      <xmax>64.16184971098266</xmax>
      <ymax>148.40462427745652</ymax>
    </bndbox>
  </object>
  <object>
    <name>Bottle</name>
    <pose/>
    <truncated/>
    <difficult/>
    <bndbox>
      <xmin>139.8843930635838</xmin>
      <ymin>161.69942196531795</ymin>
      <xmax>158.9595375722543</xmax>
      <ymax>200.4277456647399</ymax>
    </bndbox>
  </object>
  <object>
    <name>Medicine</name>
    <pose/>
    <truncated/>
    <difficult/>
    <bndbox>
      <xmin>174.5664739884393</xmin>
      <ymin>189.15606936416185</ymin>
      <xmax>184.68208092485548</xmax>
      <ymax>209.38728323699422</ymax>
    </bndbox>
  </object>
  <object>
    <name>Medicine</name>
    <pose/>
    <truncated/>
    <difficult/>
    <bndbox>
      <xmin>182.36994219653178</xmin>
      <ymin>190.89017341040463</ymin>
      <xmax>192.19653179190752</xmax>
      <ymax>206.4971098265896</ymax>
    </bndbox>
  </object>
</annotation>
