<annotation>
  <folder/>
  <filename>11506.jpg</filename>
  <database/>
  <annotation/>
  <image/>
  <size>
    <height>360</height>
    <width>640</width>
    <depth>3</depth>
  </size>
  <segmented/>
  <object>
    <name>Person</name>
    <pose/>
    <truncated/>
    <difficult/>
    <bndbox>
      <xmin>201.87283236994222</xmin>
      <ymin>0.0</ymin>
      <xmax>315.3179190751445</xmax>
      <ymax>212.56647398843938</ymax>
    </bndbox>
  </object>
  <object>
    <name>Person</name>
    <pose/>
    <truncated/>
    <difficult/>
    <bndbox>
      <xmin>193.66473988439304</xmin>
      <ymin>105.90173410404626</ymin>
      <xmax>462.4277456647399</xmax>
      <ymax>309.6763005780348</ymax>
    </bndbox>
  </object>
  <object>
    <name>InfusionBag</name>
    <pose/>
    <truncated/>
    <difficult/>
    <bndbox>
      <xmin>17.341040462427745</xmin>
      <ymin>78.17341040462426</ymin>
      <xmax>58.381502890173415</xmax>
      <ymax>149.56069364161837</ymax>
    </bndbox>
  </object>
  <object>
    <name>Bottle</name>
    <pose/>
    <truncated/>
    <difficult/>
    <bndbox>
      <xmin>134.10404624277456</xmin>
      <ymin>162.27745664739888</ymin>
      <xmax>153.17919075144508</xmax>
      <ymax>201.0057803468208</ymax>
    </bndbox>
  </object>
  <object>
    <name>Medicine</name>
    <pose/>
    <truncated/>
    <difficult/>
    <bndbox>
      <xmin>167.6300578034682</xmin>
      <ymin>191.757225433526</ymin>
      <xmax>177.74566473988438</xmax>
      <ymax>211.98843930635837</ymax>
    </bndbox>
  </object>
  <object>
    <name>Medicine</name>
    <pose/>
    <truncated/>
    <difficult/>
    <bndbox>
      <xmin>176.878612716763</xmin>
      <ymin>190.89017341040463</ymin>
      <xmax>186.70520231213874</xmax>
      <ymax>206.4971098265896</ymax>
    </bndbox>
  </object>
</annotation>
