<annotation>
  <folder/>
  <filename>11524.jpg</filename>
  <database/>
  <annotation/>
  <image/>
  <size>
    <height>360</height>
    <width>640</width>
    <depth>3</depth>
  </size>
  <segmented/>
  <object>
    <name>Person</name>
    <pose/>
    <truncated/>
    <difficult/>
    <bndbox>
      <xmin>210.40462427745666</xmin>
      <ymin>106.78612716763006</ymin>
      <xmax>461.27167630057806</xmax>
      <ymax>320.08092485549133</ymax>
    </bndbox>
  </object>
  <object>
    <name>Person</name>
    <pose/>
    <truncated/>
    <difficult/>
    <bndbox>
      <xmin>200.57803468208093</xmin>
      <ymin>1.8728323699421967</ymin>
      <xmax>312.71676300578036</xmax>
      <ymax>222.39306358381504</ymax>
    </bndbox>
  </object>
  <object>
    <name>Bottle</name>
    <pose/>
    <truncated/>
    <difficult/>
    <bndbox>
      <xmin>126.01156069364164</xmin>
      <ymin>158.52023121387282</ymin>
      <xmax>147.68786127167633</xmax>
      <ymax>198.6936416184971</ymax>
    </bndbox>
  </object>
  <object>
    <name>Medicine</name>
    <pose/>
    <truncated/>
    <difficult/>
    <bndbox>
      <xmin>164.45086705202314</xmin>
      <ymin>188.57803468208093</ymin>
      <xmax>173.6994219653179</xmax>
      <ymax>207.07514450867052</ymax>
    </bndbox>
  </object>
  <object>
    <name>Medicine</name>
    <pose/>
    <truncated/>
    <difficult/>
    <bndbox>
      <xmin>172.54335260115607</xmin>
      <ymin>189.4450867052023</ymin>
      <xmax>182.65895953757226</xmax>
      <ymax>202.16184971098266</ymax>
    </bndbox>
  </object>
  <object>
    <name>InfusionBag</name>
    <pose/>
    <truncated/>
    <difficult/>
    <bndbox>
      <xmin>16.47398843930636</xmin>
      <ymin>74.41618497109828</ymin>
      <xmax>69.07514450867052</xmax>
      <ymax>145.8034682080925</ymax>
    </bndbox>
  </object>
</annotation>
