<annotation>
  <folder/>
  <filename>11536.jpg</filename>
  <database/>
  <annotation/>
  <image/>
  <size>
    <height>360</height>
    <width>640</width>
    <depth>3</depth>
  </size>
  <segmented/>
  <object>
    <name>Person</name>
    <pose/>
    <truncated/>
    <difficult/>
    <bndbox>
      <xmin>240.1734104046243</xmin>
      <ymin>97.53757225433527</ymin>
      <xmax>483.2369942196532</xmax>
      <ymax>305.34104046242777</ymax>
    </bndbox>
  </object>
  <object>
    <name>Person</name>
    <pose/>
    <truncated/>
    <difficult/>
    <bndbox>
      <xmin>226.0115606936416</xmin>
      <ymin>-0.15028901734104316</ymin>
      <xmax>326.5895953757225</xmax>
      <ymax>217.47976878612718</ymax>
    </bndbox>
  </object>
  <object>
    <name>Bottle</name>
    <pose/>
    <truncated/>
    <difficult/>
    <bndbox>
      <xmin>139.30635838150295</xmin>
      <ymin>152.45086705202309</ymin>
      <xmax>160.98265895953762</xmax>
      <ymax>192.62427745664738</ymax>
    </bndbox>
  </object>
  <object>
    <name>Medicine</name>
    <pose/>
    <truncated/>
    <difficult/>
    <bndbox>
      <xmin>178.61271676300578</xmin>
      <ymin>182.21965317919077</ymin>
      <xmax>188.4393063583815</xmax>
      <ymax>197.82658959537574</ymax>
    </bndbox>
  </object>
  <object>
    <name>Medicine</name>
    <pose/>
    <truncated/>
    <difficult/>
    <bndbox>
      <xmin>189.01734104046247</xmin>
      <ymin>182.79768786127164</ymin>
      <xmax>196.53179190751447</xmax>
      <ymax>195.22543352601156</ymax>
    </bndbox>
  </object>
  <object>
    <name>InfusionBag</name>
    <pose/>
    <truncated/>
    <difficult/>
    <bndbox>
      <xmin>54.046242774566466</xmin>
      <ymin>66.90173410404626</ymin>
      <xmax>97.10982658959537</xmax>
      <ymax>133.3757225433526</ymax>
    </bndbox>
  </object>
</annotation>
