<annotation>
  <folder/>
  <filename>11548.jpg</filename>
  <database/>
  <annotation/>
  <image/>
  <size>
    <height>360</height>
    <width>640</width>
    <depth>3</depth>
  </size>
  <segmented/>
  <object>
    <name>Person</name>
    <pose/>
    <truncated/>
    <difficult/>
    <bndbox>
      <xmin>244.7976878612717</xmin>
      <ymin>87.42196531791906</ymin>
      <xmax>487.8612716763006</xmax>
      <ymax>295.22543352601167</ymax>
    </bndbox>
  </object>
  <object>
    <name>Person</name>
    <pose/>
    <truncated/>
    <difficult/>
    <bndbox>
      <xmin>228.3236994219653</xmin>
      <ymin>-0.8843930635838202</ymin>
      <xmax>340.46242774566474</xmax>
      <ymax>219.63583815028915</ymax>
    </bndbox>
  </object>
  <object>
    <name>Bottle</name>
    <pose/>
    <truncated/>
    <difficult/>
    <bndbox>
      <xmin>146.82080924855495</xmin>
      <ymin>145.51445086705198</ymin>
      <xmax>168.49710982658962</xmax>
      <ymax>185.68786127167627</ymax>
    </bndbox>
  </object>
  <object>
    <name>Medicine</name>
    <pose/>
    <truncated/>
    <difficult/>
    <bndbox>
      <xmin>184.1040462427746</xmin>
      <ymin>176.15028901734104</ymin>
      <xmax>193.9306358381503</xmax>
      <ymax>191.757225433526</ymax>
    </bndbox>
  </object>
  <object>
    <name>Medicine</name>
    <pose/>
    <truncated/>
    <difficult/>
    <bndbox>
      <xmin>193.3526011560694</xmin>
      <ymin>176.4393063583815</ymin>
      <xmax>200.8670520231214</xmax>
      <ymax>188.8670520231214</ymax>
    </bndbox>
  </object>
  <object>
    <name>InfusionBag</name>
    <pose/>
    <truncated/>
    <difficult/>
    <bndbox>
      <xmin>69.36416184971098</xmin>
      <ymin>59.676300578034684</ymin>
      <xmax>112.42774566473989</xmax>
      <ymax>126.150289017341</ymax>
    </bndbox>
  </object>
</annotation>
