<annotation>
  <folder/>
  <filename>11554.jpg</filename>
  <database/>
  <annotation/>
  <image/>
  <size>
    <height>360</height>
    <width>640</width>
    <depth>3</depth>
  </size>
  <segmented/>
  <object>
    <name>Person</name>
    <pose/>
    <truncated/>
    <difficult/>
    <bndbox>
      <xmin>227.45664739884398</xmin>
      <ymin>85.97687861271673</ymin>
      <xmax>485.83815028901734</xmax>
      <ymax>296.3815028901734</ymax>
    </bndbox>
  </object>
  <object>
    <name>Person</name>
    <pose/>
    <truncated/>
    <difficult/>
    <bndbox>
      <xmin>228.3236994219653</xmin>
      <ymin>-0.8843930635838202</ymin>
      <xmax>331.50289017341044</xmax>
      <ymax>169.79190751445086</ymax>
    </bndbox>
  </object>
  <object>
    <name>Bottle</name>
    <pose/>
    <truncated/>
    <difficult/>
    <bndbox>
      <xmin>148.84393063583818</xmin>
      <ymin>143.2023121387283</ymin>
      <xmax>170.52023121387285</xmax>
      <ymax>183.3757225433526</ymax>
    </bndbox>
  </object>
  <object>
    <name>Medicine</name>
    <pose/>
    <truncated/>
    <difficult/>
    <bndbox>
      <xmin>186.99421965317921</xmin>
      <ymin>172.68208092485548</ymin>
      <xmax>196.82080924855492</xmax>
      <ymax>188.28901734104045</ymax>
    </bndbox>
  </object>
  <object>
    <name>Medicine</name>
    <pose/>
    <truncated/>
    <difficult/>
    <bndbox>
      <xmin>197.39884393063588</xmin>
      <ymin>174.1271676300578</ymin>
      <xmax>204.91329479768788</xmax>
      <ymax>186.55491329479773</ymax>
    </bndbox>
  </object>
  <object>
    <name>InfusionBag</name>
    <pose/>
    <truncated/>
    <difficult/>
    <bndbox>
      <xmin>69.36416184971098</xmin>
      <ymin>59.676300578034684</ymin>
      <xmax>112.42774566473989</xmax>
      <ymax>126.150289017341</ymax>
    </bndbox>
  </object>
</annotation>
