<annotation>
  <folder/>
  <filename>11566.jpg</filename>
  <database/>
  <annotation/>
  <image/>
  <size>
    <height>360</height>
    <width>640</width>
    <depth>3</depth>
  </size>
  <segmented/>
  <object>
    <name>Person</name>
    <pose/>
    <truncated/>
    <difficult/>
    <bndbox>
      <xmin>228.61271676300578</xmin>
      <ymin>81.06358381502885</ymin>
      <xmax>486.99421965317913</xmax>
      <ymax>291.4682080924856</ymax>
    </bndbox>
  </object>
  <object>
    <name>Person</name>
    <pose/>
    <truncated/>
    <difficult/>
    <bndbox>
      <xmin>230.34682080924856</xmin>
      <ymin>-0.17341040462428303</ymin>
      <xmax>333.5260115606937</xmax>
      <ymax>170.50289017341038</ymax>
    </bndbox>
  </object>
  <object>
    <name>Bottle</name>
    <pose/>
    <truncated/>
    <difficult/>
    <bndbox>
      <xmin>155.49132947976884</xmin>
      <ymin>137.7109826589595</ymin>
      <xmax>177.1676300578035</xmax>
      <ymax>177.8843930635838</ymax>
    </bndbox>
  </object>
  <object>
    <name>Medicine</name>
    <pose/>
    <truncated/>
    <difficult/>
    <bndbox>
      <xmin>193.06358381502892</xmin>
      <ymin>168.9248554913295</ymin>
      <xmax>202.89017341040463</xmax>
      <ymax>184.53179190751447</ymax>
    </bndbox>
  </object>
  <object>
    <name>Medicine</name>
    <pose/>
    <truncated/>
    <difficult/>
    <bndbox>
      <xmin>202.31213872832376</xmin>
      <ymin>169.79190751445088</ymin>
      <xmax>209.82658959537576</xmax>
      <ymax>182.2196531791908</ymax>
    </bndbox>
  </object>
  <object>
    <name>InfusionBag</name>
    <pose/>
    <truncated/>
    <difficult/>
    <bndbox>
      <xmin>81.5028901734104</xmin>
      <ymin>50.71676300578034</ymin>
      <xmax>124.56647398843931</xmax>
      <ymax>117.19075144508665</ymax>
    </bndbox>
  </object>
</annotation>
