<annotation>
  <folder/>
  <filename>11560.jpg</filename>
  <database/>
  <annotation/>
  <image/>
  <size>
    <height>360</height>
    <width>640</width>
    <depth>3</depth>
  </size>
  <segmented/>
  <object>
    <name>Person</name>
    <pose/>
    <truncated/>
    <difficult/>
    <bndbox>
      <xmin>226.58959537572258</xmin>
      <ymin>82.50867052023118</ymin>
      <xmax>484.97109826589593</xmax>
      <ymax>292.91329479768785</ymax>
    </bndbox>
  </object>
  <object>
    <name>Person</name>
    <pose/>
    <truncated/>
    <difficult/>
    <bndbox>
      <xmin>228.9017341040462</xmin>
      <ymin>-1.173410404624283</ymin>
      <xmax>332.08092485549133</xmax>
      <ymax>169.50289017341038</ymax>
    </bndbox>
  </object>
  <object>
    <name>Bottle</name>
    <pose/>
    <truncated/>
    <difficult/>
    <bndbox>
      <xmin>151.7341040462428</xmin>
      <ymin>138.5780346820809</ymin>
      <xmax>173.41040462427748</xmax>
      <ymax>178.7514450867052</ymax>
    </bndbox>
  </object>
  <object>
    <name>Medicine</name>
    <pose/>
    <truncated/>
    <difficult/>
    <bndbox>
      <xmin>190.1734104046243</xmin>
      <ymin>170.65895953757226</ymin>
      <xmax>200.0</xmax>
      <ymax>186.26589595375722</ymax>
    </bndbox>
  </object>
  <object>
    <name>Medicine</name>
    <pose/>
    <truncated/>
    <difficult/>
    <bndbox>
      <xmin>199.71098265895958</xmin>
      <ymin>169.79190751445088</ymin>
      <xmax>207.22543352601159</xmax>
      <ymax>182.2196531791908</ymax>
    </bndbox>
  </object>
  <object>
    <name>InfusionBag</name>
    <pose/>
    <truncated/>
    <difficult/>
    <bndbox>
      <xmin>75.72254335260115</xmin>
      <ymin>59.676300578034684</ymin>
      <xmax>118.78612716763006</xmax>
      <ymax>126.150289017341</ymax>
    </bndbox>
  </object>
</annotation>
