<annotation>
  <folder/>
  <filename>11584.jpg</filename>
  <database/>
  <annotation/>
  <image/>
  <size>
    <height>360</height>
    <width>640</width>
    <depth>3</depth>
  </size>
  <segmented/>
  <object>
    <name>Person</name>
    <pose/>
    <truncated/>
    <difficult/>
    <bndbox>
      <xmin>233.52601156069366</xmin>
      <ymin>-0.4624277456648045</ymin>
      <xmax>338.1502890173414</xmax>
      <ymax>185.0867052023121</ymax>
    </bndbox>
  </object>
  <object>
    <name>Person</name>
    <pose/>
    <truncated/>
    <difficult/>
    <bndbox>
      <xmin>228.61271676300578</xmin>
      <ymin>81.9306358381503</ymin>
      <xmax>498.84393063583815</xmax>
      <ymax>288.0</ymax>
    </bndbox>
  </object>
  <object>
    <name>Bottle</name>
    <pose/>
    <truncated/>
    <difficult/>
    <bndbox>
      <xmin>155.49132947976884</xmin>
      <ymin>137.7109826589595</ymin>
      <xmax>177.1676300578035</xmax>
      <ymax>177.8843930635838</ymax>
    </bndbox>
  </object>
  <object>
    <name>Medicine</name>
    <pose/>
    <truncated/>
    <difficult/>
    <bndbox>
      <xmin>193.9306358381503</xmin>
      <ymin>167.76878612716763</ymin>
      <xmax>205.78034682080926</xmax>
      <ymax>185.97687861271677</ymax>
    </bndbox>
  </object>
  <object>
    <name>Medicine</name>
    <pose/>
    <truncated/>
    <difficult/>
    <bndbox>
      <xmin>203.757225433526</xmin>
      <ymin>168.0578034682081</ymin>
      <xmax>211.27167630057804</xmax>
      <ymax>182.50867052023122</ymax>
    </bndbox>
  </object>
  <object>
    <name>InfusionBag</name>
    <pose/>
    <truncated/>
    <difficult/>
    <bndbox>
      <xmin>82.3699421965318</xmin>
      <ymin>47.53757225433526</ymin>
      <xmax>123.41040462427746</xmax>
      <ymax>123.83815028901734</ymax>
    </bndbox>
  </object>
</annotation>
