<annotation>
  <folder/>
  <filename>11590.jpg</filename>
  <database/>
  <annotation/>
  <image/>
  <size>
    <height>360</height>
    <width>640</width>
    <depth>3</depth>
  </size>
  <segmented/>
  <object>
    <name>Person</name>
    <pose/>
    <truncated/>
    <difficult/>
    <bndbox>
      <xmin>233.52601156069366</xmin>
      <ymin>-0.4624277456648045</ymin>
      <xmax>338.1502890173414</xmax>
      <ymax>185.0867052023121</ymax>
    </bndbox>
  </object>
  <object>
    <name>Person</name>
    <pose/>
    <truncated/>
    <difficult/>
    <bndbox>
      <xmin>228.61271676300578</xmin>
      <ymin>81.9306358381503</ymin>
      <xmax>502.60115606936415</xmax>
      <ymax>288.57803468208095</ymax>
    </bndbox>
  </object>
  <object>
    <name>Bottle</name>
    <pose/>
    <truncated/>
    <difficult/>
    <bndbox>
      <xmin>154.04624277456654</xmin>
      <ymin>136.8439306358381</ymin>
      <xmax>175.7225433526012</xmax>
      <ymax>177.01734104046238</ymax>
    </bndbox>
  </object>
  <object>
    <name>Medicine</name>
    <pose/>
    <truncated/>
    <difficult/>
    <bndbox>
      <xmin>191.90751445086707</xmin>
      <ymin>167.76878612716763</ymin>
      <xmax>203.75722543352603</xmax>
      <ymax>185.97687861271677</ymax>
    </bndbox>
  </object>
  <object>
    <name>Medicine</name>
    <pose/>
    <truncated/>
    <difficult/>
    <bndbox>
      <xmin>201.73410404624278</xmin>
      <ymin>168.0578034682081</ymin>
      <xmax>209.2485549132948</xmax>
      <ymax>182.50867052023122</ymax>
    </bndbox>
  </object>
  <object>
    <name>InfusionBag</name>
    <pose/>
    <truncated/>
    <difficult/>
    <bndbox>
      <xmin>82.3699421965318</xmin>
      <ymin>47.53757225433526</ymin>
      <xmax>123.41040462427746</xmax>
      <ymax>123.83815028901734</ymax>
    </bndbox>
  </object>
</annotation>
