<annotation>
  <folder/>
  <filename>11596.jpg</filename>
  <database/>
  <annotation/>
  <image/>
  <size>
    <height>360</height>
    <width>640</width>
    <depth>3</depth>
  </size>
  <segmented/>
  <object>
    <name>Person</name>
    <pose/>
    <truncated/>
    <difficult/>
    <bndbox>
      <xmin>233.52601156069366</xmin>
      <ymin>-0.4624277456648045</ymin>
      <xmax>338.1502890173414</xmax>
      <ymax>185.0867052023121</ymax>
    </bndbox>
  </object>
  <object>
    <name>Person</name>
    <pose/>
    <truncated/>
    <difficult/>
    <bndbox>
      <xmin>228.61271676300578</xmin>
      <ymin>81.9306358381503</ymin>
      <xmax>513.2947976878613</xmax>
      <ymax>289.15606936416185</ymax>
    </bndbox>
  </object>
  <object>
    <name>Bottle</name>
    <pose/>
    <truncated/>
    <difficult/>
    <bndbox>
      <xmin>152.31213872832376</xmin>
      <ymin>136.8439306358381</ymin>
      <xmax>173.98843930635843</xmax>
      <ymax>177.01734104046238</ymax>
    </bndbox>
  </object>
  <object>
    <name>Medicine</name>
    <pose/>
    <truncated/>
    <difficult/>
    <bndbox>
      <xmin>190.75144508670522</xmin>
      <ymin>167.76878612716763</ymin>
      <xmax>202.60115606936418</xmax>
      <ymax>185.97687861271677</ymax>
    </bndbox>
  </object>
  <object>
    <name>Medicine</name>
    <pose/>
    <truncated/>
    <difficult/>
    <bndbox>
      <xmin>200.28901734104048</xmin>
      <ymin>168.0578034682081</ymin>
      <xmax>207.8034682080925</xmax>
      <ymax>182.50867052023122</ymax>
    </bndbox>
  </object>
  <object>
    <name>InfusionBag</name>
    <pose/>
    <truncated/>
    <difficult/>
    <bndbox>
      <xmin>81.21387283236994</xmin>
      <ymin>47.2485549132948</ymin>
      <xmax>122.25433526011561</xmax>
      <ymax>123.54913294797687</ymax>
    </bndbox>
  </object>
</annotation>
