<annotation>
  <folder/>
  <filename>1176.jpg</filename>
  <database/>
  <annotation/>
  <image/>
  <size>
    <height>360</height>
    <width>640</width>
    <depth>3</depth>
  </size>
  <segmented/>
  <object>
    <name>Person</name>
    <pose/>
    <truncated/>
    <difficult/>
    <bndbox>
      <xmin>219.9421965317919</xmin>
      <ymin>61.67630057803464</ymin>
      <xmax>420.23121387283237</xmax>
      <ymax>357.36416184971097</ymax>
    </bndbox>
  </object>
  <object>
    <name>Person</name>
    <pose/>
    <truncated/>
    <difficult/>
    <bndbox>
      <xmin>283.12716763005784</xmin>
      <ymin>5.341040462427756</ymin>
      <xmax>463.0057803468208</xmax>
      <ymax>208.8092485549133</ymax>
    </bndbox>
  </object>
</annotation>
