<annotation>
  <folder/>
  <filename>1195.jpg</filename>
  <database/>
  <annotation/>
  <image/>
  <size>
    <height>360</height>
    <width>640</width>
    <depth>3</depth>
  </size>
  <segmented/>
  <object>
    <name>Person</name>
    <pose/>
    <truncated/>
    <difficult/>
    <bndbox>
      <xmin>171.96531791907515</xmin>
      <ymin>83.37572254335261</ymin>
      <xmax>356.0</xmax>
      <ymax>359.0</ymax>
    </bndbox>
  </object>
  <object>
    <name>Person</name>
    <pose/>
    <truncated/>
    <difficult/>
    <bndbox>
      <xmin>273.87861271676303</xmin>
      <ymin>29.618497109826578</ymin>
      <xmax>443.64161849710985</xmax>
      <ymax>248.69364161849708</ymax>
    </bndbox>
  </object>
</annotation>
