<annotation>
  <folder/>
  <filename>12005.jpg</filename>
  <database/>
  <annotation/>
  <image/>
  <size>
    <height>360</height>
    <width>640</width>
    <depth>3</depth>
  </size>
  <segmented/>
  <object>
    <name>Person</name>
    <pose/>
    <truncated/>
    <difficult/>
    <bndbox>
      <xmin>141.90751445086704</xmin>
      <ymin>180.48554913294797</ymin>
      <xmax>495.08670520231215</xmax>
      <ymax>261.9884393063584</ymax>
    </bndbox>
  </object>
  <object>
    <name>InfusionBag</name>
    <pose/>
    <truncated/>
    <difficult/>
    <bndbox>
      <xmin>89.48554913294801</xmin>
      <ymin>56.3410404624277</ymin>
      <xmax>143.06358381502884</xmax>
      <ymax>122.10404624277456</ymax>
    </bndbox>
  </object>
  <object>
    <name>Bottle</name>
    <pose/>
    <truncated/>
    <difficult/>
    <bndbox>
      <xmin>192.77456647398844</xmin>
      <ymin>129.32947976878611</ymin>
      <xmax>211.84971098265896</xmax>
      <ymax>163.4335260115607</ymax>
    </bndbox>
  </object>
  <object>
    <name>Medicine</name>
    <pose/>
    <truncated/>
    <difficult/>
    <bndbox>
      <xmin>241.04046242774567</xmin>
      <ymin>144.35838150289018</ymin>
      <xmax>251.15606936416185</xmax>
      <ymax>155.91907514450867</ymax>
    </bndbox>
  </object>
  <object>
    <name>Medicine</name>
    <pose/>
    <truncated/>
    <difficult/>
    <bndbox>
      <xmin>246.242774566474</xmin>
      <ymin>138.8670520231214</ymin>
      <xmax>256.35838150289015</xmax>
      <ymax>151.29479768786126</ymax>
    </bndbox>
  </object>
</annotation>
