<annotation>
  <folder/>
  <filename>12011.jpg</filename>
  <database/>
  <annotation/>
  <image/>
  <size>
    <height>360</height>
    <width>640</width>
    <depth>3</depth>
  </size>
  <segmented/>
  <object>
    <name>InfusionBag</name>
    <pose/>
    <truncated/>
    <difficult/>
    <bndbox>
      <xmin>102.02312138728324</xmin>
      <ymin>53.317919075144516</ymin>
      <xmax>150.8670520231214</xmax>
      <ymax>121.23699421965318</ymax>
    </bndbox>
  </object>
  <object>
    <name>Bottle</name>
    <pose/>
    <truncated/>
    <difficult/>
    <bndbox>
      <xmin>198.26589595375722</xmin>
      <ymin>129.04046242774567</ymin>
      <xmax>218.4971098265896</xmax>
      <ymax>161.69942196531792</ymax>
    </bndbox>
  </object>
  <object>
    <name>Medicine</name>
    <pose/>
    <truncated/>
    <difficult/>
    <bndbox>
      <xmin>248.26589595375722</xmin>
      <ymin>143.20231213872833</ymin>
      <xmax>254.6242774566474</xmax>
      <ymax>155.0520231213873</ymax>
    </bndbox>
  </object>
  <object>
    <name>Medicine</name>
    <pose/>
    <truncated/>
    <difficult/>
    <bndbox>
      <xmin>251.73410404624278</xmin>
      <ymin>136.5549132947977</ymin>
      <xmax>260.1156069364162</xmax>
      <ymax>151.29479768786126</ymax>
    </bndbox>
  </object>
  <object>
    <name>Person</name>
    <pose/>
    <truncated/>
    <difficult/>
    <bndbox>
      <xmin>145.66473988439307</xmin>
      <ymin>182.21965317919074</ymin>
      <xmax>498.84393063583815</xmax>
      <ymax>263.4335260115607</ymax>
    </bndbox>
  </object>
</annotation>
