<annotation>
  <folder/>
  <filename>1201.jpg</filename>
  <database/>
  <annotation/>
  <image/>
  <size>
    <height>360</height>
    <width>640</width>
    <depth>3</depth>
  </size>
  <segmented/>
  <object>
    <name>Person</name>
    <pose/>
    <truncated/>
    <difficult/>
    <bndbox>
      <xmin>168.20809248554914</xmin>
      <ymin>93.20231213872833</ymin>
      <xmax>360.98265895953756</xmax>
      <ymax>355.05202312138726</ymax>
    </bndbox>
  </object>
  <object>
    <name>Person</name>
    <pose/>
    <truncated/>
    <difficult/>
    <bndbox>
      <xmin>278.32369942196533</xmin>
      <ymin>39.73410404624278</ymin>
      <xmax>447.6878612716763</xmax>
      <ymax>280.1965317919075</ymax>
    </bndbox>
  </object>
</annotation>
