<annotation>
  <folder/>
  <filename>12029.jpg</filename>
  <database/>
  <annotation/>
  <image/>
  <size>
    <height>360</height>
    <width>640</width>
    <depth>3</depth>
  </size>
  <segmented/>
  <object>
    <name>InfusionBag</name>
    <pose/>
    <truncated/>
    <difficult/>
    <bndbox>
      <xmin>88.15028901734104</xmin>
      <ymin>42.62427745664739</ymin>
      <xmax>133.52601156069363</xmax>
      <ymax>114.01156069364163</ymax>
    </bndbox>
  </object>
  <object>
    <name>Person</name>
    <pose/>
    <truncated/>
    <difficult/>
    <bndbox>
      <xmin>140.17341040462426</xmin>
      <ymin>176.15028901734104</ymin>
      <xmax>498.5549132947977</xmax>
      <ymax>264.3005780346821</ymax>
    </bndbox>
  </object>
  <object>
    <name>Bottle</name>
    <pose/>
    <truncated/>
    <difficult/>
    <bndbox>
      <xmin>203.75722543352603</xmin>
      <ymin>124.41618497109829</ymin>
      <xmax>223.9884393063584</xmax>
      <ymax>157.364161849711</ymax>
    </bndbox>
  </object>
  <object>
    <name>Medicine</name>
    <pose/>
    <truncated/>
    <difficult/>
    <bndbox>
      <xmin>250.57803468208093</xmin>
      <ymin>139.4450867052023</ymin>
      <xmax>258.95953757225436</xmax>
      <ymax>149.56069364161849</ymax>
    </bndbox>
  </object>
  <object>
    <name>Medicine</name>
    <pose/>
    <truncated/>
    <difficult/>
    <bndbox>
      <xmin>256.9364161849711</xmin>
      <ymin>132.5086705202312</ymin>
      <xmax>264.45086705202306</xmax>
      <ymax>145.80346820809248</ymax>
    </bndbox>
  </object>
</annotation>
