<annotation>
  <folder/>
  <filename>12023.jpg</filename>
  <database/>
  <annotation/>
  <image/>
  <size>
    <height>360</height>
    <width>640</width>
    <depth>3</depth>
  </size>
  <segmented/>
  <object>
    <name>InfusionBag</name>
    <pose/>
    <truncated/>
    <difficult/>
    <bndbox>
      <xmin>104.62427745664739</xmin>
      <ymin>46.67052023121387</ymin>
      <xmax>150.0</xmax>
      <ymax>118.0578034682081</ymax>
    </bndbox>
  </object>
  <object>
    <name>Person</name>
    <pose/>
    <truncated/>
    <difficult/>
    <bndbox>
      <xmin>140.17341040462426</xmin>
      <ymin>176.15028901734104</ymin>
      <xmax>505.78034682080926</xmax>
      <ymax>262.8554913294798</ymax>
    </bndbox>
  </object>
  <object>
    <name>Bottle</name>
    <pose/>
    <truncated/>
    <difficult/>
    <bndbox>
      <xmin>205.20231213872833</xmin>
      <ymin>125.86127167630059</ymin>
      <xmax>225.4335260115607</xmax>
      <ymax>158.8092485549133</ymax>
    </bndbox>
  </object>
  <object>
    <name>Medicine</name>
    <pose/>
    <truncated/>
    <difficult/>
    <bndbox>
      <xmin>252.89017341040463</xmin>
      <ymin>142.33526011560693</ymin>
      <xmax>261.27167630057806</xmax>
      <ymax>152.4508670520231</ymax>
    </bndbox>
  </object>
  <object>
    <name>Medicine</name>
    <pose/>
    <truncated/>
    <difficult/>
    <bndbox>
      <xmin>258.38150289017346</xmin>
      <ymin>133.95375722543352</ymin>
      <xmax>265.8959537572254</xmax>
      <ymax>147.2485549132948</ymax>
    </bndbox>
  </object>
</annotation>
