<annotation>
  <folder/>
  <filename>12047.jpg</filename>
  <database/>
  <annotation/>
  <image/>
  <size>
    <height>360</height>
    <width>640</width>
    <depth>3</depth>
  </size>
  <segmented/>
  <object>
    <name>InfusionBag</name>
    <pose/>
    <truncated/>
    <difficult/>
    <bndbox>
      <xmin>67.91907514450865</xmin>
      <ymin>41.17919075144508</ymin>
      <xmax>113.8728323699422</xmax>
      <ymax>113.4335260115607</ymax>
    </bndbox>
  </object>
  <object>
    <name>Person</name>
    <pose/>
    <truncated/>
    <difficult/>
    <bndbox>
      <xmin>129.7687861271676</xmin>
      <ymin>171.81502890173408</ymin>
      <xmax>482.08092485549133</xmax>
      <ymax>266.9017341040462</ymax>
    </bndbox>
  </object>
  <object>
    <name>Bottle</name>
    <pose/>
    <truncated/>
    <difficult/>
    <bndbox>
      <xmin>210.1156069364162</xmin>
      <ymin>119.50289017341044</ymin>
      <xmax>226.01156069364163</xmax>
      <ymax>153.89595375722544</ymax>
    </bndbox>
  </object>
  <object>
    <name>Medicine</name>
    <pose/>
    <truncated/>
    <difficult/>
    <bndbox>
      <xmin>254.6242774566474</xmin>
      <ymin>136.2658959537572</ymin>
      <xmax>262.71676300578036</xmax>
      <ymax>147.53757225433526</ymax>
    </bndbox>
  </object>
  <object>
    <name>Medicine</name>
    <pose/>
    <truncated/>
    <difficult/>
    <bndbox>
      <xmin>261.27167630057806</xmin>
      <ymin>130.77456647398841</ymin>
      <xmax>268.78612716763</xmax>
      <ymax>144.0693641618497</ymax>
    </bndbox>
  </object>
</annotation>
