<annotation>
  <folder/>
  <filename>12041.jpg</filename>
  <database/>
  <annotation/>
  <image/>
  <size>
    <height>360</height>
    <width>640</width>
    <depth>3</depth>
  </size>
  <segmented/>
  <object>
    <name>InfusionBag</name>
    <pose/>
    <truncated/>
    <difficult/>
    <bndbox>
      <xmin>65.3179190751445</xmin>
      <ymin>41.757225433526</ymin>
      <xmax>107.80346820809248</xmax>
      <ymax>114.01156069364161</ymax>
    </bndbox>
  </object>
  <object>
    <name>Person</name>
    <pose/>
    <truncated/>
    <difficult/>
    <bndbox>
      <xmin>129.7687861271676</xmin>
      <ymin>172.68208092485548</ymin>
      <xmax>482.08092485549133</xmax>
      <ymax>267.76878612716763</ymax>
    </bndbox>
  </object>
  <object>
    <name>Bottle</name>
    <pose/>
    <truncated/>
    <difficult/>
    <bndbox>
      <xmin>199.4219653179191</xmin>
      <ymin>121.81502890173414</ymin>
      <xmax>219.65317919075147</xmax>
      <ymax>154.76300578034684</ymax>
    </bndbox>
  </object>
  <object>
    <name>Medicine</name>
    <pose/>
    <truncated/>
    <difficult/>
    <bndbox>
      <xmin>246.53179190751445</xmin>
      <ymin>138.86705202312137</ymin>
      <xmax>254.91329479768802</xmax>
      <ymax>148.98265895953756</ymax>
    </bndbox>
  </object>
  <object>
    <name>Medicine</name>
    <pose/>
    <truncated/>
    <difficult/>
    <bndbox>
      <xmin>254.0462427745665</xmin>
      <ymin>131.93063583815027</ymin>
      <xmax>261.56069364161846</xmax>
      <ymax>145.22543352601156</ymax>
    </bndbox>
  </object>
</annotation>
