<annotation>
  <folder/>
  <filename>12059.jpg</filename>
  <database/>
  <annotation/>
  <image/>
  <size>
    <height>360</height>
    <width>640</width>
    <depth>3</depth>
  </size>
  <segmented/>
  <object>
    <name>InfusionBag</name>
    <pose/>
    <truncated/>
    <difficult/>
    <bndbox>
      <xmin>100.5780346820809</xmin>
      <ymin>39.15606936416185</ymin>
      <xmax>144.21965317919074</xmax>
      <ymax>98.69364161849711</ymax>
    </bndbox>
  </object>
  <object>
    <name>Person</name>
    <pose/>
    <truncated/>
    <difficult/>
    <bndbox>
      <xmin>158.38150289017335</xmin>
      <ymin>153.3179190751445</ymin>
      <xmax>481.7919075144509</xmax>
      <ymax>264.87861271676303</ymax>
    </bndbox>
  </object>
  <object>
    <name>Bottle</name>
    <pose/>
    <truncated/>
    <difficult/>
    <bndbox>
      <xmin>226.01156069364163</xmin>
      <ymin>112.85549132947978</ymin>
      <xmax>241.90751445086704</xmax>
      <ymax>147.24855491329478</ymax>
    </bndbox>
  </object>
  <object>
    <name>Medicine</name>
    <pose/>
    <truncated/>
    <difficult/>
    <bndbox>
      <xmin>269.6531791907515</xmin>
      <ymin>130.1965317919075</ymin>
      <xmax>277.74566473988443</xmax>
      <ymax>141.46820809248555</ymax>
    </bndbox>
  </object>
  <object>
    <name>Medicine</name>
    <pose/>
    <truncated/>
    <difficult/>
    <bndbox>
      <xmin>277.4566473988439</xmin>
      <ymin>124.99421965317919</ymin>
      <xmax>284.9710982658959</xmax>
      <ymax>138.28901734104048</ymax>
    </bndbox>
  </object>
</annotation>
