<annotation>
  <folder/>
  <filename>12077.jpg</filename>
  <database/>
  <annotation/>
  <image/>
  <size>
    <height>360</height>
    <width>640</width>
    <depth>3</depth>
  </size>
  <segmented/>
  <object>
    <name>InfusionBag</name>
    <pose/>
    <truncated/>
    <difficult/>
    <bndbox>
      <xmin>127.16763005780344</xmin>
      <ymin>37.421965317919074</ymin>
      <xmax>166.47398843930634</xmax>
      <ymax>93.49132947976878</ymax>
    </bndbox>
  </object>
  <object>
    <name>Person</name>
    <pose/>
    <truncated/>
    <difficult/>
    <bndbox>
      <xmin>184.39306358381498</xmin>
      <ymin>145.22543352601156</ymin>
      <xmax>495.3757225433526</xmax>
      <ymax>264.3005780346822</ymax>
    </bndbox>
  </object>
  <object>
    <name>Bottle</name>
    <pose/>
    <truncated/>
    <difficult/>
    <bndbox>
      <xmin>254.04624277456645</xmin>
      <ymin>105.34104046242774</ymin>
      <xmax>267.6300578034682</xmax>
      <ymax>138.0</ymax>
    </bndbox>
  </object>
  <object>
    <name>Medicine</name>
    <pose/>
    <truncated/>
    <difficult/>
    <bndbox>
      <xmin>293.6416184971099</xmin>
      <ymin>126.15028901734101</ymin>
      <xmax>301.73410404624286</xmax>
      <ymax>137.42196531791907</ymax>
    </bndbox>
  </object>
  <object>
    <name>Medicine</name>
    <pose/>
    <truncated/>
    <difficult/>
    <bndbox>
      <xmin>300.86705202312135</xmin>
      <ymin>120.36994219653178</ymin>
      <xmax>306.9364161849711</xmax>
      <ymax>132.21965317919074</ymax>
    </bndbox>
  </object>
</annotation>
