<annotation>
  <folder/>
  <filename>12083.jpg</filename>
  <database/>
  <annotation/>
  <image/>
  <size>
    <height>360</height>
    <width>640</width>
    <depth>3</depth>
  </size>
  <segmented/>
  <object>
    <name>InfusionBag</name>
    <pose/>
    <truncated/>
    <difficult/>
    <bndbox>
      <xmin>125.72254335260111</xmin>
      <ymin>34.53179190751446</ymin>
      <xmax>165.028901734104</xmax>
      <ymax>90.60115606936417</ymax>
    </bndbox>
  </object>
  <object>
    <name>Person</name>
    <pose/>
    <truncated/>
    <difficult/>
    <bndbox>
      <xmin>185.5491329479769</xmin>
      <ymin>143.49132947976878</ymin>
      <xmax>488.728323699422</xmax>
      <ymax>271.81502890173397</ymax>
    </bndbox>
  </object>
  <object>
    <name>Bottle</name>
    <pose/>
    <truncated/>
    <difficult/>
    <bndbox>
      <xmin>256.35838150289015</xmin>
      <ymin>103.02890173410404</ymin>
      <xmax>269.9421965317919</xmax>
      <ymax>135.6878612716763</ymax>
    </bndbox>
  </object>
  <object>
    <name>Medicine</name>
    <pose/>
    <truncated/>
    <difficult/>
    <bndbox>
      <xmin>295.0867052023122</xmin>
      <ymin>123.26011560693638</ymin>
      <xmax>303.17919075144516</xmax>
      <ymax>134.53179190751445</ymax>
    </bndbox>
  </object>
  <object>
    <name>Medicine</name>
    <pose/>
    <truncated/>
    <difficult/>
    <bndbox>
      <xmin>303.4682080924855</xmin>
      <ymin>119.50289017341038</ymin>
      <xmax>309.53757225433526</xmax>
      <ymax>131.35260115606934</ymax>
    </bndbox>
  </object>
</annotation>
