<annotation>
  <folder/>
  <filename>12089.jpg</filename>
  <database/>
  <annotation/>
  <image/>
  <size>
    <height>360</height>
    <width>640</width>
    <depth>3</depth>
  </size>
  <segmented/>
  <object>
    <name>InfusionBag</name>
    <pose/>
    <truncated/>
    <difficult/>
    <bndbox>
      <xmin>107.51445086705198</xmin>
      <ymin>27.595375722543366</ymin>
      <xmax>146.8208092485549</xmax>
      <ymax>83.66473988439307</ymax>
    </bndbox>
  </object>
  <object>
    <name>Person</name>
    <pose/>
    <truncated/>
    <difficult/>
    <bndbox>
      <xmin>180.34682080924858</xmin>
      <ymin>141.17919075144508</ymin>
      <xmax>479.19075144508673</xmax>
      <ymax>283.66473988439304</ymax>
    </bndbox>
  </object>
  <object>
    <name>Bottle</name>
    <pose/>
    <truncated/>
    <difficult/>
    <bndbox>
      <xmin>254.62427745664735</xmin>
      <ymin>103.02890173410404</ymin>
      <xmax>268.2080924855491</xmax>
      <ymax>135.6878612716763</ymax>
    </bndbox>
  </object>
  <object>
    <name>Medicine</name>
    <pose/>
    <truncated/>
    <difficult/>
    <bndbox>
      <xmin>293.6416184971099</xmin>
      <ymin>123.26011560693638</ymin>
      <xmax>301.73410404624286</xmax>
      <ymax>134.53179190751445</ymax>
    </bndbox>
  </object>
  <object>
    <name>Medicine</name>
    <pose/>
    <truncated/>
    <difficult/>
    <bndbox>
      <xmin>302.02312138728314</xmin>
      <ymin>119.50289017341038</ymin>
      <xmax>308.0924855491329</xmax>
      <ymax>131.35260115606934</ymax>
    </bndbox>
  </object>
</annotation>
