<annotation>
  <folder/>
  <filename>12095.jpg</filename>
  <database/>
  <annotation/>
  <image/>
  <size>
    <height>360</height>
    <width>640</width>
    <depth>3</depth>
  </size>
  <segmented/>
  <object>
    <name>InfusionBag</name>
    <pose/>
    <truncated/>
    <difficult/>
    <bndbox>
      <xmin>102.60115606936412</xmin>
      <ymin>28.751445086705218</ymin>
      <xmax>141.90751445086727</xmax>
      <ymax>84.82080924855492</ymax>
    </bndbox>
  </object>
  <object>
    <name>Person</name>
    <pose/>
    <truncated/>
    <difficult/>
    <bndbox>
      <xmin>178.90173410404628</xmin>
      <ymin>144.64739884393063</ymin>
      <xmax>475.1445086705202</xmax>
      <ymax>294.64739884393066</ymax>
    </bndbox>
  </object>
  <object>
    <name>Bottle</name>
    <pose/>
    <truncated/>
    <difficult/>
    <bndbox>
      <xmin>257.2254335260115</xmin>
      <ymin>103.89595375722541</ymin>
      <xmax>270.80924855491327</xmax>
      <ymax>136.55491329479767</ymax>
    </bndbox>
  </object>
  <object>
    <name>Medicine</name>
    <pose/>
    <truncated/>
    <difficult/>
    <bndbox>
      <xmin>296.5317919075145</xmin>
      <ymin>127.30635838150286</ymin>
      <xmax>301.7341040462428</xmax>
      <ymax>138.28901734104048</ymax>
    </bndbox>
  </object>
  <object>
    <name>Medicine</name>
    <pose/>
    <truncated/>
    <difficult/>
    <bndbox>
      <xmin>304.33526011560684</xmin>
      <ymin>121.52601156069363</ymin>
      <xmax>309.8265895953757</xmax>
      <ymax>132.7976878612717</ymax>
    </bndbox>
  </object>
</annotation>
