<annotation>
  <folder/>
  <filename>12107.jpg</filename>
  <database/>
  <annotation/>
  <image/>
  <size>
    <height>360</height>
    <width>640</width>
    <depth>3</depth>
  </size>
  <segmented/>
  <object>
    <name>InfusionBag</name>
    <pose/>
    <truncated/>
    <difficult/>
    <bndbox>
      <xmin>126.01156069364157</xmin>
      <ymin>28.751445086705218</ymin>
      <xmax>156.64739884393063</xmax>
      <ymax>81.64161849710983</ymax>
    </bndbox>
  </object>
  <object>
    <name>Person</name>
    <pose/>
    <truncated/>
    <difficult/>
    <bndbox>
      <xmin>198.84393063583815</xmin>
      <ymin>138.86705202312137</ymin>
      <xmax>476.5895953757225</xmax>
      <ymax>297.8265895953757</ymax>
    </bndbox>
  </object>
  <object>
    <name>Bottle</name>
    <pose/>
    <truncated/>
    <difficult/>
    <bndbox>
      <xmin>274.56647398843927</xmin>
      <ymin>103.31791907514449</ymin>
      <xmax>288.15028901734104</xmax>
      <ymax>135.97687861271675</ymax>
    </bndbox>
  </object>
  <object>
    <name>Medicine</name>
    <pose/>
    <truncated/>
    <difficult/>
    <bndbox>
      <xmin>313.58381502890177</xmin>
      <ymin>126.15028901734101</ymin>
      <xmax>318.78612716763007</xmax>
      <ymax>136.55491329479767</ymax>
    </bndbox>
  </object>
  <object>
    <name>Medicine</name>
    <pose/>
    <truncated/>
    <difficult/>
    <bndbox>
      <xmin>321.09826589595366</xmin>
      <ymin>121.23699421965313</ymin>
      <xmax>326.5895953757225</xmax>
      <ymax>132.5086705202312</ymax>
    </bndbox>
  </object>
</annotation>
