<annotation>
  <folder/>
  <filename>12101.jpg</filename>
  <database/>
  <annotation/>
  <image/>
  <size>
    <height>360</height>
    <width>640</width>
    <depth>3</depth>
  </size>
  <segmented/>
  <object>
    <name>InfusionBag</name>
    <pose/>
    <truncated/>
    <difficult/>
    <bndbox>
      <xmin>102.60115606936412</xmin>
      <ymin>28.751445086705218</ymin>
      <xmax>141.90751445086727</xmax>
      <ymax>84.82080924855492</ymax>
    </bndbox>
  </object>
  <object>
    <name>Person</name>
    <pose/>
    <truncated/>
    <difficult/>
    <bndbox>
      <xmin>179.76878612716763</xmin>
      <ymin>144.64739884393063</ymin>
      <xmax>476.01156069364157</xmax>
      <ymax>294.64739884393066</ymax>
    </bndbox>
  </object>
  <object>
    <name>Bottle</name>
    <pose/>
    <truncated/>
    <difficult/>
    <bndbox>
      <xmin>263.2947976878612</xmin>
      <ymin>104.76300578034682</ymin>
      <xmax>276.878612716763</xmax>
      <ymax>137.42196531791907</ymax>
    </bndbox>
  </object>
  <object>
    <name>Medicine</name>
    <pose/>
    <truncated/>
    <difficult/>
    <bndbox>
      <xmin>303.75722543352606</xmin>
      <ymin>127.59537572254334</ymin>
      <xmax>308.95953757225436</xmax>
      <ymax>138.0</ymax>
    </bndbox>
  </object>
  <object>
    <name>Medicine</name>
    <pose/>
    <truncated/>
    <difficult/>
    <bndbox>
      <xmin>310.40462427745655</xmin>
      <ymin>122.10404624277453</ymin>
      <xmax>315.8959537572254</xmax>
      <ymax>133.3757225433526</ymax>
    </bndbox>
  </object>
</annotation>
