<annotation>
  <folder/>
  <filename>12113.jpg</filename>
  <database/>
  <annotation/>
  <image/>
  <size>
    <height>360</height>
    <width>640</width>
    <depth>3</depth>
  </size>
  <segmented/>
  <object>
    <name>InfusionBag</name>
    <pose/>
    <truncated/>
    <difficult/>
    <bndbox>
      <xmin>141.0404624277456</xmin>
      <ymin>27.595375722543366</ymin>
      <xmax>171.67630057803467</xmax>
      <ymax>80.48554913294798</ymax>
    </bndbox>
  </object>
  <object>
    <name>Person</name>
    <pose/>
    <truncated/>
    <difficult/>
    <bndbox>
      <xmin>208.67052023121386</xmin>
      <ymin>135.39884393063582</ymin>
      <xmax>486.41618497109823</xmax>
      <ymax>294.3583815028901</ymax>
    </bndbox>
  </object>
  <object>
    <name>Bottle</name>
    <pose/>
    <truncated/>
    <difficult/>
    <bndbox>
      <xmin>286.7052023121387</xmin>
      <ymin>103.31791907514449</ymin>
      <xmax>298.84393063583815</xmax>
      <ymax>134.242774566474</ymax>
    </bndbox>
  </object>
  <object>
    <name>Medicine</name>
    <pose/>
    <truncated/>
    <difficult/>
    <bndbox>
      <xmin>324.85549132947983</xmin>
      <ymin>124.99421965317919</ymin>
      <xmax>330.05780346820814</xmax>
      <ymax>135.39884393063585</ymax>
    </bndbox>
  </object>
  <object>
    <name>Medicine</name>
    <pose/>
    <truncated/>
    <difficult/>
    <bndbox>
      <xmin>332.3699421965317</xmin>
      <ymin>120.94797687861268</ymin>
      <xmax>337.8612716763006</xmax>
      <ymax>132.21965317919074</ymax>
    </bndbox>
  </object>
</annotation>
