<annotation>
  <folder/>
  <filename>12125.jpg</filename>
  <database/>
  <annotation/>
  <image/>
  <size>
    <height>360</height>
    <width>640</width>
    <depth>3</depth>
  </size>
  <segmented/>
  <object>
    <name>InfusionBag</name>
    <pose/>
    <truncated/>
    <difficult/>
    <bndbox>
      <xmin>168.20809248554906</xmin>
      <ymin>27.017341040462448</ymin>
      <xmax>197.97687861271677</xmax>
      <ymax>77.30635838150289</ymax>
    </bndbox>
  </object>
  <object>
    <name>Person</name>
    <pose/>
    <truncated/>
    <difficult/>
    <bndbox>
      <xmin>224.56647398843927</xmin>
      <ymin>133.08670520231212</ymin>
      <xmax>484.97109826589593</xmax>
      <ymax>295.80346820809245</ymax>
    </bndbox>
  </object>
  <object>
    <name>Bottle</name>
    <pose/>
    <truncated/>
    <difficult/>
    <bndbox>
      <xmin>308.3815028901734</xmin>
      <ymin>103.31791907514446</ymin>
      <xmax>319.9421965317919</xmax>
      <ymax>130.77456647398841</ymax>
    </bndbox>
  </object>
  <object>
    <name>Medicine</name>
    <pose/>
    <truncated/>
    <difficult/>
    <bndbox>
      <xmin>343.6416184971099</xmin>
      <ymin>125.28323699421964</ymin>
      <xmax>348.8439306358382</xmax>
      <ymax>135.6878612716763</ymax>
    </bndbox>
  </object>
  <object>
    <name>Medicine</name>
    <pose/>
    <truncated/>
    <difficult/>
    <bndbox>
      <xmin>351.1560693641618</xmin>
      <ymin>122.68208092485546</ymin>
      <xmax>356.64739884393066</xmax>
      <ymax>133.95375722543352</ymax>
    </bndbox>
  </object>
</annotation>
