<annotation>
  <folder/>
  <filename>12149.jpg</filename>
  <database/>
  <annotation/>
  <image/>
  <size>
    <height>360</height>
    <width>640</width>
    <depth>3</depth>
  </size>
  <segmented/>
  <object>
    <name>InfusionBag</name>
    <pose/>
    <truncated/>
    <difficult/>
    <bndbox>
      <xmin>184.1040462427745</xmin>
      <ymin>23.26011560693643</ymin>
      <xmax>210.9826589595376</xmax>
      <ymax>71.52601156069365</ymax>
    </bndbox>
  </object>
  <object>
    <name>Person</name>
    <pose/>
    <truncated/>
    <difficult/>
    <bndbox>
      <xmin>241.04046242774564</xmin>
      <ymin>132.5086705202312</ymin>
      <xmax>475.4335260115607</xmax>
      <ymax>332.2196531791907</ymax>
    </bndbox>
  </object>
  <object>
    <name>Bottle</name>
    <pose/>
    <truncated/>
    <difficult/>
    <bndbox>
      <xmin>334.6820809248554</xmin>
      <ymin>113.1445086705202</ymin>
      <xmax>346.24277456647394</xmax>
      <ymax>140.60115606936418</ymax>
    </bndbox>
  </object>
  <object>
    <name>Medicine</name>
    <pose/>
    <truncated/>
    <difficult/>
    <bndbox>
      <xmin>367.0520231213873</xmin>
      <ymin>140.31213872832367</ymin>
      <xmax>372.2543352601156</xmax>
      <ymax>150.71676300578034</ymax>
    </bndbox>
  </object>
  <object>
    <name>Medicine</name>
    <pose/>
    <truncated/>
    <difficult/>
    <bndbox>
      <xmin>376.300578034682</xmin>
      <ymin>136.55491329479767</ymin>
      <xmax>381.7919075144509</xmax>
      <ymax>147.82658959537574</ymax>
    </bndbox>
  </object>
</annotation>
