<annotation>
  <folder/>
  <filename>12155.jpg</filename>
  <database/>
  <annotation/>
  <image/>
  <size>
    <height>360</height>
    <width>640</width>
    <depth>3</depth>
  </size>
  <segmented/>
  <object>
    <name>InfusionBag</name>
    <pose/>
    <truncated/>
    <difficult/>
    <bndbox>
      <xmin>190.75144508670513</xmin>
      <ymin>25.57225433526014</ymin>
      <xmax>217.63005780346822</xmax>
      <ymax>73.83815028901735</ymax>
    </bndbox>
  </object>
  <object>
    <name>Person</name>
    <pose/>
    <truncated/>
    <difficult/>
    <bndbox>
      <xmin>241.04046242774564</xmin>
      <ymin>132.5086705202312</ymin>
      <xmax>475.4335260115607</xmax>
      <ymax>332.2196531791907</ymax>
    </bndbox>
  </object>
  <object>
    <name>Bottle</name>
    <pose/>
    <truncated/>
    <difficult/>
    <bndbox>
      <xmin>343.3526011560693</xmin>
      <ymin>114.01156069364157</ymin>
      <xmax>354.9132947976878</xmax>
      <ymax>141.46820809248555</ymax>
    </bndbox>
  </object>
  <object>
    <name>Medicine</name>
    <pose/>
    <truncated/>
    <difficult/>
    <bndbox>
      <xmin>374.2774566473989</xmin>
      <ymin>141.46820809248553</ymin>
      <xmax>379.4797687861272</xmax>
      <ymax>151.8728323699422</ymax>
    </bndbox>
  </object>
  <object>
    <name>Medicine</name>
    <pose/>
    <truncated/>
    <difficult/>
    <bndbox>
      <xmin>383.815028901734</xmin>
      <ymin>138.86705202312137</ymin>
      <xmax>389.3063583815029</xmax>
      <ymax>150.13872832369944</ymax>
    </bndbox>
  </object>
</annotation>
