<annotation>
  <folder/>
  <filename>12161.jpg</filename>
  <database/>
  <annotation/>
  <image/>
  <size>
    <height>360</height>
    <width>640</width>
    <depth>3</depth>
  </size>
  <segmented/>
  <object>
    <name>InfusionBag</name>
    <pose/>
    <truncated/>
    <difficult/>
    <bndbox>
      <xmin>203.4682080924855</xmin>
      <ymin>25.861271676300603</ymin>
      <xmax>230.34682080924858</xmax>
      <ymax>74.12716763005781</ymax>
    </bndbox>
  </object>
  <object>
    <name>Person</name>
    <pose/>
    <truncated/>
    <difficult/>
    <bndbox>
      <xmin>241.04046242774564</xmin>
      <ymin>132.5086705202312</ymin>
      <xmax>475.4335260115607</xmax>
      <ymax>332.2196531791907</ymax>
    </bndbox>
  </object>
  <object>
    <name>Bottle</name>
    <pose/>
    <truncated/>
    <difficult/>
    <bndbox>
      <xmin>350.8670520231213</xmin>
      <ymin>114.30057803468205</ymin>
      <xmax>362.4277456647398</xmax>
      <ymax>141.75722543352603</ymax>
    </bndbox>
  </object>
  <object>
    <name>Medicine</name>
    <pose/>
    <truncated/>
    <difficult/>
    <bndbox>
      <xmin>382.36994219653184</xmin>
      <ymin>140.60115606936412</ymin>
      <xmax>387.57225433526014</xmax>
      <ymax>151.00578034682079</ymax>
    </bndbox>
  </object>
  <object>
    <name>Medicine</name>
    <pose/>
    <truncated/>
    <difficult/>
    <bndbox>
      <xmin>392.19653179190743</xmin>
      <ymin>138.0</ymin>
      <xmax>397.6878612716763</xmax>
      <ymax>149.27167630057806</ymax>
    </bndbox>
  </object>
</annotation>
