<annotation>
  <folder/>
  <filename>12179.jpg</filename>
  <database/>
  <annotation/>
  <image/>
  <size>
    <height>360</height>
    <width>640</width>
    <depth>3</depth>
  </size>
  <segmented/>
  <object>
    <name>InfusionBag</name>
    <pose/>
    <truncated/>
    <difficult/>
    <bndbox>
      <xmin>213.87283236994213</xmin>
      <ymin>25.283236994219678</ymin>
      <xmax>240.75144508670522</xmax>
      <ymax>73.54913294797689</ymax>
    </bndbox>
  </object>
  <object>
    <name>Person</name>
    <pose/>
    <truncated/>
    <difficult/>
    <bndbox>
      <xmin>267.9190751445086</xmin>
      <ymin>129.61849710982656</ymin>
      <xmax>450.8670520231214</xmax>
      <ymax>326.15028901734104</ymax>
    </bndbox>
  </object>
  <object>
    <name>Bottle</name>
    <pose/>
    <truncated/>
    <difficult/>
    <bndbox>
      <xmin>363.8728323699421</xmin>
      <ymin>114.87861271676297</ymin>
      <xmax>375.4335260115606</xmax>
      <ymax>142.33526011560696</ymax>
    </bndbox>
  </object>
  <object>
    <name>Medicine</name>
    <pose/>
    <truncated/>
    <difficult/>
    <bndbox>
      <xmin>393.9306358381503</xmin>
      <ymin>140.0231213872832</ymin>
      <xmax>399.1329479768786</xmax>
      <ymax>150.42774566473986</ymax>
    </bndbox>
  </object>
  <object>
    <name>Medicine</name>
    <pose/>
    <truncated/>
    <difficult/>
    <bndbox>
      <xmin>404.04624277456645</xmin>
      <ymin>138.28901734104048</ymin>
      <xmax>409.5375722543353</xmax>
      <ymax>149.56069364161854</ymax>
    </bndbox>
  </object>
</annotation>
