<annotation>
  <folder/>
  <filename>12185.jpg</filename>
  <database/>
  <annotation/>
  <image/>
  <size>
    <height>360</height>
    <width>640</width>
    <depth>3</depth>
  </size>
  <segmented/>
  <object>
    <name>InfusionBag</name>
    <pose/>
    <truncated/>
    <difficult/>
    <bndbox>
      <xmin>202.6011560693641</xmin>
      <ymin>26.728323699421992</ymin>
      <xmax>223.121387283237</xmax>
      <ymax>68.63583815028902</ymax>
    </bndbox>
  </object>
  <object>
    <name>Person</name>
    <pose/>
    <truncated/>
    <difficult/>
    <bndbox>
      <xmin>257.2254335260115</xmin>
      <ymin>129.90751445086704</ymin>
      <xmax>421.9653179190752</xmax>
      <ymax>323.5491329479769</ymax>
    </bndbox>
  </object>
  <object>
    <name>Bottle</name>
    <pose/>
    <truncated/>
    <difficult/>
    <bndbox>
      <xmin>359.53757225433515</xmin>
      <ymin>114.0115606936416</ymin>
      <xmax>371.09826589595366</xmax>
      <ymax>141.46820809248558</ymax>
    </bndbox>
  </object>
  <object>
    <name>Medicine</name>
    <pose/>
    <truncated/>
    <difficult/>
    <bndbox>
      <xmin>388.43930635838154</xmin>
      <ymin>141.75722543352597</ymin>
      <xmax>393.64161849710985</xmax>
      <ymax>152.16184971098264</ymax>
    </bndbox>
  </object>
  <object>
    <name>Medicine</name>
    <pose/>
    <truncated/>
    <difficult/>
    <bndbox>
      <xmin>398.84393063583815</xmin>
      <ymin>139.73410404624278</ymin>
      <xmax>404.335260115607</xmax>
      <ymax>151.00578034682084</ymax>
    </bndbox>
  </object>
</annotation>
