<annotation>
  <folder/>
  <filename>12191.jpg</filename>
  <database/>
  <annotation/>
  <image/>
  <size>
    <height>360</height>
    <width>640</width>
    <depth>3</depth>
  </size>
  <segmented/>
  <object>
    <name>InfusionBag</name>
    <pose/>
    <truncated/>
    <difficult/>
    <bndbox>
      <xmin>198.84393063583806</xmin>
      <ymin>32.21965317919078</ymin>
      <xmax>216.47398843930634</xmax>
      <ymax>68.63583815028903</ymax>
    </bndbox>
  </object>
  <object>
    <name>Person</name>
    <pose/>
    <truncated/>
    <difficult/>
    <bndbox>
      <xmin>254.04624277456648</xmin>
      <ymin>130.77456647398844</ymin>
      <xmax>397.97687861271675</xmax>
      <ymax>322.97109826589593</ymax>
    </bndbox>
  </object>
  <object>
    <name>Bottle</name>
    <pose/>
    <truncated/>
    <difficult/>
    <bndbox>
      <xmin>357.8034682080925</xmin>
      <ymin>116.61271676300578</ymin>
      <xmax>367.6300578034682</xmax>
      <ymax>146.09248554913296</ymax>
    </bndbox>
  </object>
  <object>
    <name>Medicine</name>
    <pose/>
    <truncated/>
    <difficult/>
    <bndbox>
      <xmin>384.1040462427746</xmin>
      <ymin>146.3815028901734</ymin>
      <xmax>391.32947976878614</xmax>
      <ymax>158.23121387283237</ymax>
    </bndbox>
  </object>
  <object>
    <name>Medicine</name>
    <pose/>
    <truncated/>
    <difficult/>
    <bndbox>
      <xmin>394.7976878612717</xmin>
      <ymin>142.6242774566474</ymin>
      <xmax>402.60115606936415</xmax>
      <ymax>158.52023121387285</ymax>
    </bndbox>
  </object>
</annotation>
