<annotation>
  <folder/>
  <filename>1219.jpg</filename>
  <database/>
  <annotation/>
  <image/>
  <size>
    <height>360</height>
    <width>640</width>
    <depth>3</depth>
  </size>
  <segmented/>
  <object>
    <name>InfusionBag</name>
    <pose/>
    <truncated/>
    <difficult/>
    <bndbox>
      <xmin>212.13872832369935</xmin>
      <ymin>-0.15028901734101652</ymin>
      <xmax>229.76878612716763</xmax>
      <ymax>36.26589595375722</ymax>
    </bndbox>
  </object>
  <object>
    <name>Person</name>
    <pose/>
    <truncated/>
    <difficult/>
    <bndbox>
      <xmin>150.57803468208093</xmin>
      <ymin>106.20809248554913</ymin>
      <xmax>397.0</xmax>
      <ymax>359.0</ymax>
    </bndbox>
  </object>
  <object>
    <name>Person</name>
    <pose/>
    <truncated/>
    <difficult/>
    <bndbox>
      <xmin>319.0751445086705</xmin>
      <ymin>52.73988439306359</ymin>
      <xmax>493.0635838150289</xmax>
      <ymax>341.46820809248555</ymax>
    </bndbox>
  </object>
</annotation>
