<annotation>
  <folder/>
  <filename>12209.jpg</filename>
  <database/>
  <annotation/>
  <image/>
  <size>
    <height>360</height>
    <width>640</width>
    <depth>3</depth>
  </size>
  <segmented/>
  <object>
    <name>InfusionBag</name>
    <pose/>
    <truncated/>
    <difficult/>
    <bndbox>
      <xmin>213.0057803468207</xmin>
      <ymin>31.35260115606939</ymin>
      <xmax>230.63583815028898</xmax>
      <ymax>67.76878612716764</ymax>
    </bndbox>
  </object>
  <object>
    <name>Person</name>
    <pose/>
    <truncated/>
    <difficult/>
    <bndbox>
      <xmin>258.38150289017346</xmin>
      <ymin>130.485549132948</ymin>
      <xmax>391.90751445086704</xmax>
      <ymax>320.3699421965318</ymax>
    </bndbox>
  </object>
  <object>
    <name>Bottle</name>
    <pose/>
    <truncated/>
    <difficult/>
    <bndbox>
      <xmin>368.4971098265896</xmin>
      <ymin>115.45664739884393</ymin>
      <xmax>378.32369942196533</xmax>
      <ymax>144.9364161849711</ymax>
    </bndbox>
  </object>
  <object>
    <name>Medicine</name>
    <pose/>
    <truncated/>
    <difficult/>
    <bndbox>
      <xmin>391.90751445086704</xmin>
      <ymin>143.20231213872836</ymin>
      <xmax>399.7109826589595</xmax>
      <ymax>152.73988439306362</ymax>
    </bndbox>
  </object>
  <object>
    <name>Medicine</name>
    <pose/>
    <truncated/>
    <difficult/>
    <bndbox>
      <xmin>403.4682080924856</xmin>
      <ymin>141.75722543352603</ymin>
      <xmax>410.98265895953756</xmax>
      <ymax>153.60693641618496</ymax>
    </bndbox>
  </object>
</annotation>
