<annotation>
  <folder/>
  <filename>12233.jpg</filename>
  <database/>
  <annotation/>
  <image/>
  <size>
    <height>360</height>
    <width>640</width>
    <depth>3</depth>
  </size>
  <segmented/>
  <object>
    <name>InfusionBag</name>
    <pose/>
    <truncated/>
    <difficult/>
    <bndbox>
      <xmin>238.43930635838143</xmin>
      <ymin>31.063583815028935</ymin>
      <xmax>256.0693641618497</xmax>
      <ymax>67.47976878612718</ymax>
    </bndbox>
  </object>
  <object>
    <name>Person</name>
    <pose/>
    <truncated/>
    <difficult/>
    <bndbox>
      <xmin>278.32369942196533</xmin>
      <ymin>127.88439306358379</ymin>
      <xmax>397.97687861271675</xmax>
      <ymax>314.3005780346821</ymax>
    </bndbox>
  </object>
  <object>
    <name>Bottle</name>
    <pose/>
    <truncated/>
    <difficult/>
    <bndbox>
      <xmin>393.6416184971099</xmin>
      <ymin>114.878612716763</ymin>
      <xmax>403.4682080924856</xmax>
      <ymax>144.35838150289018</ymax>
    </bndbox>
  </object>
  <object>
    <name>Medicine</name>
    <pose/>
    <truncated/>
    <difficult/>
    <bndbox>
      <xmin>417.34104046242777</xmin>
      <ymin>147.24855491329484</ymin>
      <xmax>423.98843930635843</xmax>
      <ymax>155.91907514450867</ymax>
    </bndbox>
  </object>
  <object>
    <name>Medicine</name>
    <pose/>
    <truncated/>
    <difficult/>
    <bndbox>
      <xmin>428.32369942196544</xmin>
      <ymin>144.3583815028902</ymin>
      <xmax>435.8381502890174</xmax>
      <ymax>156.20809248554914</ymax>
    </bndbox>
  </object>
</annotation>
