<annotation>
  <folder/>
  <filename>1225.jpg</filename>
  <database/>
  <annotation/>
  <image/>
  <size>
    <height>360</height>
    <width>640</width>
    <depth>3</depth>
  </size>
  <segmented/>
  <object>
    <name>InfusionBag</name>
    <pose/>
    <truncated/>
    <difficult/>
    <bndbox>
      <xmin>220.23121387283229</xmin>
      <ymin>-0.15028901734099875</ymin>
      <xmax>236.9942196531792</xmax>
      <ymax>18.057803468208093</ymax>
    </bndbox>
  </object>
  <object>
    <name>Person</name>
    <pose/>
    <truncated/>
    <difficult/>
    <bndbox>
      <xmin>125.14450867052024</xmin>
      <ymin>92.6242774566474</ymin>
      <xmax>399.4219653179191</xmax>
      <ymax>352.16184971098266</ymax>
    </bndbox>
  </object>
  <object>
    <name>Person</name>
    <pose/>
    <truncated/>
    <difficult/>
    <bndbox>
      <xmin>323.6994219653179</xmin>
      <ymin>29.907514450867055</ymin>
      <xmax>485.26011560693644</xmax>
      <ymax>329.0404624277457</ymax>
    </bndbox>
  </object>
</annotation>
