<annotation>
  <folder/>
  <filename>12275.jpg</filename>
  <database/>
  <annotation/>
  <image/>
  <size>
    <height>360</height>
    <width>640</width>
    <depth>3</depth>
  </size>
  <segmented/>
  <object>
    <name>InfusionBag</name>
    <pose/>
    <truncated/>
    <difficult/>
    <bndbox>
      <xmin>256.0693641618496</xmin>
      <ymin>35.97687861271681</ymin>
      <xmax>274.8554913294798</xmax>
      <ymax>68.34682080924856</ymax>
    </bndbox>
  </object>
  <object>
    <name>Person</name>
    <pose/>
    <truncated/>
    <difficult/>
    <bndbox>
      <xmin>218.2080924855491</xmin>
      <ymin>123.54913294797691</ymin>
      <xmax>374.2774566473988</xmax>
      <ymax>299.27167630057806</ymax>
    </bndbox>
  </object>
  <object>
    <name>Bottle</name>
    <pose/>
    <truncated/>
    <difficult/>
    <bndbox>
      <xmin>412.1387283236994</xmin>
      <ymin>124.70520231213877</ymin>
      <xmax>423.4104046242774</xmax>
      <ymax>157.65317919075147</ymax>
    </bndbox>
  </object>
  <object>
    <name>Medicine</name>
    <pose/>
    <truncated/>
    <difficult/>
    <bndbox>
      <xmin>427.45664739884387</xmin>
      <ymin>158.8092485549133</ymin>
      <xmax>434.97109826589593</xmax>
      <ymax>168.92485549132948</ymax>
    </bndbox>
  </object>
  <object>
    <name>Medicine</name>
    <pose/>
    <truncated/>
    <difficult/>
    <bndbox>
      <xmin>440.7514450867052</xmin>
      <ymin>156.78612716763007</ymin>
      <xmax>448.2658959537572</xmax>
      <ymax>169.5028901734104</ymax>
    </bndbox>
  </object>
</annotation>
