<annotation>
  <folder/>
  <filename>12293.jpg</filename>
  <database/>
  <annotation/>
  <image/>
  <size>
    <height>360</height>
    <width>640</width>
    <depth>3</depth>
  </size>
  <segmented/>
  <object>
    <name>InfusionBag</name>
    <pose/>
    <truncated/>
    <difficult/>
    <bndbox>
      <xmin>261.84971098265885</xmin>
      <ymin>33.66473988439312</ymin>
      <xmax>280.63583815028903</xmax>
      <ymax>66.03468208092487</ymax>
    </bndbox>
  </object>
  <object>
    <name>Person</name>
    <pose/>
    <truncated/>
    <difficult/>
    <bndbox>
      <xmin>170.5202312138728</xmin>
      <ymin>126.72832369942202</ymin>
      <xmax>370.23121387283237</xmax>
      <ymax>303.3179190751445</ymax>
    </bndbox>
  </object>
  <object>
    <name>Bottle</name>
    <pose/>
    <truncated/>
    <difficult/>
    <bndbox>
      <xmin>421.0982658959537</xmin>
      <ymin>134.82080924855495</ymin>
      <xmax>432.3699421965317</xmax>
      <ymax>167.76878612716766</ymax>
    </bndbox>
  </object>
  <object>
    <name>Medicine</name>
    <pose/>
    <truncated/>
    <difficult/>
    <bndbox>
      <xmin>434.3930635838149</xmin>
      <ymin>170.36994219653184</ymin>
      <xmax>441.907514450867</xmax>
      <ymax>180.48554913294802</ymax>
    </bndbox>
  </object>
  <object>
    <name>Medicine</name>
    <pose/>
    <truncated/>
    <difficult/>
    <bndbox>
      <xmin>448.2658959537572</xmin>
      <ymin>170.94797687861274</ymin>
      <xmax>455.7803468208092</xmax>
      <ymax>183.66473988439307</ymax>
    </bndbox>
  </object>
</annotation>
