<annotation>
  <folder/>
  <filename>12323.jpg</filename>
  <database/>
  <annotation/>
  <image/>
  <size>
    <height>360</height>
    <width>640</width>
    <depth>3</depth>
  </size>
  <segmented/>
  <object>
    <name>InfusionBag</name>
    <pose/>
    <truncated/>
    <difficult/>
    <bndbox>
      <xmin>284.1040462427744</xmin>
      <ymin>17.479768786127224</ymin>
      <xmax>303.46820809248555</xmax>
      <ymax>47.53757225433526</ymax>
    </bndbox>
  </object>
  <object>
    <name>Person</name>
    <pose/>
    <truncated/>
    <difficult/>
    <bndbox>
      <xmin>157.80346820809243</xmin>
      <ymin>126.1502890173411</ymin>
      <xmax>390.46242774566474</xmax>
      <ymax>300.4277456647401</ymax>
    </bndbox>
  </object>
  <object>
    <name>Bottle</name>
    <pose/>
    <truncated/>
    <difficult/>
    <bndbox>
      <xmin>445.9537572254335</xmin>
      <ymin>138.00000000000003</ymin>
      <xmax>462.71676300578036</xmax>
      <ymax>172.68208092485548</ymax>
    </bndbox>
  </object>
  <object>
    <name>Medicine</name>
    <pose/>
    <truncated/>
    <difficult/>
    <bndbox>
      <xmin>455.7803468208091</xmin>
      <ymin>179.0404624277457</ymin>
      <xmax>463.2947976878612</xmax>
      <ymax>189.44508670520233</ymax>
    </bndbox>
  </object>
  <object>
    <name>Medicine</name>
    <pose/>
    <truncated/>
    <difficult/>
    <bndbox>
      <xmin>470.23121387283226</xmin>
      <ymin>178.17341040462435</ymin>
      <xmax>480.63583815028903</xmax>
      <ymax>193.20231213872836</ymax>
    </bndbox>
  </object>
</annotation>
