<annotation>
  <folder/>
  <filename>12335.jpg</filename>
  <database/>
  <annotation/>
  <image/>
  <size>
    <height>360</height>
    <width>640</width>
    <depth>3</depth>
  </size>
  <segmented/>
  <object>
    <name>InfusionBag</name>
    <pose/>
    <truncated/>
    <difficult/>
    <bndbox>
      <xmin>292.4855491329478</xmin>
      <ymin>10.832369942196586</ymin>
      <xmax>311.84971098265896</xmax>
      <ymax>40.89017341040462</ymax>
    </bndbox>
  </object>
  <object>
    <name>Person</name>
    <pose/>
    <truncated/>
    <difficult/>
    <bndbox>
      <xmin>133.23699421965316</xmin>
      <ymin>120.94797687861279</ymin>
      <xmax>394.7976878612717</xmax>
      <ymax>291.46820809248555</ymax>
    </bndbox>
  </object>
  <object>
    <name>Bottle</name>
    <pose/>
    <truncated/>
    <difficult/>
    <bndbox>
      <xmin>457.22543352601156</xmin>
      <ymin>143.4913294797688</ymin>
      <xmax>473.98843930635843</xmax>
      <ymax>178.17341040462426</ymax>
    </bndbox>
  </object>
  <object>
    <name>Medicine</name>
    <pose/>
    <truncated/>
    <difficult/>
    <bndbox>
      <xmin>463.58381502890165</xmin>
      <ymin>184.82080924855492</ymin>
      <xmax>469.9421965317919</xmax>
      <ymax>198.11560693641619</ymax>
    </bndbox>
  </object>
  <object>
    <name>Medicine</name>
    <pose/>
    <truncated/>
    <difficult/>
    <bndbox>
      <xmin>476.30057803468196</xmin>
      <ymin>188.00000000000009</ymin>
      <xmax>489.3063583815029</xmax>
      <ymax>205.34104046242774</ymax>
    </bndbox>
  </object>
</annotation>
