<annotation>
  <folder/>
  <filename>12359.jpg</filename>
  <database/>
  <annotation/>
  <image/>
  <size>
    <height>360</height>
    <width>640</width>
    <depth>3</depth>
  </size>
  <segmented/>
  <object>
    <name>InfusionBag</name>
    <pose/>
    <truncated/>
    <difficult/>
    <bndbox>
      <xmin>277.4566473988438</xmin>
      <ymin>20.94797687861277</ymin>
      <xmax>297.97687861271675</xmax>
      <ymax>54.763005780346816</ymax>
    </bndbox>
  </object>
  <object>
    <name>Person</name>
    <pose/>
    <truncated/>
    <difficult/>
    <bndbox>
      <xmin>77.4566473988439</xmin>
      <ymin>133.08670520231217</ymin>
      <xmax>385.5491329479769</xmax>
      <ymax>302.4508670520231</ymax>
    </bndbox>
  </object>
  <object>
    <name>Bottle</name>
    <pose/>
    <truncated/>
    <difficult/>
    <bndbox>
      <xmin>445.0867052023122</xmin>
      <ymin>166.6127167630058</ymin>
      <xmax>467.34104046242777</xmax>
      <ymax>204.76300578034684</ymax>
    </bndbox>
  </object>
  <object>
    <name>Medicine</name>
    <pose/>
    <truncated/>
    <difficult/>
    <bndbox>
      <xmin>444.79768786127164</xmin>
      <ymin>214.01156069364163</ymin>
      <xmax>454.335260115607</xmax>
      <ymax>227.30635838150292</ymax>
    </bndbox>
  </object>
  <object>
    <name>Medicine</name>
    <pose/>
    <truncated/>
    <difficult/>
    <bndbox>
      <xmin>458.3815028901733</xmin>
      <ymin>216.3236994219654</ymin>
      <xmax>474.8554913294798</xmax>
      <ymax>236.55491329479767</ymax>
    </bndbox>
  </object>
</annotation>
