<annotation>
  <folder/>
  <filename>12365.jpg</filename>
  <database/>
  <annotation/>
  <image/>
  <size>
    <height>360</height>
    <width>640</width>
    <depth>3</depth>
  </size>
  <segmented/>
  <object>
    <name>InfusionBag</name>
    <pose/>
    <truncated/>
    <difficult/>
    <bndbox>
      <xmin>278.9017341040461</xmin>
      <ymin>23.260115606936466</ymin>
      <xmax>299.42196531791905</xmax>
      <ymax>57.07514450867051</ymax>
    </bndbox>
  </object>
  <object>
    <name>Person</name>
    <pose/>
    <truncated/>
    <difficult/>
    <bndbox>
      <xmin>77.4566473988439</xmin>
      <ymin>133.08670520231217</ymin>
      <xmax>391.90751445086704</xmax>
      <ymax>305.05202312138726</ymax>
    </bndbox>
  </object>
  <object>
    <name>Bottle</name>
    <pose/>
    <truncated/>
    <difficult/>
    <bndbox>
      <xmin>445.66473988439316</xmin>
      <ymin>167.76878612716766</ymin>
      <xmax>467.9190751445087</xmax>
      <ymax>205.9190751445087</ymax>
    </bndbox>
  </object>
  <object>
    <name>Medicine</name>
    <pose/>
    <truncated/>
    <difficult/>
    <bndbox>
      <xmin>445.37572254335254</xmin>
      <ymin>214.87861271676303</ymin>
      <xmax>454.9132947976879</xmax>
      <ymax>228.17341040462432</ymax>
    </bndbox>
  </object>
  <object>
    <name>Medicine</name>
    <pose/>
    <truncated/>
    <difficult/>
    <bndbox>
      <xmin>459.2485549132947</xmin>
      <ymin>217.76878612716771</ymin>
      <xmax>475.7225433526012</xmax>
      <ymax>238.0</ymax>
    </bndbox>
  </object>
</annotation>
