<annotation>
  <folder/>
  <filename>13005.jpg</filename>
  <database/>
  <annotation/>
  <image/>
  <size>
    <height>360</height>
    <width>640</width>
    <depth>3</depth>
  </size>
  <segmented/>
  <object>
    <name>InfusionBag</name>
    <pose/>
    <truncated/>
    <difficult/>
    <bndbox>
      <xmin>209.53757225433512</xmin>
      <ymin>52.73988439306364</ymin>
      <xmax>236.9942196531792</xmax>
      <ymax>125.57225433526011</ymax>
    </bndbox>
  </object>
  <object>
    <name>Person</name>
    <pose/>
    <truncated/>
    <difficult/>
    <bndbox>
      <xmin>173.6994219653179</xmin>
      <ymin>160.5433526011561</ymin>
      <xmax>474.2774566473988</xmax>
      <ymax>265.1676300578035</ymax>
    </bndbox>
  </object>
  <object>
    <name>Medicine</name>
    <pose/>
    <truncated/>
    <difficult/>
    <bndbox>
      <xmin>215.60693641618488</xmin>
      <ymin>148.11560693641619</ymin>
      <xmax>225.14450867052022</xmax>
      <ymax>163.72254335260115</ymax>
    </bndbox>
  </object>
  <object>
    <name>Medicine</name>
    <pose/>
    <truncated/>
    <difficult/>
    <bndbox>
      <xmin>211.56069364161837</xmin>
      <ymin>155.05202312138738</ymin>
      <xmax>218.4971098265896</xmax>
      <ymax>166.90173410404626</ymax>
    </bndbox>
  </object>
</annotation>
