<annotation>
  <folder/>
  <filename>13011.jpg</filename>
  <database/>
  <annotation/>
  <image/>
  <size>
    <height>360</height>
    <width>640</width>
    <depth>3</depth>
  </size>
  <segmented/>
  <object>
    <name>InfusionBag</name>
    <pose/>
    <truncated/>
    <difficult/>
    <bndbox>
      <xmin>211.2716763005779</xmin>
      <ymin>53.606936416185015</ymin>
      <xmax>238.72832369942196</xmax>
      <ymax>126.43930635838149</ymax>
    </bndbox>
  </object>
  <object>
    <name>Person</name>
    <pose/>
    <truncated/>
    <difficult/>
    <bndbox>
      <xmin>176.30057803468205</xmin>
      <ymin>160.83236994219658</ymin>
      <xmax>476.878612716763</xmax>
      <ymax>265.456647398844</ymax>
    </bndbox>
  </object>
  <object>
    <name>Medicine</name>
    <pose/>
    <truncated/>
    <difficult/>
    <bndbox>
      <xmin>221.0982658959537</xmin>
      <ymin>147.53757225433526</ymin>
      <xmax>230.6358381502891</xmax>
      <ymax>163.14450867052022</ymax>
    </bndbox>
  </object>
  <object>
    <name>Medicine</name>
    <pose/>
    <truncated/>
    <difficult/>
    <bndbox>
      <xmin>216.18497109826575</xmin>
      <ymin>154.76300578034693</ymin>
      <xmax>223.12138728323697</xmax>
      <ymax>166.6127167630058</ymax>
    </bndbox>
  </object>
</annotation>
