<annotation>
  <folder/>
  <filename>13017.jpg</filename>
  <database/>
  <annotation/>
  <image/>
  <size>
    <height>360</height>
    <width>640</width>
    <depth>3</depth>
  </size>
  <segmented/>
  <object>
    <name>InfusionBag</name>
    <pose/>
    <truncated/>
    <difficult/>
    <bndbox>
      <xmin>211.2716763005779</xmin>
      <ymin>53.606936416185015</ymin>
      <xmax>238.72832369942196</xmax>
      <ymax>126.43930635838149</ymax>
    </bndbox>
  </object>
  <object>
    <name>Person</name>
    <pose/>
    <truncated/>
    <difficult/>
    <bndbox>
      <xmin>180.9248554913294</xmin>
      <ymin>160.54335260115613</ymin>
      <xmax>481.50289017341026</xmax>
      <ymax>265.1676300578042</ymax>
    </bndbox>
  </object>
  <object>
    <name>Medicine</name>
    <pose/>
    <truncated/>
    <difficult/>
    <bndbox>
      <xmin>219.65317919075127</xmin>
      <ymin>154.76300578034693</ymin>
      <xmax>226.5895953757225</xmax>
      <ymax>166.6127167630058</ymax>
    </bndbox>
  </object>
</annotation>
