<annotation>
  <folder/>
  <filename>13023.jpg</filename>
  <database/>
  <annotation/>
  <image/>
  <size>
    <height>360</height>
    <width>640</width>
    <depth>3</depth>
  </size>
  <segmented/>
  <object>
    <name>InfusionBag</name>
    <pose/>
    <truncated/>
    <difficult/>
    <bndbox>
      <xmin>196.5317919075143</xmin>
      <ymin>50.42774566473994</ymin>
      <xmax>223.98843930635837</xmax>
      <ymax>123.26011560693644</ymax>
    </bndbox>
  </object>
  <object>
    <name>Person</name>
    <pose/>
    <truncated/>
    <difficult/>
    <bndbox>
      <xmin>176.58959537572247</xmin>
      <ymin>165.1676300578035</ymin>
      <xmax>477.1676300578033</xmax>
      <ymax>269.7919075144513</ymax>
    </bndbox>
  </object>
  <object>
    <name>Medicine</name>
    <pose/>
    <truncated/>
    <difficult/>
    <bndbox>
      <xmin>225.43352601156053</xmin>
      <ymin>148.9826589595377</ymin>
      <xmax>232.36994219653175</xmax>
      <ymax>160.83236994219658</ymax>
    </bndbox>
  </object>
</annotation>
