<annotation>
  <folder/>
  <filename>13029.jpg</filename>
  <database/>
  <annotation/>
  <image/>
  <size>
    <height>360</height>
    <width>640</width>
    <depth>3</depth>
  </size>
  <segmented/>
  <object>
    <name>InfusionBag</name>
    <pose/>
    <truncated/>
    <difficult/>
    <bndbox>
      <xmin>176.87861271676286</xmin>
      <ymin>50.138728323699475</ymin>
      <xmax>204.33526011560693</xmax>
      <ymax>122.97109826589598</ymax>
    </bndbox>
  </object>
  <object>
    <name>Person</name>
    <pose/>
    <truncated/>
    <difficult/>
    <bndbox>
      <xmin>171.96531791907506</xmin>
      <ymin>165.74566473988443</ymin>
      <xmax>472.54335260115613</xmax>
      <ymax>270.3699421965322</ymax>
    </bndbox>
  </object>
  <object>
    <name>Medicine</name>
    <pose/>
    <truncated/>
    <difficult/>
    <bndbox>
      <xmin>225.43352601156053</xmin>
      <ymin>147.24855491329492</ymin>
      <xmax>234.10404624277456</xmax>
      <ymax>160.54335260115607</ymax>
    </bndbox>
  </object>
  <object>
    <name>Medicine</name>
    <pose/>
    <truncated/>
    <difficult/>
    <bndbox>
      <xmin>220.8092485549133</xmin>
      <ymin>151.58381502890174</ymin>
      <xmax>227.7456647398844</xmax>
      <ymax>164.01156069364163</ymax>
    </bndbox>
  </object>
</annotation>
