<annotation>
  <folder/>
  <filename>13053.jpg</filename>
  <database/>
  <annotation/>
  <image/>
  <size>
    <height>360</height>
    <width>640</width>
    <depth>3</depth>
  </size>
  <segmented/>
  <object>
    <name>InfusionBag</name>
    <pose/>
    <truncated/>
    <difficult/>
    <bndbox>
      <xmin>149.71098265895935</xmin>
      <ymin>35.68786127167636</ymin>
      <xmax>178.61271676300578</xmax>
      <ymax>109.67630057803468</ymax>
    </bndbox>
  </object>
  <object>
    <name>Person</name>
    <pose/>
    <truncated/>
    <difficult/>
    <bndbox>
      <xmin>184.39306358381504</xmin>
      <ymin>160.54335260115604</ymin>
      <xmax>475.7225433526012</xmax>
      <ymax>289.7341040462428</ymax>
    </bndbox>
  </object>
  <object>
    <name>Medicine</name>
    <pose/>
    <truncated/>
    <difficult/>
    <bndbox>
      <xmin>257.22543352601156</xmin>
      <ymin>134.82080924855492</ymin>
      <xmax>264.73988439306356</xmax>
      <ymax>148.40462427745666</ymax>
    </bndbox>
  </object>
  <object>
    <name>Medicine</name>
    <pose/>
    <truncated/>
    <difficult/>
    <bndbox>
      <xmin>250.8670520231214</xmin>
      <ymin>138.0</ymin>
      <xmax>257.8034682080925</xmax>
      <ymax>151.29479768786126</ymax>
    </bndbox>
  </object>
</annotation>
