<annotation>
  <folder/>
  <filename>13059.jpg</filename>
  <database/>
  <annotation/>
  <image/>
  <size>
    <height>360</height>
    <width>640</width>
    <depth>3</depth>
  </size>
  <segmented/>
  <object>
    <name>InfusionBag</name>
    <pose/>
    <truncated/>
    <difficult/>
    <bndbox>
      <xmin>149.71098265895935</xmin>
      <ymin>35.68786127167636</ymin>
      <xmax>178.61271676300578</xmax>
      <ymax>109.67630057803468</ymax>
    </bndbox>
  </object>
  <object>
    <name>Person</name>
    <pose/>
    <truncated/>
    <difficult/>
    <bndbox>
      <xmin>187.8612716763006</xmin>
      <ymin>160.83236994219655</ymin>
      <xmax>484.39306358381504</xmax>
      <ymax>296.6705202312139</ymax>
    </bndbox>
  </object>
  <object>
    <name>Medicine</name>
    <pose/>
    <truncated/>
    <difficult/>
    <bndbox>
      <xmin>266.7630057803468</xmin>
      <ymin>133.95375722543355</ymin>
      <xmax>274.2774566473988</xmax>
      <ymax>147.5375722543353</ymax>
    </bndbox>
  </object>
  <object>
    <name>Medicine</name>
    <pose/>
    <truncated/>
    <difficult/>
    <bndbox>
      <xmin>260.4046242774567</xmin>
      <ymin>138.28901734104045</ymin>
      <xmax>267.3410404624278</xmax>
      <ymax>151.5838150289017</ymax>
    </bndbox>
  </object>
</annotation>
