<annotation>
  <folder/>
  <filename>13071.jpg</filename>
  <database/>
  <annotation/>
  <image/>
  <size>
    <height>360</height>
    <width>640</width>
    <depth>3</depth>
  </size>
  <segmented/>
  <object>
    <name>InfusionBag</name>
    <pose/>
    <truncated/>
    <difficult/>
    <bndbox>
      <xmin>135.83815028901714</xmin>
      <ymin>24.416184971098325</ymin>
      <xmax>167.34104046242774</xmax>
      <ymax>97.82658959537572</ymax>
    </bndbox>
  </object>
  <object>
    <name>Person</name>
    <pose/>
    <truncated/>
    <difficult/>
    <bndbox>
      <xmin>199.42196531791913</xmin>
      <ymin>153.60693641618496</ymin>
      <xmax>490.1734104046243</xmax>
      <ymax>299.84971098265896</ymax>
    </bndbox>
  </object>
  <object>
    <name>Medicine</name>
    <pose/>
    <truncated/>
    <difficult/>
    <bndbox>
      <xmin>282.6589595375723</xmin>
      <ymin>128.1734104046243</ymin>
      <xmax>290.1734104046243</xmax>
      <ymax>141.75722543352603</ymax>
    </bndbox>
  </object>
  <object>
    <name>Medicine</name>
    <pose/>
    <truncated/>
    <difficult/>
    <bndbox>
      <xmin>275.14450867052034</xmin>
      <ymin>131.6416184971098</ymin>
      <xmax>281.7919075144509</xmax>
      <ymax>144.35838150289018</ymax>
    </bndbox>
  </object>
</annotation>
