<annotation>
  <folder/>
  <filename>13089.jpg</filename>
  <database/>
  <annotation/>
  <image/>
  <size>
    <height>360</height>
    <width>640</width>
    <depth>3</depth>
  </size>
  <segmented/>
  <object>
    <name>InfusionBag</name>
    <pose/>
    <truncated/>
    <difficult/>
    <bndbox>
      <xmin>116.47398843930614</xmin>
      <ymin>17.768786127167694</ymin>
      <xmax>147.97687861271675</xmax>
      <ymax>91.17919075144509</ymax>
    </bndbox>
  </object>
  <object>
    <name>Person</name>
    <pose/>
    <truncated/>
    <difficult/>
    <bndbox>
      <xmin>204.04624277456654</xmin>
      <ymin>144.06936416184973</ymin>
      <xmax>457.514450867052</xmax>
      <ymax>301.0057803468208</ymax>
    </bndbox>
  </object>
  <object>
    <name>Medicine</name>
    <pose/>
    <truncated/>
    <difficult/>
    <bndbox>
      <xmin>296.53179190751445</xmin>
      <ymin>120.36994219653184</ymin>
      <xmax>304.04624277456645</xmax>
      <ymax>133.95375722543358</ymax>
    </bndbox>
  </object>
  <object>
    <name>Medicine</name>
    <pose/>
    <truncated/>
    <difficult/>
    <bndbox>
      <xmin>289.8843930635839</xmin>
      <ymin>124.12716763005778</ymin>
      <xmax>296.24277456647394</xmax>
      <ymax>135.39884393063582</ymax>
    </bndbox>
  </object>
</annotation>
