<annotation>
  <folder/>
  <filename>13107.jpg</filename>
  <database/>
  <annotation/>
  <image/>
  <size>
    <height>360</height>
    <width>640</width>
    <depth>3</depth>
  </size>
  <segmented/>
  <object>
    <name>InfusionBag</name>
    <pose/>
    <truncated/>
    <difficult/>
    <bndbox>
      <xmin>120.52023121387262</xmin>
      <ymin>16.901734104046305</ymin>
      <xmax>155.78034682080926</xmax>
      <ymax>81.64161849710983</ymax>
    </bndbox>
  </object>
  <object>
    <name>Person</name>
    <pose/>
    <truncated/>
    <difficult/>
    <bndbox>
      <xmin>205.49132947976884</xmin>
      <ymin>141.1791907514451</ymin>
      <xmax>457.8034682080925</xmax>
      <ymax>316.6127167630058</ymax>
    </bndbox>
  </object>
  <object>
    <name>Medicine</name>
    <pose/>
    <truncated/>
    <difficult/>
    <bndbox>
      <xmin>330.63583815028903</xmin>
      <ymin>119.21387283237001</ymin>
      <xmax>338.15028901734104</xmax>
      <ymax>132.79768786127175</ymax>
    </bndbox>
  </object>
  <object>
    <name>Medicine</name>
    <pose/>
    <truncated/>
    <difficult/>
    <bndbox>
      <xmin>323.98843930635854</xmin>
      <ymin>122.10404624277453</ymin>
      <xmax>330.3468208092486</xmax>
      <ymax>133.37572254335257</ymax>
    </bndbox>
  </object>
</annotation>
