<annotation>
  <folder/>
  <filename>13119.jpg</filename>
  <database/>
  <annotation/>
  <image/>
  <size>
    <height>360</height>
    <width>640</width>
    <depth>3</depth>
  </size>
  <segmented/>
  <object>
    <name>InfusionBag</name>
    <pose/>
    <truncated/>
    <difficult/>
    <bndbox>
      <xmin>112.71676300578014</xmin>
      <ymin>5.630057803468276</ymin>
      <xmax>147.97687861271677</xmax>
      <ymax>70.3699421965318</ymax>
    </bndbox>
  </object>
  <object>
    <name>Person</name>
    <pose/>
    <truncated/>
    <difficult/>
    <bndbox>
      <xmin>220.2312138728324</xmin>
      <ymin>129.04046242774567</ymin>
      <xmax>427.7456647398844</xmax>
      <ymax>315.4566473988439</ymax>
    </bndbox>
  </object>
  <object>
    <name>Medicine</name>
    <pose/>
    <truncated/>
    <difficult/>
    <bndbox>
      <xmin>339.3063583815029</xmin>
      <ymin>114.01156069364168</ymin>
      <xmax>346.8208092485549</xmax>
      <ymax>127.59537572254342</ymax>
    </bndbox>
  </object>
  <object>
    <name>Medicine</name>
    <pose/>
    <truncated/>
    <difficult/>
    <bndbox>
      <xmin>331.791907514451</xmin>
      <ymin>118.05780346820808</ymin>
      <xmax>338.15028901734104</xmax>
      <ymax>129.32947976878611</ymax>
    </bndbox>
  </object>
</annotation>
