<annotation>
  <folder/>
  <filename>13137.jpg</filename>
  <database/>
  <annotation/>
  <image/>
  <size>
    <height>360</height>
    <width>640</width>
    <depth>3</depth>
  </size>
  <segmented/>
  <object>
    <name>InfusionBag</name>
    <pose/>
    <truncated/>
    <difficult/>
    <bndbox>
      <xmin>105.49132947976858</xmin>
      <ymin>5.341040462427827</ymin>
      <xmax>142.77456647398844</xmax>
      <ymax>66.32369942196532</ymax>
    </bndbox>
  </object>
  <object>
    <name>Person</name>
    <pose/>
    <truncated/>
    <difficult/>
    <bndbox>
      <xmin>215.31791907514454</xmin>
      <ymin>130.48554913294797</ymin>
      <xmax>397.97687861271675</xmax>
      <ymax>322.6820809248555</ymax>
    </bndbox>
  </object>
  <object>
    <name>Medicine</name>
    <pose/>
    <truncated/>
    <difficult/>
    <bndbox>
      <xmin>351.73410404624275</xmin>
      <ymin>117.76878612716766</ymin>
      <xmax>359.24855491329475</xmax>
      <ymax>131.3526011560694</ymax>
    </bndbox>
  </object>
  <object>
    <name>Medicine</name>
    <pose/>
    <truncated/>
    <difficult/>
    <bndbox>
      <xmin>343.93063583815047</xmin>
      <ymin>120.65895953757223</ymin>
      <xmax>350.2890173410405</xmax>
      <ymax>131.93063583815027</ymax>
    </bndbox>
  </object>
</annotation>
