<annotation>
  <folder/>
  <filename>13143.jpg</filename>
  <database/>
  <annotation/>
  <image/>
  <size>
    <height>360</height>
    <width>640</width>
    <depth>3</depth>
  </size>
  <segmented/>
  <object>
    <name>InfusionBag</name>
    <pose/>
    <truncated/>
    <difficult/>
    <bndbox>
      <xmin>109.24855491329458</xmin>
      <ymin>16.612716763005857</ymin>
      <xmax>147.10982658959537</xmax>
      <ymax>71.52601156069365</ymax>
    </bndbox>
  </object>
  <object>
    <name>Person</name>
    <pose/>
    <truncated/>
    <difficult/>
    <bndbox>
      <xmin>215.31791907514454</xmin>
      <ymin>130.48554913294797</ymin>
      <xmax>381.21387283236993</xmax>
      <ymax>335.1098265895954</ymax>
    </bndbox>
  </object>
  <object>
    <name>Medicine</name>
    <pose/>
    <truncated/>
    <difficult/>
    <bndbox>
      <xmin>362.13872832369947</xmin>
      <ymin>123.26011560693644</ymin>
      <xmax>369.6531791907515</xmax>
      <ymax>136.84393063583818</ymax>
    </bndbox>
  </object>
  <object>
    <name>Medicine</name>
    <pose/>
    <truncated/>
    <difficult/>
    <bndbox>
      <xmin>354.913294797688</xmin>
      <ymin>126.43930635838146</ymin>
      <xmax>361.27167630057806</xmax>
      <ymax>137.7109826589595</ymax>
    </bndbox>
  </object>
</annotation>
