<annotation>
  <folder/>
  <filename>13149.jpg</filename>
  <database/>
  <annotation/>
  <image/>
  <size>
    <height>360</height>
    <width>640</width>
    <depth>3</depth>
  </size>
  <segmented/>
  <object>
    <name>InfusionBag</name>
    <pose/>
    <truncated/>
    <difficult/>
    <bndbox>
      <xmin>125.72254335260095</xmin>
      <ymin>22.393063583815106</ymin>
      <xmax>156.35838150289018</xmax>
      <ymax>73.54913294797689</ymax>
    </bndbox>
  </object>
  <object>
    <name>Person</name>
    <pose/>
    <truncated/>
    <difficult/>
    <bndbox>
      <xmin>230.9248554913295</xmin>
      <ymin>138.28901734104045</ymin>
      <xmax>382.94797687861274</xmax>
      <ymax>337.1329479768786</ymax>
    </bndbox>
  </object>
  <object>
    <name>Medicine</name>
    <pose/>
    <truncated/>
    <difficult/>
    <bndbox>
      <xmin>374.56647398843944</xmin>
      <ymin>124.99421965317921</ymin>
      <xmax>382.08092485549145</xmax>
      <ymax>138.57803468208095</ymax>
    </bndbox>
  </object>
  <object>
    <name>Medicine</name>
    <pose/>
    <truncated/>
    <difficult/>
    <bndbox>
      <xmin>367.05202312138744</xmin>
      <ymin>128.4624277456647</ymin>
      <xmax>373.4104046242775</xmax>
      <ymax>139.73410404624275</ymax>
    </bndbox>
  </object>
</annotation>
