<annotation>
  <folder/>
  <filename>13155.jpg</filename>
  <database/>
  <annotation/>
  <image/>
  <size>
    <height>360</height>
    <width>640</width>
    <depth>3</depth>
  </size>
  <segmented/>
  <object>
    <name>InfusionBag</name>
    <pose/>
    <truncated/>
    <difficult/>
    <bndbox>
      <xmin>135.2601156069362</xmin>
      <ymin>15.745664739884475</ymin>
      <xmax>165.89595375722544</xmax>
      <ymax>66.90173410404626</ymax>
    </bndbox>
  </object>
  <object>
    <name>Person</name>
    <pose/>
    <truncated/>
    <difficult/>
    <bndbox>
      <xmin>231.21387283237001</xmin>
      <ymin>133.95375722543352</ymin>
      <xmax>383.23699421965324</xmax>
      <ymax>332.7976878612718</ymax>
    </bndbox>
  </object>
  <object>
    <name>Medicine</name>
    <pose/>
    <truncated/>
    <difficult/>
    <bndbox>
      <xmin>386.70520231213885</xmin>
      <ymin>124.99421965317921</ymin>
      <xmax>394.21965317919086</xmax>
      <ymax>138.57803468208095</ymax>
    </bndbox>
  </object>
  <object>
    <name>Medicine</name>
    <pose/>
    <truncated/>
    <difficult/>
    <bndbox>
      <xmin>377.4566473988441</xmin>
      <ymin>128.4624277456647</ymin>
      <xmax>383.81502890173414</xmax>
      <ymax>139.73410404624275</ymax>
    </bndbox>
  </object>
</annotation>
