<annotation>
  <folder/>
  <filename>13167.jpg</filename>
  <database/>
  <annotation/>
  <image/>
  <size>
    <height>360</height>
    <width>640</width>
    <depth>3</depth>
  </size>
  <segmented/>
  <object>
    <name>InfusionBag</name>
    <pose/>
    <truncated/>
    <difficult/>
    <bndbox>
      <xmin>147.39884393063562</xmin>
      <ymin>8.809248554913374</ymin>
      <xmax>178.03468208092485</xmax>
      <ymax>59.965317919075154</ymax>
    </bndbox>
  </object>
  <object>
    <name>Person</name>
    <pose/>
    <truncated/>
    <difficult/>
    <bndbox>
      <xmin>232.9479768786127</xmin>
      <ymin>125.86127167630059</ymin>
      <xmax>353.1791907514451</xmax>
      <ymax>314.5895953757225</ymax>
    </bndbox>
  </object>
  <object>
    <name>Medicine</name>
    <pose/>
    <truncated/>
    <difficult/>
    <bndbox>
      <xmin>396.53179190751456</xmin>
      <ymin>126.15028901734107</ymin>
      <xmax>404.04624277456657</xmax>
      <ymax>139.7341040462428</ymax>
    </bndbox>
  </object>
  <object>
    <name>Medicine</name>
    <pose/>
    <truncated/>
    <difficult/>
    <bndbox>
      <xmin>389.01734104046255</xmin>
      <ymin>128.17341040462426</ymin>
      <xmax>395.3757225433526</xmax>
      <ymax>139.4450867052023</ymax>
    </bndbox>
  </object>
</annotation>
