<annotation>
  <folder/>
  <filename>13173.jpg</filename>
  <database/>
  <annotation/>
  <image/>
  <size>
    <height>360</height>
    <width>640</width>
    <depth>3</depth>
  </size>
  <segmented/>
  <object>
    <name>InfusionBag</name>
    <pose/>
    <truncated/>
    <difficult/>
    <bndbox>
      <xmin>151.15606936416165</xmin>
      <ymin>16.612716763005864</ymin>
      <xmax>180.34682080924856</xmax>
      <ymax>66.03468208092485</ymax>
    </bndbox>
  </object>
  <object>
    <name>Person</name>
    <pose/>
    <truncated/>
    <difficult/>
    <bndbox>
      <xmin>232.9479768786127</xmin>
      <ymin>125.86127167630059</ymin>
      <xmax>353.1791907514451</xmax>
      <ymax>314.5895953757225</ymax>
    </bndbox>
  </object>
  <object>
    <name>Medicine</name>
    <pose/>
    <truncated/>
    <difficult/>
    <bndbox>
      <xmin>399.71098265895967</xmin>
      <ymin>130.19653179190755</ymin>
      <xmax>407.22543352601167</xmax>
      <ymax>143.78034682080929</ymax>
    </bndbox>
  </object>
  <object>
    <name>Medicine</name>
    <pose/>
    <truncated/>
    <difficult/>
    <bndbox>
      <xmin>391.0404624277458</xmin>
      <ymin>131.9306358381503</ymin>
      <xmax>397.39884393063585</xmax>
      <ymax>143.20231213872833</ymax>
    </bndbox>
  </object>
</annotation>
