<annotation>
  <folder/>
  <filename>1318.jpg</filename>
  <database/>
  <annotation/>
  <image/>
  <size>
    <height>360</height>
    <width>640</width>
    <depth>3</depth>
  </size>
  <segmented/>
  <object>
    <name>InfusionBag</name>
    <pose/>
    <truncated/>
    <difficult/>
    <bndbox>
      <xmin>284.68208092485526</xmin>
      <ymin>-1.1734104046241924</ymin>
      <xmax>314.16184971098266</xmax>
      <ymax>32.50867052023121</ymax>
    </bndbox>
  </object>
  <object>
    <name>Person</name>
    <pose/>
    <truncated/>
    <difficult/>
    <bndbox>
      <xmin>318.49710982658956</xmin>
      <ymin>46.959537572254334</ymin>
      <xmax>490.77456647398844</xmax>
      <ymax>358.42196531791905</ymax>
    </bndbox>
  </object>
  <object>
    <name>Medicine</name>
    <pose/>
    <truncated/>
    <difficult/>
    <bndbox>
      <xmin>548.2658959537575</xmin>
      <ymin>224.99421965317921</ymin>
      <xmax>561.8497109826591</xmax>
      <ymax>251.5838150289017</ymax>
    </bndbox>
  </object>
  <object>
    <name>Person</name>
    <pose/>
    <truncated/>
    <difficult/>
    <bndbox>
      <xmin>21.098265895953748</xmin>
      <ymin>171.2369942196532</ymin>
      <xmax>362.13872832369964</xmax>
      <ymax>307.6531791907515</ymax>
    </bndbox>
  </object>
</annotation>
