<annotation>
  <folder/>
  <filename>13191.jpg</filename>
  <database/>
  <annotation/>
  <image/>
  <size>
    <height>360</height>
    <width>640</width>
    <depth>3</depth>
  </size>
  <segmented/>
  <object>
    <name>InfusionBag</name>
    <pose/>
    <truncated/>
    <difficult/>
    <bndbox>
      <xmin>171.96531791907495</xmin>
      <ymin>16.901734104046334</ymin>
      <xmax>202.02312138728323</xmax>
      <ymax>62.56647398843931</ymax>
    </bndbox>
  </object>
  <object>
    <name>Person</name>
    <pose/>
    <truncated/>
    <difficult/>
    <bndbox>
      <xmin>232.9479768786127</xmin>
      <ymin>131.0635838150289</ymin>
      <xmax>361.5606936416185</xmax>
      <ymax>314.87861271676303</ymax>
    </bndbox>
  </object>
  <object>
    <name>Medicine</name>
    <pose/>
    <truncated/>
    <difficult/>
    <bndbox>
      <xmin>421.96531791907535</xmin>
      <ymin>136.26589595375728</ymin>
      <xmax>429.47976878612735</xmax>
      <ymax>149.84971098265902</ymax>
    </bndbox>
  </object>
  <object>
    <name>Medicine</name>
    <pose/>
    <truncated/>
    <difficult/>
    <bndbox>
      <xmin>413.58381502890194</xmin>
      <ymin>137.13294797687863</ymin>
      <xmax>419.942196531792</xmax>
      <ymax>148.40462427745666</ymax>
    </bndbox>
  </object>
</annotation>
