<annotation>
  <folder/>
  <filename>13215.jpg</filename>
  <database/>
  <annotation/>
  <image/>
  <size>
    <height>360</height>
    <width>640</width>
    <depth>3</depth>
  </size>
  <segmented/>
  <object>
    <name>InfusionBag</name>
    <pose/>
    <truncated/>
    <difficult/>
    <bndbox>
      <xmin>210.6936416184969</xmin>
      <ymin>5.341040462427834</ymin>
      <xmax>232.36994219653178</xmax>
      <ymax>43.20231213872831</ymax>
    </bndbox>
  </object>
  <object>
    <name>Person</name>
    <pose/>
    <truncated/>
    <difficult/>
    <bndbox>
      <xmin>209.53757225433526</xmin>
      <ymin>116.90173410404626</ymin>
      <xmax>371.0982658959538</xmax>
      <ymax>281.35260115606934</ymax>
    </bndbox>
  </object>
  <object>
    <name>Medicine</name>
    <pose/>
    <truncated/>
    <difficult/>
    <bndbox>
      <xmin>447.3988439306361</xmin>
      <ymin>134.82080924855498</ymin>
      <xmax>454.9132947976881</xmax>
      <ymax>148.40462427745672</ymax>
    </bndbox>
  </object>
  <object>
    <name>Medicine</name>
    <pose/>
    <truncated/>
    <difficult/>
    <bndbox>
      <xmin>438.43930635838177</xmin>
      <ymin>137.13294797687865</ymin>
      <xmax>444.7976878612718</xmax>
      <ymax>148.4046242774567</ymax>
    </bndbox>
  </object>
</annotation>
