<annotation>
  <folder/>
  <filename>13221.jpg</filename>
  <database/>
  <annotation/>
  <image/>
  <size>
    <height>360</height>
    <width>640</width>
    <depth>3</depth>
  </size>
  <segmented/>
  <object>
    <name>InfusionBag</name>
    <pose/>
    <truncated/>
    <difficult/>
    <bndbox>
      <xmin>216.18497109826572</xmin>
      <ymin>5.630057803468297</ymin>
      <xmax>237.8612716763006</xmax>
      <ymax>43.49132947976877</ymax>
    </bndbox>
  </object>
  <object>
    <name>Person</name>
    <pose/>
    <truncated/>
    <difficult/>
    <bndbox>
      <xmin>209.53757225433526</xmin>
      <ymin>116.90173410404626</ymin>
      <xmax>378.32369942196533</xmax>
      <ymax>272.6820809248555</ymax>
    </bndbox>
  </object>
  <object>
    <name>Medicine</name>
    <pose/>
    <truncated/>
    <difficult/>
    <bndbox>
      <xmin>455.49132947976904</xmin>
      <ymin>137.42196531791913</ymin>
      <xmax>463.00578034682104</xmax>
      <ymax>151.00578034682087</ymax>
    </bndbox>
  </object>
  <object>
    <name>Medicine</name>
    <pose/>
    <truncated/>
    <difficult/>
    <bndbox>
      <xmin>445.6647398843934</xmin>
      <ymin>138.86705202312143</ymin>
      <xmax>452.0231213872834</xmax>
      <ymax>150.13872832369947</ymax>
    </bndbox>
  </object>
</annotation>
