<annotation>
  <folder/>
  <filename>13227.jpg</filename>
  <database/>
  <annotation/>
  <image/>
  <size>
    <height>360</height>
    <width>640</width>
    <depth>3</depth>
  </size>
  <segmented/>
  <object>
    <name>InfusionBag</name>
    <pose/>
    <truncated/>
    <difficult/>
    <bndbox>
      <xmin>224.27745664739868</xmin>
      <ymin>7.942196531792</ymin>
      <xmax>245.95375722543355</xmax>
      <ymax>45.803468208092475</ymax>
    </bndbox>
  </object>
  <object>
    <name>Person</name>
    <pose/>
    <truncated/>
    <difficult/>
    <bndbox>
      <xmin>205.20231213872833</xmin>
      <ymin>124.70520231213874</ymin>
      <xmax>380.9248554913295</xmax>
      <ymax>272.97109826589593</ymax>
    </bndbox>
  </object>
  <object>
    <name>Medicine</name>
    <pose/>
    <truncated/>
    <difficult/>
    <bndbox>
      <xmin>465.31791907514474</xmin>
      <ymin>141.75722543352606</ymin>
      <xmax>472.83236994219675</xmax>
      <ymax>155.3410404624278</ymax>
    </bndbox>
  </object>
  <object>
    <name>Medicine</name>
    <pose/>
    <truncated/>
    <difficult/>
    <bndbox>
      <xmin>457.22543352601184</xmin>
      <ymin>143.4913294797688</ymin>
      <xmax>463.5838150289019</xmax>
      <ymax>154.76300578034684</ymax>
    </bndbox>
  </object>
</annotation>
