<annotation>
  <folder/>
  <filename>13245.jpg</filename>
  <database/>
  <annotation/>
  <image/>
  <size>
    <height>360</height>
    <width>640</width>
    <depth>3</depth>
  </size>
  <segmented/>
  <object>
    <name>InfusionBag</name>
    <pose/>
    <truncated/>
    <difficult/>
    <bndbox>
      <xmin>252.31213872832353</xmin>
      <ymin>6.20809248554923</ymin>
      <xmax>267.6300578034682</xmax>
      <ymax>41.46820809248555</ymax>
    </bndbox>
  </object>
  <object>
    <name>Person</name>
    <pose/>
    <truncated/>
    <difficult/>
    <bndbox>
      <xmin>185.8381502890173</xmin>
      <ymin>129.0404624277457</ymin>
      <xmax>402.60115606936415</xmax>
      <ymax>271.2369942196532</ymax>
    </bndbox>
  </object>
  <object>
    <name>Medicine</name>
    <pose/>
    <truncated/>
    <difficult/>
    <bndbox>
      <xmin>499.42196531791933</xmin>
      <ymin>155.91907514450872</ymin>
      <xmax>508.67052023121386</xmax>
      <ymax>171.52601156069363</ymax>
    </bndbox>
  </object>
  <object>
    <name>Medicine</name>
    <pose/>
    <truncated/>
    <difficult/>
    <bndbox>
      <xmin>489.0173410404627</xmin>
      <ymin>155.9190751445087</ymin>
      <xmax>496.242774566474</xmax>
      <ymax>168.0578034682081</ymax>
    </bndbox>
  </object>
</annotation>
