<annotation>
  <folder/>
  <filename>13257.jpg</filename>
  <database/>
  <annotation/>
  <image/>
  <size>
    <height>360</height>
    <width>640</width>
    <depth>3</depth>
  </size>
  <segmented/>
  <object>
    <name>InfusionBag</name>
    <pose/>
    <truncated/>
    <difficult/>
    <bndbox>
      <xmin>267.0520231213871</xmin>
      <ymin>8.520231213872918</ymin>
      <xmax>282.94797687861274</xmax>
      <ymax>45.80346820809249</ymax>
    </bndbox>
  </object>
  <object>
    <name>Person</name>
    <pose/>
    <truncated/>
    <difficult/>
    <bndbox>
      <xmin>175.72254335260115</xmin>
      <ymin>138.0</ymin>
      <xmax>413.29479768786126</xmax>
      <ymax>267.76878612716763</ymax>
    </bndbox>
  </object>
  <object>
    <name>Medicine</name>
    <pose/>
    <truncated/>
    <difficult/>
    <bndbox>
      <xmin>513.0057803468211</xmin>
      <ymin>170.9479768786128</ymin>
      <xmax>523.4104046242775</xmax>
      <ymax>188.57803468208093</ymax>
    </bndbox>
  </object>
  <object>
    <name>Medicine</name>
    <pose/>
    <truncated/>
    <difficult/>
    <bndbox>
      <xmin>501.1560693641622</xmin>
      <ymin>171.5260115606937</ymin>
      <xmax>510.6936416184971</xmax>
      <ymax>185.97687861271677</ymax>
    </bndbox>
  </object>
</annotation>
