<annotation>
  <folder/>
  <filename>13251.jpg</filename>
  <database/>
  <annotation/>
  <image/>
  <size>
    <height>360</height>
    <width>640</width>
    <depth>3</depth>
  </size>
  <segmented/>
  <object>
    <name>InfusionBag</name>
    <pose/>
    <truncated/>
    <difficult/>
    <bndbox>
      <xmin>261.5606936416183</xmin>
      <ymin>5.91907514450876</ymin>
      <xmax>276.878612716763</xmax>
      <ymax>41.17919075144507</ymax>
    </bndbox>
  </object>
  <object>
    <name>Person</name>
    <pose/>
    <truncated/>
    <difficult/>
    <bndbox>
      <xmin>181.50289017341035</xmin>
      <ymin>128.17341040462432</ymin>
      <xmax>407.8034682080925</xmax>
      <ymax>271.52601156069363</ymax>
    </bndbox>
  </object>
  <object>
    <name>Medicine</name>
    <pose/>
    <truncated/>
    <difficult/>
    <bndbox>
      <xmin>505.2023121387286</xmin>
      <ymin>164.30057803468213</ymin>
      <xmax>514.4508670520231</xmax>
      <ymax>179.90751445086704</ymax>
    </bndbox>
  </object>
  <object>
    <name>Medicine</name>
    <pose/>
    <truncated/>
    <difficult/>
    <bndbox>
      <xmin>495.37572254335294</xmin>
      <ymin>165.1676300578035</ymin>
      <xmax>503.1791907514451</xmax>
      <ymax>177.59537572254337</ymax>
    </bndbox>
  </object>
</annotation>
