<annotation>
  <folder/>
  <filename>13293.jpg</filename>
  <database/>
  <annotation/>
  <image/>
  <size>
    <height>360</height>
    <width>640</width>
    <depth>3</depth>
  </size>
  <segmented/>
  <object>
    <name>InfusionBag</name>
    <pose/>
    <truncated/>
    <difficult/>
    <bndbox>
      <xmin>279.19075144508656</xmin>
      <ymin>0.7167630057804253</ymin>
      <xmax>297.6878612716763</xmax>
      <ymax>34.53179190751445</ymax>
    </bndbox>
  </object>
  <object>
    <name>Person</name>
    <pose/>
    <truncated/>
    <difficult/>
    <bndbox>
      <xmin>117.0520231213874</xmin>
      <ymin>135.68786127167627</ymin>
      <xmax>435.5491329479769</xmax>
      <ymax>266.9017341040462</ymax>
    </bndbox>
  </object>
  <object>
    <name>Medicine</name>
    <pose/>
    <truncated/>
    <difficult/>
    <bndbox>
      <xmin>536.9942196531792</xmin>
      <ymin>210.83236994219658</ymin>
      <xmax>550.5780346820808</xmax>
      <ymax>236.5549132947977</ymax>
    </bndbox>
  </object>
  <object>
    <name>Medicine</name>
    <pose/>
    <truncated/>
    <difficult/>
    <bndbox>
      <xmin>522.8323699421967</xmin>
      <ymin>207.94219653179192</ymin>
      <xmax>536.4161849710982</xmax>
      <ymax>227.8843930635838</ymax>
    </bndbox>
  </object>
</annotation>
