<annotation>
  <folder/>
  <filename>13305.jpg</filename>
  <database/>
  <annotation/>
  <image/>
  <size>
    <height>360</height>
    <width>640</width>
    <depth>3</depth>
  </size>
  <segmented/>
  <object>
    <name>InfusionBag</name>
    <pose/>
    <truncated/>
    <difficult/>
    <bndbox>
      <xmin>272.8323699421964</xmin>
      <ymin>-0.32947976878604734</ymin>
      <xmax>292.19653179190755</xmax>
      <ymax>33.79768786127167</ymax>
    </bndbox>
  </object>
  <object>
    <name>Person</name>
    <pose/>
    <truncated/>
    <difficult/>
    <bndbox>
      <xmin>84.68208092485563</xmin>
      <ymin>136.55491329479767</ymin>
      <xmax>430.9248554913295</xmax>
      <ymax>267.76878612716763</ymax>
    </bndbox>
  </object>
  <object>
    <name>Medicine</name>
    <pose/>
    <truncated/>
    <difficult/>
    <bndbox>
      <xmin>531.21387283237</xmin>
      <ymin>224.99421965317924</ymin>
      <xmax>546.820809248555</xmax>
      <ymax>253.31791907514452</ymax>
    </bndbox>
  </object>
  <object>
    <name>Medicine</name>
    <pose/>
    <truncated/>
    <difficult/>
    <bndbox>
      <xmin>517.6300578034683</xmin>
      <ymin>219.5028901734104</ymin>
      <xmax>533.2369942196532</xmax>
      <ymax>244.9364161849711</ymax>
    </bndbox>
  </object>
</annotation>
