<annotation>
  <folder/>
  <filename>13329.jpg</filename>
  <database/>
  <annotation/>
  <image/>
  <size>
    <height>360</height>
    <width>640</width>
    <depth>3</depth>
  </size>
  <segmented/>
  <object>
    <name>InfusionBag</name>
    <pose/>
    <truncated/>
    <difficult/>
    <bndbox>
      <xmin>296.53179190751445</xmin>
      <ymin>0.7167630057803454</ymin>
      <xmax>310.6936416184971</xmax>
      <ymax>40.02312138728324</ymax>
    </bndbox>
  </object>
  <object>
    <name>Person</name>
    <pose/>
    <truncated/>
    <difficult/>
    <bndbox>
      <xmin>85.83815028901748</xmin>
      <ymin>141.757225433526</ymin>
      <xmax>446.8208092485549</xmax>
      <ymax>272.39306358381504</ymax>
    </bndbox>
  </object>
  <object>
    <name>Medicine</name>
    <pose/>
    <truncated/>
    <difficult/>
    <bndbox>
      <xmin>543.9306358381504</xmin>
      <ymin>255.63005780346828</ymin>
      <xmax>562.1387283236994</xmax>
      <ymax>291.75722543352595</ymax>
    </bndbox>
  </object>
  <object>
    <name>Medicine</name>
    <pose/>
    <truncated/>
    <difficult/>
    <bndbox>
      <xmin>531.2138728323699</xmin>
      <ymin>253.89595375722547</ymin>
      <xmax>546.8208092485548</xmax>
      <ymax>279.0404624277457</ymax>
    </bndbox>
  </object>
</annotation>
