<annotation>
  <folder/>
  <filename>13335.jpg</filename>
  <database/>
  <annotation/>
  <image/>
  <size>
    <height>360</height>
    <width>640</width>
    <depth>3</depth>
  </size>
  <segmented/>
  <object>
    <name>InfusionBag</name>
    <pose/>
    <truncated/>
    <difficult/>
    <bndbox>
      <xmin>296.53179190751445</xmin>
      <ymin>0.7167630057803454</ymin>
      <xmax>310.6936416184971</xmax>
      <ymax>40.02312138728324</ymax>
    </bndbox>
  </object>
  <object>
    <name>Person</name>
    <pose/>
    <truncated/>
    <difficult/>
    <bndbox>
      <xmin>85.83815028901748</xmin>
      <ymin>141.757225433526</ymin>
      <xmax>446.8208092485549</xmax>
      <ymax>272.39306358381504</ymax>
    </bndbox>
  </object>
  <object>
    <name>Medicine</name>
    <pose/>
    <truncated/>
    <difficult/>
    <bndbox>
      <xmin>522.2543352601157</xmin>
      <ymin>264.30057803468213</ymin>
      <xmax>540.4624277456647</xmax>
      <ymax>300.4277456647398</ymax>
    </bndbox>
  </object>
  <object>
    <name>Medicine</name>
    <pose/>
    <truncated/>
    <difficult/>
    <bndbox>
      <xmin>510.4046242774566</xmin>
      <ymin>257.942196531792</ymin>
      <xmax>526.878612716763</xmax>
      <ymax>284.8208092485549</ymax>
    </bndbox>
  </object>
</annotation>
