<annotation>
  <folder/>
  <filename>1336.jpg</filename>
  <database/>
  <annotation/>
  <image/>
  <size>
    <height>360</height>
    <width>640</width>
    <depth>3</depth>
  </size>
  <segmented/>
  <object>
    <name>InfusionBag</name>
    <pose/>
    <truncated/>
    <difficult/>
    <bndbox>
      <xmin>340.7514450867052</xmin>
      <ymin>0.4277456647398825</ymin>
      <xmax>353.1791907514451</xmax>
      <ymax>30.196531791907518</ymax>
    </bndbox>
  </object>
  <object>
    <name>Person</name>
    <pose/>
    <truncated/>
    <difficult/>
    <bndbox>
      <xmin>41.32947976878613</xmin>
      <ymin>148.6936416184971</ymin>
      <xmax>366.7630057803468</xmax>
      <ymax>261.12138728323697</ymax>
    </bndbox>
  </object>
  <object>
    <name>Medicine</name>
    <pose/>
    <truncated/>
    <difficult/>
    <bndbox>
      <xmin>581.2138728323699</xmin>
      <ymin>247.82658959537576</ymin>
      <xmax>599.4219653179191</xmax>
      <ymax>272.97109826589593</ymax>
    </bndbox>
  </object>
  <object>
    <name>Person</name>
    <pose/>
    <truncated/>
    <difficult/>
    <bndbox>
      <xmin>336.4161849710983</xmin>
      <ymin>47.2485549132948</ymin>
      <xmax>488.15028901734104</xmax>
      <ymax>357.9421965317919</ymax>
    </bndbox>
  </object>
</annotation>
