<annotation>
  <folder/>
  <filename>1342.jpg</filename>
  <database/>
  <annotation/>
  <image/>
  <size>
    <height>360</height>
    <width>640</width>
    <depth>3</depth>
  </size>
  <segmented/>
  <object>
    <name>InfusionBag</name>
    <pose/>
    <truncated/>
    <difficult/>
    <bndbox>
      <xmin>344.79768786127164</xmin>
      <ymin>0.4277456647398825</ymin>
      <xmax>360.40462427745666</xmax>
      <ymax>21.236994219653177</ymax>
    </bndbox>
  </object>
  <object>
    <name>Person</name>
    <pose/>
    <truncated/>
    <difficult/>
    <bndbox>
      <xmin>44.50867052023125</xmin>
      <ymin>141.17919075144508</ymin>
      <xmax>369.94219653179175</xmax>
      <ymax>253.6069364161851</ymax>
    </bndbox>
  </object>
  <object>
    <name>Medicine</name>
    <pose/>
    <truncated/>
    <difficult/>
    <bndbox>
      <xmin>574.2774566473988</xmin>
      <ymin>246.09248554913302</ymin>
      <xmax>592.485549132948</xmax>
      <ymax>271.2369942196532</ymax>
    </bndbox>
  </object>
  <object>
    <name>Person</name>
    <pose/>
    <truncated/>
    <difficult/>
    <bndbox>
      <xmin>316.1849710982659</xmin>
      <ymin>42.335260115606914</ymin>
      <xmax>472.0</xmax>
      <ymax>359.0</ymax>
    </bndbox>
  </object>
</annotation>
