<annotation>
  <folder/>
  <filename>1348.jpg</filename>
  <database/>
  <annotation/>
  <image/>
  <size>
    <height>360</height>
    <width>640</width>
    <depth>3</depth>
  </size>
  <segmented/>
  <object>
    <name>InfusionBag</name>
    <pose/>
    <truncated/>
    <difficult/>
    <bndbox>
      <xmin>342.77456647398844</xmin>
      <ymin>0.4277456647398825</ymin>
      <xmax>360.4046242774567</xmax>
      <ymax>31.352601156069362</ymax>
    </bndbox>
  </object>
  <object>
    <name>Person</name>
    <pose/>
    <truncated/>
    <difficult/>
    <bndbox>
      <xmin>52.023121387283254</xmin>
      <ymin>172.39306358381504</ymin>
      <xmax>336.7052023121389</xmax>
      <ymax>260.83236994219646</ymax>
    </bndbox>
  </object>
  <object>
    <name>Medicine</name>
    <pose/>
    <truncated/>
    <difficult/>
    <bndbox>
      <xmin>567.9190751445087</xmin>
      <ymin>257.65317919075153</ymin>
      <xmax>585.5491329479769</xmax>
      <ymax>284.242774566474</ymax>
    </bndbox>
  </object>
  <object>
    <name>Person</name>
    <pose/>
    <truncated/>
    <difficult/>
    <bndbox>
      <xmin>315.8959537572254</xmin>
      <ymin>51.872832369942195</ymin>
      <xmax>462.71676300578036</xmax>
      <ymax>355.91907514450867</ymax>
    </bndbox>
  </object>
</annotation>
