<annotation>
  <folder/>
  <filename>1360.jpg</filename>
  <database/>
  <annotation/>
  <image/>
  <size>
    <height>360</height>
    <width>640</width>
    <depth>3</depth>
  </size>
  <segmented/>
  <object>
    <name>InfusionBag</name>
    <pose/>
    <truncated/>
    <difficult/>
    <bndbox>
      <xmin>337.5722543352601</xmin>
      <ymin>3.0289017341040445</ymin>
      <xmax>358.3815028901734</xmax>
      <ymax>39.73410404624278</ymax>
    </bndbox>
  </object>
  <object>
    <name>Person</name>
    <pose/>
    <truncated/>
    <difficult/>
    <bndbox>
      <xmin>39.01734104046244</xmin>
      <ymin>179.90751445086704</ymin>
      <xmax>323.69942196531815</xmax>
      <ymax>268.34682080924847</ymax>
    </bndbox>
  </object>
  <object>
    <name>Medicine</name>
    <pose/>
    <truncated/>
    <difficult/>
    <bndbox>
      <xmin>573.9884393063585</xmin>
      <ymin>268.34682080924864</ymin>
      <xmax>591.6184971098266</xmax>
      <ymax>294.9364161849711</ymax>
    </bndbox>
  </object>
  <object>
    <name>Person</name>
    <pose/>
    <truncated/>
    <difficult/>
    <bndbox>
      <xmin>314.7398843930636</xmin>
      <ymin>52.7398843930636</ymin>
      <xmax>461.56069364161857</xmax>
      <ymax>356.78612716763007</ymax>
    </bndbox>
  </object>
</annotation>
