<annotation>
  <folder/>
  <filename>1384.jpg</filename>
  <database/>
  <annotation/>
  <image/>
  <size>
    <height>360</height>
    <width>640</width>
    <depth>3</depth>
  </size>
  <segmented/>
  <object>
    <name>InfusionBag</name>
    <pose/>
    <truncated/>
    <difficult/>
    <bndbox>
      <xmin>363.2947976878613</xmin>
      <ymin>1.0057803468208082</ymin>
      <xmax>384.3930635838151</xmax>
      <ymax>41.17919075144509</ymax>
    </bndbox>
  </object>
  <object>
    <name>Person</name>
    <pose/>
    <truncated/>
    <difficult/>
    <bndbox>
      <xmin>50.28901734104047</xmin>
      <ymin>136.55491329479767</ymin>
      <xmax>492.1965317919075</xmax>
      <ymax>256.7861271676302</ymax>
    </bndbox>
  </object>
  <object>
    <name>Medicine</name>
    <pose/>
    <truncated/>
    <difficult/>
    <bndbox>
      <xmin>543.3526011560695</xmin>
      <ymin>294.0693641618498</ymin>
      <xmax>563.5838150289018</xmax>
      <ymax>325.2832369942197</ymax>
    </bndbox>
  </object>
  <object>
    <name>Person</name>
    <pose/>
    <truncated/>
    <difficult/>
    <bndbox>
      <xmin>279.76878612716763</xmin>
      <ymin>53.606936416184965</ymin>
      <xmax>438.5722543352601</xmax>
      <ymax>361.02312138728325</ymax>
    </bndbox>
  </object>
</annotation>
