<annotation>
  <folder/>
  <filename>14014.jpg</filename>
  <database/>
  <annotation/>
  <image/>
  <size>
    <height>360</height>
    <width>640</width>
    <depth>3</depth>
  </size>
  <segmented/>
  <object>
    <name>InfusionBag</name>
    <pose/>
    <truncated/>
    <difficult/>
    <bndbox>
      <xmin>214.16184971098275</xmin>
      <ymin>49.560693641618485</ymin>
      <xmax>236.41618497109826</xmax>
      <ymax>127.30635838150289</ymax>
    </bndbox>
  </object>
  <object>
    <name>Person</name>
    <pose/>
    <truncated/>
    <difficult/>
    <bndbox>
      <xmin>172.54335260115607</xmin>
      <ymin>182.79768786127167</ymin>
      <xmax>546.2427745664739</xmax>
      <ymax>262.2774566473988</ymax>
    </bndbox>
  </object>
  <object>
    <name>Medicine</name>
    <pose/>
    <truncated/>
    <difficult/>
    <bndbox>
      <xmin>219.36416184971108</xmin>
      <ymin>152.73988439306365</ymin>
      <xmax>229.47976878612718</xmax>
      <ymax>166.6127167630058</ymax>
    </bndbox>
  </object>
  <object>
    <name>Medicine</name>
    <pose/>
    <truncated/>
    <difficult/>
    <bndbox>
      <xmin>216.47398843930637</xmin>
      <ymin>158.52023121387285</ymin>
      <xmax>222.83236994219655</xmax>
      <ymax>168.9248554913295</ymax>
    </bndbox>
  </object>
</annotation>
