<annotation>
  <folder/>
  <filename>14032.jpg</filename>
  <database/>
  <annotation/>
  <image/>
  <size>
    <height>360</height>
    <width>640</width>
    <depth>3</depth>
  </size>
  <segmented/>
  <object>
    <name>InfusionBag</name>
    <pose/>
    <truncated/>
    <difficult/>
    <bndbox>
      <xmin>187.86127167630067</xmin>
      <ymin>46.67052023121386</ymin>
      <xmax>216.76300578034682</xmax>
      <ymax>125.57225433526011</ymax>
    </bndbox>
  </object>
  <object>
    <name>Person</name>
    <pose/>
    <truncated/>
    <difficult/>
    <bndbox>
      <xmin>172.2543352601156</xmin>
      <ymin>183.95375722543355</ymin>
      <xmax>545.9537572254336</xmax>
      <ymax>263.4335260115606</ymax>
    </bndbox>
  </object>
  <object>
    <name>Medicine</name>
    <pose/>
    <truncated/>
    <difficult/>
    <bndbox>
      <xmin>218.4971098265896</xmin>
      <ymin>148.40462427745666</ymin>
      <xmax>226.30057803468208</xmax>
      <ymax>163.4335260115607</ymax>
    </bndbox>
  </object>
</annotation>
