<annotation>
  <folder/>
  <filename>14044.jpg</filename>
  <database/>
  <annotation/>
  <image/>
  <size>
    <height>360</height>
    <width>640</width>
    <depth>3</depth>
  </size>
  <segmented/>
  <object>
    <name>InfusionBag</name>
    <pose/>
    <truncated/>
    <difficult/>
    <bndbox>
      <xmin>160.98265895953767</xmin>
      <ymin>40.60115606936414</ymin>
      <xmax>189.88439306358381</xmax>
      <ymax>119.50289017341039</ymax>
    </bndbox>
  </object>
  <object>
    <name>Person</name>
    <pose/>
    <truncated/>
    <difficult/>
    <bndbox>
      <xmin>165.31791907514454</xmin>
      <ymin>175.86127167630062</ymin>
      <xmax>526.3005780346821</xmax>
      <ymax>272.1040462427746</ymax>
    </bndbox>
  </object>
  <object>
    <name>Medicine</name>
    <pose/>
    <truncated/>
    <difficult/>
    <bndbox>
      <xmin>218.78612716763004</xmin>
      <ymin>144.64739884393063</ymin>
      <xmax>226.58959537572252</xmax>
      <ymax>159.67630057803467</ymax>
    </bndbox>
  </object>
  <object>
    <name>Medicine</name>
    <pose/>
    <truncated/>
    <difficult/>
    <bndbox>
      <xmin>213.0057803468208</xmin>
      <ymin>150.71676300578036</ymin>
      <xmax>219.65317919075144</xmax>
      <ymax>161.69942196531795</ymax>
    </bndbox>
  </object>
</annotation>
