<annotation>
  <folder/>
  <filename>14050.jpg</filename>
  <database/>
  <annotation/>
  <image/>
  <size>
    <height>360</height>
    <width>640</width>
    <depth>3</depth>
  </size>
  <segmented/>
  <object>
    <name>InfusionBag</name>
    <pose/>
    <truncated/>
    <difficult/>
    <bndbox>
      <xmin>147.10982658959549</xmin>
      <ymin>40.312138728323674</ymin>
      <xmax>176.01156069364163</xmax>
      <ymax>119.21387283236993</ymax>
    </bndbox>
  </object>
  <object>
    <name>Person</name>
    <pose/>
    <truncated/>
    <difficult/>
    <bndbox>
      <xmin>162.1387283236995</xmin>
      <ymin>175.2832369942197</ymin>
      <xmax>522.8323699421966</xmax>
      <ymax>277.88439306358384</ymax>
    </bndbox>
  </object>
  <object>
    <name>Medicine</name>
    <pose/>
    <truncated/>
    <difficult/>
    <bndbox>
      <xmin>219.07514450867052</xmin>
      <ymin>142.91329479768785</ymin>
      <xmax>226.878612716763</xmax>
      <ymax>157.9421965317919</ymax>
    </bndbox>
  </object>
  <object>
    <name>Medicine</name>
    <pose/>
    <truncated/>
    <difficult/>
    <bndbox>
      <xmin>213.2947976878613</xmin>
      <ymin>147.2485549132948</ymin>
      <xmax>219.94219653179192</xmax>
      <ymax>158.2312138728324</ymax>
    </bndbox>
  </object>
</annotation>
