<annotation>
  <folder/>
  <filename>14062.jpg</filename>
  <database/>
  <annotation/>
  <image/>
  <size>
    <height>360</height>
    <width>640</width>
    <depth>3</depth>
  </size>
  <segmented/>
  <object>
    <name>InfusionBag</name>
    <pose/>
    <truncated/>
    <difficult/>
    <bndbox>
      <xmin>113.5838150289018</xmin>
      <ymin>34.242774566473955</ymin>
      <xmax>142.48554913294794</xmax>
      <ymax>113.14450867052021</ymax>
    </bndbox>
  </object>
  <object>
    <name>Person</name>
    <pose/>
    <truncated/>
    <difficult/>
    <bndbox>
      <xmin>157.22543352601164</xmin>
      <ymin>174.4161849710983</ymin>
      <xmax>500.57803468208095</xmax>
      <ymax>305.6300578034682</ymax>
    </bndbox>
  </object>
  <object>
    <name>Medicine</name>
    <pose/>
    <truncated/>
    <difficult/>
    <bndbox>
      <xmin>225.14450867052025</xmin>
      <ymin>142.33526011560696</ymin>
      <xmax>232.08092485549133</xmax>
      <ymax>157.65317919075144</ymax>
    </bndbox>
  </object>
  <object>
    <name>Medicine</name>
    <pose/>
    <truncated/>
    <difficult/>
    <bndbox>
      <xmin>218.4971098265896</xmin>
      <ymin>148.69364161849714</ymin>
      <xmax>225.72254335260115</xmax>
      <ymax>159.38728323699422</ymax>
    </bndbox>
  </object>
</annotation>
