<annotation>
  <folder/>
  <filename>14068.jpg</filename>
  <database/>
  <annotation/>
  <image/>
  <size>
    <height>360</height>
    <width>640</width>
    <depth>3</depth>
  </size>
  <segmented/>
  <object>
    <name>InfusionBag</name>
    <pose/>
    <truncated/>
    <difficult/>
    <bndbox>
      <xmin>113.5838150289018</xmin>
      <ymin>34.242774566473955</ymin>
      <xmax>142.48554913294794</xmax>
      <ymax>113.14450867052021</ymax>
    </bndbox>
  </object>
  <object>
    <name>Person</name>
    <pose/>
    <truncated/>
    <difficult/>
    <bndbox>
      <xmin>157.22543352601164</xmin>
      <ymin>174.4161849710983</ymin>
      <xmax>500.0</xmax>
      <ymax>311.6994219653179</ymax>
    </bndbox>
  </object>
  <object>
    <name>Medicine</name>
    <pose/>
    <truncated/>
    <difficult/>
    <bndbox>
      <xmin>236.12716763005784</xmin>
      <ymin>144.06936416184973</ymin>
      <xmax>244.21965317919074</xmax>
      <ymax>158.8092485549133</ymax>
    </bndbox>
  </object>
  <object>
    <name>Medicine</name>
    <pose/>
    <truncated/>
    <difficult/>
    <bndbox>
      <xmin>229.76878612716763</xmin>
      <ymin>148.9826589595376</ymin>
      <xmax>236.9942196531792</xmax>
      <ymax>159.67630057803467</ymax>
    </bndbox>
  </object>
</annotation>
