<annotation>
  <folder/>
  <filename>14074.jpg</filename>
  <database/>
  <annotation/>
  <image/>
  <size>
    <height>360</height>
    <width>640</width>
    <depth>3</depth>
  </size>
  <segmented/>
  <object>
    <name>InfusionBag</name>
    <pose/>
    <truncated/>
    <difficult/>
    <bndbox>
      <xmin>129.19075144508676</xmin>
      <ymin>44.35838150289014</ymin>
      <xmax>160.6936416184971</xmax>
      <ymax>119.79190751445086</ymax>
    </bndbox>
  </object>
  <object>
    <name>Person</name>
    <pose/>
    <truncated/>
    <difficult/>
    <bndbox>
      <xmin>175.43352601156076</xmin>
      <ymin>173.26011560693644</ymin>
      <xmax>512.7167630057803</xmax>
      <ymax>317.4797687861272</ymax>
    </bndbox>
  </object>
  <object>
    <name>Medicine</name>
    <pose/>
    <truncated/>
    <difficult/>
    <bndbox>
      <xmin>250.57803468208095</xmin>
      <ymin>143.20231213872836</ymin>
      <xmax>258.6705202312139</xmax>
      <ymax>157.94219653179192</ymax>
    </bndbox>
  </object>
  <object>
    <name>Medicine</name>
    <pose/>
    <truncated/>
    <difficult/>
    <bndbox>
      <xmin>243.9306358381503</xmin>
      <ymin>148.69364161849714</ymin>
      <xmax>251.15606936416185</xmax>
      <ymax>159.38728323699422</ymax>
    </bndbox>
  </object>
</annotation>
