<annotation>
  <folder/>
  <filename>14080.jpg</filename>
  <database/>
  <annotation/>
  <image/>
  <size>
    <height>360</height>
    <width>640</width>
    <depth>3</depth>
  </size>
  <segmented/>
  <object>
    <name>InfusionBag</name>
    <pose/>
    <truncated/>
    <difficult/>
    <bndbox>
      <xmin>129.19075144508676</xmin>
      <ymin>44.35838150289014</ymin>
      <xmax>160.6936416184971</xmax>
      <ymax>119.79190751445086</ymax>
    </bndbox>
  </object>
  <object>
    <name>Person</name>
    <pose/>
    <truncated/>
    <difficult/>
    <bndbox>
      <xmin>187.5722543352601</xmin>
      <ymin>166.61271676300578</ymin>
      <xmax>512.7167630057803</xmax>
      <ymax>317.4797687861272</ymax>
    </bndbox>
  </object>
  <object>
    <name>Medicine</name>
    <pose/>
    <truncated/>
    <difficult/>
    <bndbox>
      <xmin>261.849710982659</xmin>
      <ymin>142.33526011560699</ymin>
      <xmax>269.9421965317919</xmax>
      <ymax>155.63005780346822</ymax>
    </bndbox>
  </object>
  <object>
    <name>Medicine</name>
    <pose/>
    <truncated/>
    <difficult/>
    <bndbox>
      <xmin>254.91329479768785</xmin>
      <ymin>145.8034682080925</ymin>
      <xmax>262.13872832369947</xmax>
      <ymax>156.4971098265896</ymax>
    </bndbox>
  </object>
</annotation>
