<annotation>
  <folder/>
  <filename>14086.jpg</filename>
  <database/>
  <annotation/>
  <image/>
  <size>
    <height>360</height>
    <width>640</width>
    <depth>3</depth>
  </size>
  <segmented/>
  <object>
    <name>InfusionBag</name>
    <pose/>
    <truncated/>
    <difficult/>
    <bndbox>
      <xmin>129.19075144508676</xmin>
      <ymin>44.35838150289014</ymin>
      <xmax>160.6936416184971</xmax>
      <ymax>118.92485549132948</ymax>
    </bndbox>
  </object>
  <object>
    <name>Person</name>
    <pose/>
    <truncated/>
    <difficult/>
    <bndbox>
      <xmin>187.5722543352601</xmin>
      <ymin>166.61271676300578</ymin>
      <xmax>514.7398843930636</xmax>
      <ymax>310.8323699421965</ymax>
    </bndbox>
  </object>
  <object>
    <name>Medicine</name>
    <pose/>
    <truncated/>
    <difficult/>
    <bndbox>
      <xmin>267.6300578034683</xmin>
      <ymin>138.2890173410405</ymin>
      <xmax>275.7225433526012</xmax>
      <ymax>151.58381502890174</ymax>
    </bndbox>
  </object>
  <object>
    <name>Medicine</name>
    <pose/>
    <truncated/>
    <difficult/>
    <bndbox>
      <xmin>261.271676300578</xmin>
      <ymin>143.20231213872836</ymin>
      <xmax>268.4971098265896</xmax>
      <ymax>153.89595375722544</ymax>
    </bndbox>
  </object>
</annotation>
