<annotation>
  <folder/>
  <filename>14098.jpg</filename>
  <database/>
  <annotation/>
  <image/>
  <size>
    <height>360</height>
    <width>640</width>
    <depth>3</depth>
  </size>
  <segmented/>
  <object>
    <name>InfusionBag</name>
    <pose/>
    <truncated/>
    <difficult/>
    <bndbox>
      <xmin>130.6358381502891</xmin>
      <ymin>36.55491329479767</ymin>
      <xmax>161.84971098265896</xmax>
      <ymax>101.00578034682083</ymax>
    </bndbox>
  </object>
  <object>
    <name>Person</name>
    <pose/>
    <truncated/>
    <difficult/>
    <bndbox>
      <xmin>194.50867052023122</xmin>
      <ymin>157.364161849711</ymin>
      <xmax>516.1849710982659</xmax>
      <ymax>312.2774566473988</ymax>
    </bndbox>
  </object>
  <object>
    <name>Medicine</name>
    <pose/>
    <truncated/>
    <difficult/>
    <bndbox>
      <xmin>280.0578034682082</xmin>
      <ymin>132.50867052023125</ymin>
      <xmax>288.1502890173411</xmax>
      <ymax>145.80346820809248</ymax>
    </bndbox>
  </object>
  <object>
    <name>Medicine</name>
    <pose/>
    <truncated/>
    <difficult/>
    <bndbox>
      <xmin>273.6994219653179</xmin>
      <ymin>136.8439306358382</ymin>
      <xmax>280.92485549132954</xmax>
      <ymax>147.5375722543353</ymax>
    </bndbox>
  </object>
</annotation>
