<annotation>
  <folder/>
  <filename>14104.jpg</filename>
  <database/>
  <annotation/>
  <image/>
  <size>
    <height>360</height>
    <width>640</width>
    <depth>3</depth>
  </size>
  <segmented/>
  <object>
    <name>InfusionBag</name>
    <pose/>
    <truncated/>
    <difficult/>
    <bndbox>
      <xmin>125.7225433526012</xmin>
      <ymin>29.618497109826563</ymin>
      <xmax>156.93641618497108</xmax>
      <ymax>94.06936416184972</ymax>
    </bndbox>
  </object>
  <object>
    <name>Person</name>
    <pose/>
    <truncated/>
    <difficult/>
    <bndbox>
      <xmin>198.26589595375722</xmin>
      <ymin>152.4508670520231</ymin>
      <xmax>510.6936416184971</xmax>
      <ymax>321.2369942196532</ymax>
    </bndbox>
  </object>
  <object>
    <name>Medicine</name>
    <pose/>
    <truncated/>
    <difficult/>
    <bndbox>
      <xmin>284.9710982658961</xmin>
      <ymin>131.3526011560694</ymin>
      <xmax>293.063583815029</xmax>
      <ymax>144.64739884393063</ymax>
    </bndbox>
  </object>
  <object>
    <name>Medicine</name>
    <pose/>
    <truncated/>
    <difficult/>
    <bndbox>
      <xmin>278.32369942196533</xmin>
      <ymin>137.13294797687865</ymin>
      <xmax>285.54913294797694</xmax>
      <ymax>147.82658959537574</ymax>
    </bndbox>
  </object>
</annotation>
