<annotation>
  <folder/>
  <filename>14110.jpg</filename>
  <database/>
  <annotation/>
  <image/>
  <size>
    <height>360</height>
    <width>640</width>
    <depth>3</depth>
  </size>
  <segmented/>
  <object>
    <name>InfusionBag</name>
    <pose/>
    <truncated/>
    <difficult/>
    <bndbox>
      <xmin>117.63005780346825</xmin>
      <ymin>28.173410404624263</ymin>
      <xmax>148.84393063583812</xmax>
      <ymax>92.62427745664742</ymax>
    </bndbox>
  </object>
  <object>
    <name>Person</name>
    <pose/>
    <truncated/>
    <difficult/>
    <bndbox>
      <xmin>197.39884393063582</xmin>
      <ymin>153.02890173410407</ymin>
      <xmax>511.27167630057806</xmax>
      <ymax>335.1098265895954</ymax>
    </bndbox>
  </object>
  <object>
    <name>Medicine</name>
    <pose/>
    <truncated/>
    <difficult/>
    <bndbox>
      <xmin>289.88439306358396</xmin>
      <ymin>131.64161849710985</ymin>
      <xmax>297.97687861271686</xmax>
      <ymax>144.93641618497108</ymax>
    </bndbox>
  </object>
  <object>
    <name>Medicine</name>
    <pose/>
    <truncated/>
    <difficult/>
    <bndbox>
      <xmin>282.36994219653184</xmin>
      <ymin>136.84393063583818</ymin>
      <xmax>289.59537572254345</xmax>
      <ymax>147.53757225433526</ymax>
    </bndbox>
  </object>
</annotation>
