<annotation>
  <folder/>
  <filename>14134.jpg</filename>
  <database/>
  <annotation/>
  <image/>
  <size>
    <height>360</height>
    <width>640</width>
    <depth>3</depth>
  </size>
  <segmented/>
  <object>
    <name>InfusionBag</name>
    <pose/>
    <truncated/>
    <difficult/>
    <bndbox>
      <xmin>124.56647398843933</xmin>
      <ymin>17.479768786127146</ymin>
      <xmax>156.35838150289018</xmax>
      <ymax>77.30635838150289</ymax>
    </bndbox>
  </object>
  <object>
    <name>Person</name>
    <pose/>
    <truncated/>
    <difficult/>
    <bndbox>
      <xmin>207.80346820809248</xmin>
      <ymin>138.28901734104048</ymin>
      <xmax>515.6069364161849</xmax>
      <ymax>335.1098265895955</ymax>
    </bndbox>
  </object>
  <object>
    <name>Medicine</name>
    <pose/>
    <truncated/>
    <difficult/>
    <bndbox>
      <xmin>319.36416184971114</xmin>
      <ymin>122.10404624277461</ymin>
      <xmax>327.45664739884404</xmax>
      <ymax>135.39884393063585</ymax>
    </bndbox>
  </object>
  <object>
    <name>Medicine</name>
    <pose/>
    <truncated/>
    <difficult/>
    <bndbox>
      <xmin>312.42774566474</xmin>
      <ymin>126.43930635838154</ymin>
      <xmax>318.2080924855491</xmax>
      <ymax>137.42196531791907</ymax>
    </bndbox>
  </object>
</annotation>
