<annotation>
  <folder/>
  <filename>14146.jpg</filename>
  <database/>
  <annotation/>
  <image/>
  <size>
    <height>360</height>
    <width>640</width>
    <depth>3</depth>
  </size>
  <segmented/>
  <object>
    <name>InfusionBag</name>
    <pose/>
    <truncated/>
    <difficult/>
    <bndbox>
      <xmin>128.90173410404628</xmin>
      <ymin>12.277456647398822</ymin>
      <xmax>160.69364161849714</xmax>
      <ymax>72.10404624277457</ymax>
    </bndbox>
  </object>
  <object>
    <name>Person</name>
    <pose/>
    <truncated/>
    <difficult/>
    <bndbox>
      <xmin>209.5375722543353</xmin>
      <ymin>132.21965317919077</ymin>
      <xmax>517.3410404624278</xmax>
      <ymax>329.040462427746</ymax>
    </bndbox>
  </object>
  <object>
    <name>Medicine</name>
    <pose/>
    <truncated/>
    <difficult/>
    <bndbox>
      <xmin>332.369942196532</xmin>
      <ymin>118.63583815028909</ymin>
      <xmax>340.17341040462435</xmax>
      <ymax>131.35260115606937</ymax>
    </bndbox>
  </object>
  <object>
    <name>Medicine</name>
    <pose/>
    <truncated/>
    <difficult/>
    <bndbox>
      <xmin>325.4335260115608</xmin>
      <ymin>119.79190751445091</ymin>
      <xmax>331.21387283236993</xmax>
      <ymax>130.77456647398844</ymax>
    </bndbox>
  </object>
</annotation>
