<annotation>
  <folder/>
  <filename>14140.jpg</filename>
  <database/>
  <annotation/>
  <image/>
  <size>
    <height>360</height>
    <width>640</width>
    <depth>3</depth>
  </size>
  <segmented/>
  <object>
    <name>InfusionBag</name>
    <pose/>
    <truncated/>
    <difficult/>
    <bndbox>
      <xmin>126.58959537572258</xmin>
      <ymin>17.479768786127146</ymin>
      <xmax>158.38150289017344</xmax>
      <ymax>77.30635838150289</ymax>
    </bndbox>
  </object>
  <object>
    <name>Person</name>
    <pose/>
    <truncated/>
    <difficult/>
    <bndbox>
      <xmin>209.5375722543353</xmin>
      <ymin>132.21965317919077</ymin>
      <xmax>517.3410404624278</xmax>
      <ymax>329.040462427746</ymax>
    </bndbox>
  </object>
  <object>
    <name>Medicine</name>
    <pose/>
    <truncated/>
    <difficult/>
    <bndbox>
      <xmin>326.30057803468225</xmin>
      <ymin>118.92485549132954</ymin>
      <xmax>334.1040462427746</xmax>
      <ymax>131.64161849710982</ymax>
    </bndbox>
  </object>
  <object>
    <name>Medicine</name>
    <pose/>
    <truncated/>
    <difficult/>
    <bndbox>
      <xmin>319.65317919075153</xmin>
      <ymin>120.94797687861276</ymin>
      <xmax>325.4335260115607</xmax>
      <ymax>131.9306358381503</ymax>
    </bndbox>
  </object>
</annotation>
