<annotation>
  <folder/>
  <filename>14152.jpg</filename>
  <database/>
  <annotation/>
  <image/>
  <size>
    <height>360</height>
    <width>640</width>
    <depth>3</depth>
  </size>
  <segmented/>
  <object>
    <name>InfusionBag</name>
    <pose/>
    <truncated/>
    <difficult/>
    <bndbox>
      <xmin>126.87861271676303</xmin>
      <ymin>7.942196531791879</ymin>
      <xmax>158.67052023121389</xmax>
      <ymax>67.76878612716763</ymax>
    </bndbox>
  </object>
  <object>
    <name>Person</name>
    <pose/>
    <truncated/>
    <difficult/>
    <bndbox>
      <xmin>210.9826589595376</xmin>
      <ymin>131.3526011560694</ymin>
      <xmax>488.728323699422</xmax>
      <ymax>327.59537572254334</ymax>
    </bndbox>
  </object>
  <object>
    <name>Medicine</name>
    <pose/>
    <truncated/>
    <difficult/>
    <bndbox>
      <xmin>336.7052023121389</xmin>
      <ymin>117.76878612716769</ymin>
      <xmax>344.50867052023125</xmax>
      <ymax>130.48554913294797</ymax>
    </bndbox>
  </object>
  <object>
    <name>Medicine</name>
    <pose/>
    <truncated/>
    <difficult/>
    <bndbox>
      <xmin>329.47976878612724</xmin>
      <ymin>120.36994219653184</ymin>
      <xmax>335.2601156069364</xmax>
      <ymax>131.35260115606937</ymax>
    </bndbox>
  </object>
</annotation>
