<annotation>
  <folder/>
  <filename>14164.jpg</filename>
  <database/>
  <annotation/>
  <image/>
  <size>
    <height>360</height>
    <width>640</width>
    <depth>3</depth>
  </size>
  <segmented/>
  <object>
    <name>InfusionBag</name>
    <pose/>
    <truncated/>
    <difficult/>
    <bndbox>
      <xmin>108.38150289017345</xmin>
      <ymin>7.942196531791879</ymin>
      <xmax>140.1734104046244</xmax>
      <ymax>64.58959537572255</ymax>
    </bndbox>
  </object>
  <object>
    <name>Person</name>
    <pose/>
    <truncated/>
    <difficult/>
    <bndbox>
      <xmin>210.9826589595376</xmin>
      <ymin>131.3526011560694</ymin>
      <xmax>454.91329479768785</xmax>
      <ymax>348.40462427745666</ymax>
    </bndbox>
  </object>
  <object>
    <name>Medicine</name>
    <pose/>
    <truncated/>
    <difficult/>
    <bndbox>
      <xmin>340.75144508670536</xmin>
      <ymin>122.68208092485557</ymin>
      <xmax>348.5549132947977</xmax>
      <ymax>135.39884393063585</ymax>
    </bndbox>
  </object>
  <object>
    <name>Medicine</name>
    <pose/>
    <truncated/>
    <difficult/>
    <bndbox>
      <xmin>333.81502890173414</xmin>
      <ymin>124.41618497109829</ymin>
      <xmax>339.5953757225433</xmax>
      <ymax>135.39884393063582</ymax>
    </bndbox>
  </object>
</annotation>
