<annotation>
  <folder/>
  <filename>14176.jpg</filename>
  <database/>
  <annotation/>
  <image/>
  <size>
    <height>360</height>
    <width>640</width>
    <depth>3</depth>
  </size>
  <segmented/>
  <object>
    <name>InfusionBag</name>
    <pose/>
    <truncated/>
    <difficult/>
    <bndbox>
      <xmin>122.25433526011565</xmin>
      <ymin>11.988439306358359</ymin>
      <xmax>154.04624277456657</xmax>
      <ymax>68.63583815028903</ymax>
    </bndbox>
  </object>
  <object>
    <name>Person</name>
    <pose/>
    <truncated/>
    <difficult/>
    <bndbox>
      <xmin>210.9826589595376</xmin>
      <ymin>131.3526011560694</ymin>
      <xmax>438.15028901734104</xmax>
      <ymax>345.8034682080925</ymax>
    </bndbox>
  </object>
  <object>
    <name>Medicine</name>
    <pose/>
    <truncated/>
    <difficult/>
    <bndbox>
      <xmin>358.95953757225453</xmin>
      <ymin>122.39306358381509</ymin>
      <xmax>366.7630057803469</xmax>
      <ymax>135.10982658959537</ymax>
    </bndbox>
  </object>
  <object>
    <name>Medicine</name>
    <pose/>
    <truncated/>
    <difficult/>
    <bndbox>
      <xmin>351.73410404624275</xmin>
      <ymin>125.57225433526011</ymin>
      <xmax>357.5144508670519</xmax>
      <ymax>136.55491329479764</ymax>
    </bndbox>
  </object>
</annotation>
