<annotation>
  <folder/>
  <filename>14182.jpg</filename>
  <database/>
  <annotation/>
  <image/>
  <size>
    <height>360</height>
    <width>640</width>
    <depth>3</depth>
  </size>
  <segmented/>
  <object>
    <name>InfusionBag</name>
    <pose/>
    <truncated/>
    <difficult/>
    <bndbox>
      <xmin>131.21387283237001</xmin>
      <ymin>14.589595375722524</ymin>
      <xmax>165.89595375722544</xmax>
      <ymax>66.03468208092485</ymax>
    </bndbox>
  </object>
  <object>
    <name>Person</name>
    <pose/>
    <truncated/>
    <difficult/>
    <bndbox>
      <xmin>221.6763005780347</xmin>
      <ymin>128.17341040462432</ymin>
      <xmax>434.39306358381504</xmax>
      <ymax>335.6878612716763</ymax>
    </bndbox>
  </object>
  <object>
    <name>Medicine</name>
    <pose/>
    <truncated/>
    <difficult/>
    <bndbox>
      <xmin>369.0751445086707</xmin>
      <ymin>119.79190751445091</ymin>
      <xmax>376.87861271676303</xmax>
      <ymax>132.5086705202312</ymax>
    </bndbox>
  </object>
  <object>
    <name>Medicine</name>
    <pose/>
    <truncated/>
    <difficult/>
    <bndbox>
      <xmin>361.84971098265896</xmin>
      <ymin>121.52601156069363</ymin>
      <xmax>367.6300578034681</xmax>
      <ymax>132.50867052023116</ymax>
    </bndbox>
  </object>
</annotation>
