<annotation>
  <folder/>
  <filename>14206.jpg</filename>
  <database/>
  <annotation/>
  <image/>
  <size>
    <height>360</height>
    <width>640</width>
    <depth>3</depth>
  </size>
  <segmented/>
  <object>
    <name>InfusionBag</name>
    <pose/>
    <truncated/>
    <difficult/>
    <bndbox>
      <xmin>134.6820809248556</xmin>
      <ymin>5.919075144508653</ymin>
      <xmax>167.91907514450867</xmax>
      <ymax>54.763005780346816</ymax>
    </bndbox>
  </object>
  <object>
    <name>Person</name>
    <pose/>
    <truncated/>
    <difficult/>
    <bndbox>
      <xmin>189.59537572254337</xmin>
      <ymin>121.23699421965324</ymin>
      <xmax>364.4508670520231</xmax>
      <ymax>325.8612716763006</ymax>
    </bndbox>
  </object>
  <object>
    <name>Medicine</name>
    <pose/>
    <truncated/>
    <difficult/>
    <bndbox>
      <xmin>391.0404624277458</xmin>
      <ymin>117.76878612716766</ymin>
      <xmax>398.84393063583815</xmax>
      <ymax>130.48554913294794</ymax>
    </bndbox>
  </object>
  <object>
    <name>Medicine</name>
    <pose/>
    <truncated/>
    <difficult/>
    <bndbox>
      <xmin>383.8150289017341</xmin>
      <ymin>119.7919075144508</ymin>
      <xmax>389.5953757225432</xmax>
      <ymax>130.77456647398833</ymax>
    </bndbox>
  </object>
</annotation>
