<annotation>
  <folder/>
  <filename>14212.jpg</filename>
  <database/>
  <annotation/>
  <image/>
  <size>
    <height>360</height>
    <width>640</width>
    <depth>3</depth>
  </size>
  <segmented/>
  <object>
    <name>InfusionBag</name>
    <pose/>
    <truncated/>
    <difficult/>
    <bndbox>
      <xmin>138.15028901734115</xmin>
      <ymin>9.387283236994207</ymin>
      <xmax>171.38728323699422</xmax>
      <ymax>58.23121387283237</ymax>
    </bndbox>
  </object>
  <object>
    <name>Person</name>
    <pose/>
    <truncated/>
    <difficult/>
    <bndbox>
      <xmin>172.83236994219655</xmin>
      <ymin>120.65895953757231</ymin>
      <xmax>349.71098265895955</xmax>
      <ymax>327.88439306358384</ymax>
    </bndbox>
  </object>
  <object>
    <name>Medicine</name>
    <pose/>
    <truncated/>
    <difficult/>
    <bndbox>
      <xmin>397.398843930636</xmin>
      <ymin>121.81502890173414</ymin>
      <xmax>405.20231213872836</xmax>
      <ymax>134.53179190751442</ymax>
    </bndbox>
  </object>
  <object>
    <name>Medicine</name>
    <pose/>
    <truncated/>
    <difficult/>
    <bndbox>
      <xmin>388.4393063583815</xmin>
      <ymin>123.83815028901728</ymin>
      <xmax>394.21965317919063</xmax>
      <ymax>134.8208092485548</ymax>
    </bndbox>
  </object>
</annotation>
