<annotation>
  <folder/>
  <filename>14230.jpg</filename>
  <database/>
  <annotation/>
  <image/>
  <size>
    <height>360</height>
    <width>640</width>
    <depth>3</depth>
  </size>
  <segmented/>
  <object>
    <name>InfusionBag</name>
    <pose/>
    <truncated/>
    <difficult/>
    <bndbox>
      <xmin>182.94797687861285</xmin>
      <ymin>8.520231213872819</ymin>
      <xmax>210.69364161849714</xmax>
      <ymax>54.18497109826589</ymax>
    </bndbox>
  </object>
  <object>
    <name>Person</name>
    <pose/>
    <truncated/>
    <difficult/>
    <bndbox>
      <xmin>162.4277456647399</xmin>
      <ymin>118.63583815028903</ymin>
      <xmax>366.47398843930637</xmax>
      <ymax>330.77456647398844</ymax>
    </bndbox>
  </object>
  <object>
    <name>Medicine</name>
    <pose/>
    <truncated/>
    <difficult/>
    <bndbox>
      <xmin>434.68208092485565</xmin>
      <ymin>129.04046242774572</ymin>
      <xmax>442.485549132948</xmax>
      <ymax>141.757225433526</ymax>
    </bndbox>
  </object>
  <object>
    <name>Medicine</name>
    <pose/>
    <truncated/>
    <difficult/>
    <bndbox>
      <xmin>424.56647398843927</xmin>
      <ymin>129.90751445086696</ymin>
      <xmax>432.36994219653184</xmax>
      <ymax>141.17919075144508</ymax>
    </bndbox>
  </object>
</annotation>
