<annotation>
  <folder/>
  <filename>14242.jpg</filename>
  <database/>
  <annotation/>
  <image/>
  <size>
    <height>360</height>
    <width>640</width>
    <depth>3</depth>
  </size>
  <segmented/>
  <object>
    <name>InfusionBag</name>
    <pose/>
    <truncated/>
    <difficult/>
    <bndbox>
      <xmin>210.9826589595377</xmin>
      <ymin>5.919075144508657</ymin>
      <xmax>231.79190751445086</xmax>
      <ymax>47.2485549132948</ymax>
    </bndbox>
  </object>
  <object>
    <name>Person</name>
    <pose/>
    <truncated/>
    <difficult/>
    <bndbox>
      <xmin>144.21965317919074</xmin>
      <ymin>122.68208092485548</ymin>
      <xmax>380.63583815028903</xmax>
      <ymax>331.6416184971098</ymax>
    </bndbox>
  </object>
  <object>
    <name>Medicine</name>
    <pose/>
    <truncated/>
    <difficult/>
    <bndbox>
      <xmin>458.3815028901736</xmin>
      <ymin>134.82080924855498</ymin>
      <xmax>466.1849710982659</xmax>
      <ymax>147.53757225433526</ymax>
    </bndbox>
  </object>
  <object>
    <name>Medicine</name>
    <pose/>
    <truncated/>
    <difficult/>
    <bndbox>
      <xmin>448.2658959537572</xmin>
      <ymin>136.26589595375714</ymin>
      <xmax>456.06936416184976</xmax>
      <ymax>147.53757225433526</ymax>
    </bndbox>
  </object>
</annotation>
