<annotation>
  <folder/>
  <filename>14266.jpg</filename>
  <database/>
  <annotation/>
  <image/>
  <size>
    <height>360</height>
    <width>640</width>
    <depth>3</depth>
  </size>
  <segmented/>
  <object>
    <name>InfusionBag</name>
    <pose/>
    <truncated/>
    <difficult/>
    <bndbox>
      <xmin>240.46242774566488</xmin>
      <ymin>11.41040462427744</ymin>
      <xmax>261.27167630057806</xmax>
      <ymax>52.73988439306358</ymax>
    </bndbox>
  </object>
  <object>
    <name>Person</name>
    <pose/>
    <truncated/>
    <difficult/>
    <bndbox>
      <xmin>106.93641618497114</xmin>
      <ymin>128.17341040462424</ymin>
      <xmax>395.0867052023122</xmax>
      <ymax>344.6473988439306</ymax>
    </bndbox>
  </object>
  <object>
    <name>Medicine</name>
    <pose/>
    <truncated/>
    <difficult/>
    <bndbox>
      <xmin>493.3526011560695</xmin>
      <ymin>161.4104046242775</ymin>
      <xmax>503.757225433526</xmax>
      <ymax>177.88439306358381</ymax>
    </bndbox>
  </object>
  <object>
    <name>Medicine</name>
    <pose/>
    <truncated/>
    <difficult/>
    <bndbox>
      <xmin>482.6589595375723</xmin>
      <ymin>161.1213872832369</ymin>
      <xmax>492.7745664739885</xmax>
      <ymax>174.70520231213874</ymax>
    </bndbox>
  </object>
</annotation>
