<annotation>
  <folder/>
  <filename>14272.jpg</filename>
  <database/>
  <annotation/>
  <image/>
  <size>
    <height>360</height>
    <width>640</width>
    <depth>3</depth>
  </size>
  <segmented/>
  <object>
    <name>InfusionBag</name>
    <pose/>
    <truncated/>
    <difficult/>
    <bndbox>
      <xmin>254.0462427745666</xmin>
      <ymin>13.722543352601143</ymin>
      <xmax>274.8554913294798</xmax>
      <ymax>52.73988439306359</ymax>
    </bndbox>
  </object>
  <object>
    <name>Person</name>
    <pose/>
    <truncated/>
    <difficult/>
    <bndbox>
      <xmin>107.80346820809248</xmin>
      <ymin>138.28901734104048</ymin>
      <xmax>405.78034682080926</xmax>
      <ymax>323.83815028901734</ymax>
    </bndbox>
  </object>
  <object>
    <name>Medicine</name>
    <pose/>
    <truncated/>
    <difficult/>
    <bndbox>
      <xmin>504.0462427745666</xmin>
      <ymin>163.7225433526012</ymin>
      <xmax>514.450867052023</xmax>
      <ymax>180.19653179190752</ymax>
    </bndbox>
  </object>
  <object>
    <name>Medicine</name>
    <pose/>
    <truncated/>
    <difficult/>
    <bndbox>
      <xmin>491.9075144508671</xmin>
      <ymin>165.45664739884384</ymin>
      <xmax>502.0231213872833</xmax>
      <ymax>179.04046242774567</ymax>
    </bndbox>
  </object>
</annotation>
