<annotation>
  <folder/>
  <filename>14278.jpg</filename>
  <database/>
  <annotation/>
  <image/>
  <size>
    <height>360</height>
    <width>640</width>
    <depth>3</depth>
  </size>
  <segmented/>
  <object>
    <name>InfusionBag</name>
    <pose/>
    <truncated/>
    <difficult/>
    <bndbox>
      <xmin>267.63005780346833</xmin>
      <ymin>13.722543352601143</ymin>
      <xmax>286.9942196531792</xmax>
      <ymax>53.89595375722543</ymax>
    </bndbox>
  </object>
  <object>
    <name>Person</name>
    <pose/>
    <truncated/>
    <difficult/>
    <bndbox>
      <xmin>107.80346820809248</xmin>
      <ymin>138.28901734104048</ymin>
      <xmax>419.6531791907515</xmax>
      <ymax>315.4566473988439</ymax>
    </bndbox>
  </object>
  <object>
    <name>Medicine</name>
    <pose/>
    <truncated/>
    <difficult/>
    <bndbox>
      <xmin>516.4739884393065</xmin>
      <ymin>169.21387283237001</ymin>
      <xmax>526.878612716763</xmax>
      <ymax>185.68786127167633</ymax>
    </bndbox>
  </object>
  <object>
    <name>Medicine</name>
    <pose/>
    <truncated/>
    <difficult/>
    <bndbox>
      <xmin>505.20231213872836</xmin>
      <ymin>168.9248554913294</ymin>
      <xmax>515.3179190751446</xmax>
      <ymax>182.50867052023122</ymax>
    </bndbox>
  </object>
</annotation>
