<annotation>
  <folder/>
  <filename>14284.jpg</filename>
  <database/>
  <annotation/>
  <image/>
  <size>
    <height>360</height>
    <width>640</width>
    <depth>3</depth>
  </size>
  <segmented/>
  <object>
    <name>InfusionBag</name>
    <pose/>
    <truncated/>
    <difficult/>
    <bndbox>
      <xmin>281.5028901734105</xmin>
      <ymin>13.722543352601143</ymin>
      <xmax>298.84393063583815</xmax>
      <ymax>53.606936416184965</ymax>
    </bndbox>
  </object>
  <object>
    <name>Person</name>
    <pose/>
    <truncated/>
    <difficult/>
    <bndbox>
      <xmin>111.84971098265896</xmin>
      <ymin>140.3121387283237</ymin>
      <xmax>426.3005780346821</xmax>
      <ymax>310.5433526011561</ymax>
    </bndbox>
  </object>
  <object>
    <name>Medicine</name>
    <pose/>
    <truncated/>
    <difficult/>
    <bndbox>
      <xmin>531.5028901734105</xmin>
      <ymin>175.86127167630065</ymin>
      <xmax>542.485549132948</xmax>
      <ymax>195.22543352601156</ymax>
    </bndbox>
  </object>
  <object>
    <name>Medicine</name>
    <pose/>
    <truncated/>
    <difficult/>
    <bndbox>
      <xmin>517.6300578034682</xmin>
      <ymin>175.57225433526003</ymin>
      <xmax>529.7687861271677</xmax>
      <ymax>190.3121387283237</ymax>
    </bndbox>
  </object>
</annotation>
