<annotation>
  <folder/>
  <filename>14296.jpg</filename>
  <database/>
  <annotation/>
  <image/>
  <size>
    <height>360</height>
    <width>640</width>
    <depth>3</depth>
  </size>
  <segmented/>
  <object>
    <name>InfusionBag</name>
    <pose/>
    <truncated/>
    <difficult/>
    <bndbox>
      <xmin>285.2601156069365</xmin>
      <ymin>13.144508670520217</ymin>
      <xmax>301.7341040462428</xmax>
      <ymax>56.20809248554913</ymax>
    </bndbox>
  </object>
  <object>
    <name>Person</name>
    <pose/>
    <truncated/>
    <difficult/>
    <bndbox>
      <xmin>86.41618497109823</xmin>
      <ymin>145.22543352601156</ymin>
      <xmax>430.9248554913295</xmax>
      <ymax>320.08092485549133</ymax>
    </bndbox>
  </object>
  <object>
    <name>Medicine</name>
    <pose/>
    <truncated/>
    <difficult/>
    <bndbox>
      <xmin>539.0173410404624</xmin>
      <ymin>198.11560693641624</ymin>
      <xmax>549.9999999999999</xmax>
      <ymax>217.47976878612715</ymax>
    </bndbox>
  </object>
  <object>
    <name>Medicine</name>
    <pose/>
    <truncated/>
    <difficult/>
    <bndbox>
      <xmin>526.3005780346821</xmin>
      <ymin>199.5606936416184</ymin>
      <xmax>538.4393063583816</xmax>
      <ymax>214.30057803468208</ymax>
    </bndbox>
  </object>
</annotation>
