<annotation>
  <folder/>
  <filename>14290.jpg</filename>
  <database/>
  <annotation/>
  <image/>
  <size>
    <height>360</height>
    <width>640</width>
    <depth>3</depth>
  </size>
  <segmented/>
  <object>
    <name>InfusionBag</name>
    <pose/>
    <truncated/>
    <difficult/>
    <bndbox>
      <xmin>285.2601156069365</xmin>
      <ymin>13.144508670520217</ymin>
      <xmax>302.60115606936415</xmax>
      <ymax>53.02890173410404</ymax>
    </bndbox>
  </object>
  <object>
    <name>Person</name>
    <pose/>
    <truncated/>
    <difficult/>
    <bndbox>
      <xmin>104.6242774566474</xmin>
      <ymin>147.2485549132948</ymin>
      <xmax>434.1040462427746</xmax>
      <ymax>312.2774566473988</ymax>
    </bndbox>
  </object>
  <object>
    <name>Medicine</name>
    <pose/>
    <truncated/>
    <difficult/>
    <bndbox>
      <xmin>539.8843930635838</xmin>
      <ymin>183.0867052023122</ymin>
      <xmax>550.8670520231213</xmax>
      <ymax>202.4508670520231</ymax>
    </bndbox>
  </object>
  <object>
    <name>Medicine</name>
    <pose/>
    <truncated/>
    <difficult/>
    <bndbox>
      <xmin>526.878612716763</xmin>
      <ymin>183.08670520231203</ymin>
      <xmax>539.0173410404625</xmax>
      <ymax>197.8265895953757</ymax>
    </bndbox>
  </object>
</annotation>
