<annotation>
  <folder/>
  <filename>14308.jpg</filename>
  <database/>
  <annotation/>
  <image/>
  <size>
    <height>360</height>
    <width>640</width>
    <depth>3</depth>
  </size>
  <segmented/>
  <object>
    <name>InfusionBag</name>
    <pose/>
    <truncated/>
    <difficult/>
    <bndbox>
      <xmin>280.6358381502891</xmin>
      <ymin>13.722543352601136</ymin>
      <xmax>297.1098265895954</xmax>
      <ymax>56.78612716763005</ymax>
    </bndbox>
  </object>
  <object>
    <name>Person</name>
    <pose/>
    <truncated/>
    <difficult/>
    <bndbox>
      <xmin>65.02890173410405</xmin>
      <ymin>157.94219653179192</ymin>
      <xmax>430.0578034682081</xmax>
      <ymax>316.6127167630058</ymax>
    </bndbox>
  </object>
  <object>
    <name>Medicine</name>
    <pose/>
    <truncated/>
    <difficult/>
    <bndbox>
      <xmin>535.5491329479769</xmin>
      <ymin>211.12138728323703</ymin>
      <xmax>547.3988439306358</xmax>
      <ymax>231.93063583815027</ymax>
    </bndbox>
  </object>
  <object>
    <name>Medicine</name>
    <pose/>
    <truncated/>
    <difficult/>
    <bndbox>
      <xmin>522.2543352601156</xmin>
      <ymin>208.23121387283223</ymin>
      <xmax>534.6820809248555</xmax>
      <ymax>226.4393063583815</ymax>
    </bndbox>
  </object>
</annotation>
