<annotation>
  <folder/>
  <filename>14326.jpg</filename>
  <database/>
  <annotation/>
  <image/>
  <size>
    <height>360</height>
    <width>640</width>
    <depth>3</depth>
  </size>
  <segmented/>
  <object>
    <name>InfusionBag</name>
    <pose/>
    <truncated/>
    <difficult/>
    <bndbox>
      <xmin>305.78034682080926</xmin>
      <ymin>7.075144508670505</ymin>
      <xmax>322.25433526011557</xmax>
      <ymax>50.13872832369942</ymax>
    </bndbox>
  </object>
  <object>
    <name>Person</name>
    <pose/>
    <truncated/>
    <difficult/>
    <bndbox>
      <xmin>65.02890173410405</xmin>
      <ymin>157.94219653179192</ymin>
      <xmax>445.08670520231215</xmax>
      <ymax>290.8901734104046</ymax>
    </bndbox>
  </object>
  <object>
    <name>Medicine</name>
    <pose/>
    <truncated/>
    <difficult/>
    <bndbox>
      <xmin>544.5086705202311</xmin>
      <ymin>221.52601156069366</ymin>
      <xmax>560.1156069364162</xmax>
      <ymax>249.5606936416185</ymax>
    </bndbox>
  </object>
  <object>
    <name>Medicine</name>
    <pose/>
    <truncated/>
    <difficult/>
    <bndbox>
      <xmin>531.7919075144509</xmin>
      <ymin>221.52601156069352</ymin>
      <xmax>546.2427745664739</xmax>
      <ymax>242.33526011560693</ymax>
    </bndbox>
  </object>
</annotation>
