<annotation>
  <folder/>
  <filename>14320.jpg</filename>
  <database/>
  <annotation/>
  <image/>
  <size>
    <height>360</height>
    <width>640</width>
    <depth>3</depth>
  </size>
  <segmented/>
  <object>
    <name>InfusionBag</name>
    <pose/>
    <truncated/>
    <difficult/>
    <bndbox>
      <xmin>297.68786127167635</xmin>
      <ymin>7.3641618497109675</ymin>
      <xmax>314.16184971098266</xmax>
      <ymax>50.42774566473988</ymax>
    </bndbox>
  </object>
  <object>
    <name>Person</name>
    <pose/>
    <truncated/>
    <difficult/>
    <bndbox>
      <xmin>65.02890173410405</xmin>
      <ymin>157.94219653179192</ymin>
      <xmax>445.08670520231215</xmax>
      <ymax>290.8901734104046</ymax>
    </bndbox>
  </object>
  <object>
    <name>Medicine</name>
    <pose/>
    <truncated/>
    <difficult/>
    <bndbox>
      <xmin>541.0404624277456</xmin>
      <ymin>217.19075144508673</ymin>
      <xmax>555.4913294797688</xmax>
      <ymax>242.6242774566474</ymax>
    </bndbox>
  </object>
  <object>
    <name>Medicine</name>
    <pose/>
    <truncated/>
    <difficult/>
    <bndbox>
      <xmin>529.7687861271677</xmin>
      <ymin>215.4566473988438</ymin>
      <xmax>542.1965317919077</xmax>
      <ymax>233.66473988439307</ymax>
    </bndbox>
  </object>
</annotation>
