<annotation>
  <folder/>
  <filename>14338.jpg</filename>
  <database/>
  <annotation/>
  <image/>
  <size>
    <height>360</height>
    <width>640</width>
    <depth>3</depth>
  </size>
  <segmented/>
  <object>
    <name>InfusionBag</name>
    <pose/>
    <truncated/>
    <difficult/>
    <bndbox>
      <xmin>298.26589595375725</xmin>
      <ymin>9.965317919075126</ymin>
      <xmax>314.73988439306356</xmax>
      <ymax>53.02890173410404</ymax>
    </bndbox>
  </object>
  <object>
    <name>Person</name>
    <pose/>
    <truncated/>
    <difficult/>
    <bndbox>
      <xmin>45.37572254335264</xmin>
      <ymin>153.31791907514452</ymin>
      <xmax>446.53179190751445</xmax>
      <ymax>284.53179190751445</ymax>
    </bndbox>
  </object>
  <object>
    <name>Medicine</name>
    <pose/>
    <truncated/>
    <difficult/>
    <bndbox>
      <xmin>535.2601156069364</xmin>
      <ymin>251.29479768786135</ymin>
      <xmax>550.8670520231215</xmax>
      <ymax>279.3294797687862</ymax>
    </bndbox>
  </object>
  <object>
    <name>Medicine</name>
    <pose/>
    <truncated/>
    <difficult/>
    <bndbox>
      <xmin>523.699421965318</xmin>
      <ymin>248.40462427745652</ymin>
      <xmax>538.150289017341</xmax>
      <ymax>269.21387283236993</ymax>
    </bndbox>
  </object>
</annotation>
