<annotation>
  <folder/>
  <filename>14332.jpg</filename>
  <database/>
  <annotation/>
  <image/>
  <size>
    <height>360</height>
    <width>640</width>
    <depth>3</depth>
  </size>
  <segmented/>
  <object>
    <name>InfusionBag</name>
    <pose/>
    <truncated/>
    <difficult/>
    <bndbox>
      <xmin>305.78034682080926</xmin>
      <ymin>7.075144508670505</ymin>
      <xmax>322.25433526011557</xmax>
      <ymax>50.13872832369942</ymax>
    </bndbox>
  </object>
  <object>
    <name>Person</name>
    <pose/>
    <truncated/>
    <difficult/>
    <bndbox>
      <xmin>45.37572254335264</xmin>
      <ymin>153.31791907514452</ymin>
      <xmax>446.53179190751445</xmax>
      <ymax>284.53179190751445</ymax>
    </bndbox>
  </object>
  <object>
    <name>Medicine</name>
    <pose/>
    <truncated/>
    <difficult/>
    <bndbox>
      <xmin>543.3526011560693</xmin>
      <ymin>235.39884393063588</ymin>
      <xmax>558.9595375722544</xmax>
      <ymax>263.43352601156073</ymax>
    </bndbox>
  </object>
  <object>
    <name>Medicine</name>
    <pose/>
    <truncated/>
    <difficult/>
    <bndbox>
      <xmin>530.6358381502891</xmin>
      <ymin>232.21965317919063</ymin>
      <xmax>545.0867052023121</xmax>
      <ymax>253.02890173410404</ymax>
    </bndbox>
  </object>
</annotation>
