<annotation>
  <folder/>
  <filename>14356.jpg</filename>
  <database/>
  <annotation/>
  <image/>
  <size>
    <height>360</height>
    <width>640</width>
    <depth>3</depth>
  </size>
  <segmented/>
  <object>
    <name>InfusionBag</name>
    <pose/>
    <truncated/>
    <difficult/>
    <bndbox>
      <xmin>304.335260115607</xmin>
      <ymin>7.075144508670505</ymin>
      <xmax>320.8092485549133</xmax>
      <ymax>50.13872832369942</ymax>
    </bndbox>
  </object>
  <object>
    <name>Person</name>
    <pose/>
    <truncated/>
    <difficult/>
    <bndbox>
      <xmin>14.739884393063583</xmin>
      <ymin>165.45664739884393</ymin>
      <xmax>442.485549132948</xmax>
      <ymax>266.32369942196533</ymax>
    </bndbox>
  </object>
  <object>
    <name>Medicine</name>
    <pose/>
    <truncated/>
    <difficult/>
    <bndbox>
      <xmin>523.4104046242774</xmin>
      <ymin>261.12138728323714</ymin>
      <xmax>539.5953757225434</xmax>
      <ymax>292.91329479768785</ymax>
    </bndbox>
  </object>
  <object>
    <name>Medicine</name>
    <pose/>
    <truncated/>
    <difficult/>
    <bndbox>
      <xmin>511.2716763005783</xmin>
      <ymin>258.8092485549132</ymin>
      <xmax>525.7225433526013</xmax>
      <ymax>279.6184971098266</ymax>
    </bndbox>
  </object>
</annotation>
