<annotation>
  <folder/>
  <filename>14350.jpg</filename>
  <database/>
  <annotation/>
  <image/>
  <size>
    <height>360</height>
    <width>640</width>
    <depth>3</depth>
  </size>
  <segmented/>
  <object>
    <name>InfusionBag</name>
    <pose/>
    <truncated/>
    <difficult/>
    <bndbox>
      <xmin>303.17919075144516</xmin>
      <ymin>7.075144508670505</ymin>
      <xmax>319.6531791907515</xmax>
      <ymax>50.13872832369942</ymax>
    </bndbox>
  </object>
  <object>
    <name>Person</name>
    <pose/>
    <truncated/>
    <difficult/>
    <bndbox>
      <xmin>14.739884393063583</xmin>
      <ymin>165.45664739884393</ymin>
      <xmax>443.35260115606934</xmax>
      <ymax>279.61849710982654</ymax>
    </bndbox>
  </object>
  <object>
    <name>Medicine</name>
    <pose/>
    <truncated/>
    <difficult/>
    <bndbox>
      <xmin>528.9017341040462</xmin>
      <ymin>260.8323699421967</ymin>
      <xmax>544.7976878612717</xmax>
      <ymax>290.6011560693642</ymax>
    </bndbox>
  </object>
  <object>
    <name>Medicine</name>
    <pose/>
    <truncated/>
    <difficult/>
    <bndbox>
      <xmin>517.3410404624279</xmin>
      <ymin>259.09826589595366</ymin>
      <xmax>531.7919075144509</xmax>
      <ymax>279.90751445086704</ymax>
    </bndbox>
  </object>
</annotation>
