<annotation>
  <folder/>
  <filename>14362.jpg</filename>
  <database/>
  <annotation/>
  <image/>
  <size>
    <height>360</height>
    <width>640</width>
    <depth>3</depth>
  </size>
  <segmented/>
  <object>
    <name>InfusionBag</name>
    <pose/>
    <truncated/>
    <difficult/>
    <bndbox>
      <xmin>306.6473988439307</xmin>
      <ymin>5.052023121387272</ymin>
      <xmax>323.121387283237</xmax>
      <ymax>48.115606936416185</ymax>
    </bndbox>
  </object>
  <object>
    <name>Person</name>
    <pose/>
    <truncated/>
    <difficult/>
    <bndbox>
      <xmin>14.739884393063583</xmin>
      <ymin>165.45664739884393</ymin>
      <xmax>442.77456647398844</xmax>
      <ymax>262.2774566473988</ymax>
    </bndbox>
  </object>
  <object>
    <name>Medicine</name>
    <pose/>
    <truncated/>
    <difficult/>
    <bndbox>
      <xmin>521.3872832369941</xmin>
      <ymin>260.83236994219664</ymin>
      <xmax>537.5722543352601</xmax>
      <ymax>292.62427745664735</ymax>
    </bndbox>
  </object>
  <object>
    <name>Medicine</name>
    <pose/>
    <truncated/>
    <difficult/>
    <bndbox>
      <xmin>510.6936416184974</xmin>
      <ymin>258.8092485549132</ymin>
      <xmax>525.1445086705204</xmax>
      <ymax>279.6184971098266</ymax>
    </bndbox>
  </object>
</annotation>
