<annotation>
  <folder/>
  <filename>14368.jpg</filename>
  <database/>
  <annotation/>
  <image/>
  <size>
    <height>360</height>
    <width>640</width>
    <depth>3</depth>
  </size>
  <segmented/>
  <object>
    <name>InfusionBag</name>
    <pose/>
    <truncated/>
    <difficult/>
    <bndbox>
      <xmin>308.092485549133</xmin>
      <ymin>5.052023121387272</ymin>
      <xmax>324.5664739884393</xmax>
      <ymax>48.115606936416185</ymax>
    </bndbox>
  </object>
  <object>
    <name>Person</name>
    <pose/>
    <truncated/>
    <difficult/>
    <bndbox>
      <xmin>14.739884393063583</xmin>
      <ymin>165.45664739884393</ymin>
      <xmax>442.77456647398844</xmax>
      <ymax>262.2774566473988</ymax>
    </bndbox>
  </object>
  <object>
    <name>Medicine</name>
    <pose/>
    <truncated/>
    <difficult/>
    <bndbox>
      <xmin>520.5202312138726</xmin>
      <ymin>259.6763005780348</ymin>
      <xmax>536.7052023121387</xmax>
      <ymax>291.4682080924855</ymax>
    </bndbox>
  </object>
  <object>
    <name>Medicine</name>
    <pose/>
    <truncated/>
    <difficult/>
    <bndbox>
      <xmin>509.5375722543356</xmin>
      <ymin>257.94219653179186</ymin>
      <xmax>523.9884393063586</xmax>
      <ymax>278.75144508670525</ymax>
    </bndbox>
  </object>
</annotation>
