<annotation>
  <folder/>
  <filename>15004.jpg</filename>
  <database/>
  <annotation/>
  <image/>
  <size>
    <height>360</height>
    <width>640</width>
    <depth>3</depth>
  </size>
  <segmented/>
  <object>
    <name>InfusionBag</name>
    <pose/>
    <truncated/>
    <difficult/>
    <bndbox>
      <xmin>313.2947976878613</xmin>
      <ymin>24.99421965317918</ymin>
      <xmax>329.76878612716763</xmax>
      <ymax>68.05780346820809</ymax>
    </bndbox>
  </object>
  <object>
    <name>Person</name>
    <pose/>
    <truncated/>
    <difficult/>
    <bndbox>
      <xmin>135.83815028901734</xmin>
      <ymin>72.39306358381504</ymin>
      <xmax>373.12138728323697</xmax>
      <ymax>329.32947976878614</ymax>
    </bndbox>
  </object>
  <object>
    <name>Medicine</name>
    <pose/>
    <truncated/>
    <difficult/>
    <bndbox>
      <xmin>528.3236994219651</xmin>
      <ymin>213.14450867052034</ymin>
      <xmax>541.6184971098266</xmax>
      <ymax>240.60115606936415</ymax>
    </bndbox>
  </object>
  <object>
    <name>Medicine</name>
    <pose/>
    <truncated/>
    <difficult/>
    <bndbox>
      <xmin>510.98265895953784</xmin>
      <ymin>225.2832369942196</ymin>
      <xmax>526.3005780346821</xmax>
      <ymax>245.514450867052</ymax>
    </bndbox>
  </object>
</annotation>
