<annotation>
  <folder/>
  <filename>15064.jpg</filename>
  <database/>
  <annotation/>
  <image/>
  <size>
    <height>360</height>
    <width>640</width>
    <depth>3</depth>
  </size>
  <segmented/>
  <object>
    <name>InfusionBag</name>
    <pose/>
    <truncated/>
    <difficult/>
    <bndbox>
      <xmin>313.00578034682087</xmin>
      <ymin>27.01734104046242</ymin>
      <xmax>329.4797687861272</xmax>
      <ymax>70.08092485549133</ymax>
    </bndbox>
  </object>
  <object>
    <name>Person</name>
    <pose/>
    <truncated/>
    <difficult/>
    <bndbox>
      <xmin>135.83815028901734</xmin>
      <ymin>72.39306358381504</ymin>
      <xmax>373.12138728323697</xmax>
      <ymax>329.32947976878614</ymax>
    </bndbox>
  </object>
  <object>
    <name>Medicine</name>
    <pose/>
    <truncated/>
    <difficult/>
    <bndbox>
      <xmin>526.0115606936414</xmin>
      <ymin>212.8554913294799</ymin>
      <xmax>540.7514450867052</xmax>
      <ymax>240.02312138728323</ymax>
    </bndbox>
  </object>
  <object>
    <name>Medicine</name>
    <pose/>
    <truncated/>
    <difficult/>
    <bndbox>
      <xmin>509.24855491329504</xmin>
      <ymin>225.2832369942196</ymin>
      <xmax>524.5664739884393</xmax>
      <ymax>245.8034682080925</ymax>
    </bndbox>
  </object>
</annotation>
