<annotation>
  <folder/>
  <filename>15082.jpg</filename>
  <database/>
  <annotation/>
  <image/>
  <size>
    <height>360</height>
    <width>640</width>
    <depth>3</depth>
  </size>
  <segmented/>
  <object>
    <name>InfusionBag</name>
    <pose/>
    <truncated/>
    <difficult/>
    <bndbox>
      <xmin>313.00578034682087</xmin>
      <ymin>27.01734104046242</ymin>
      <xmax>329.4797687861272</xmax>
      <ymax>70.08092485549133</ymax>
    </bndbox>
  </object>
  <object>
    <name>Person</name>
    <pose/>
    <truncated/>
    <difficult/>
    <bndbox>
      <xmin>137.8612716763006</xmin>
      <ymin>77.59537572254335</ymin>
      <xmax>369.9421965317919</xmax>
      <ymax>330.485549132948</ymax>
    </bndbox>
  </object>
  <object>
    <name>Medicine</name>
    <pose/>
    <truncated/>
    <difficult/>
    <bndbox>
      <xmin>526.0115606936414</xmin>
      <ymin>212.8554913294799</ymin>
      <xmax>540.7514450867052</xmax>
      <ymax>240.02312138728323</ymax>
    </bndbox>
  </object>
  <object>
    <name>Medicine</name>
    <pose/>
    <truncated/>
    <difficult/>
    <bndbox>
      <xmin>509.24855491329504</xmin>
      <ymin>225.2832369942196</ymin>
      <xmax>524.5664739884393</xmax>
      <ymax>245.8034682080925</ymax>
    </bndbox>
  </object>
</annotation>
