<annotation>
  <folder/>
  <filename>15094.jpg</filename>
  <database/>
  <annotation/>
  <image/>
  <size>
    <height>360</height>
    <width>640</width>
    <depth>3</depth>
  </size>
  <segmented/>
  <object>
    <name>InfusionBag</name>
    <pose/>
    <truncated/>
    <difficult/>
    <bndbox>
      <xmin>313.00578034682087</xmin>
      <ymin>27.01734104046242</ymin>
      <xmax>329.4797687861272</xmax>
      <ymax>70.08092485549133</ymax>
    </bndbox>
  </object>
  <object>
    <name>Person</name>
    <pose/>
    <truncated/>
    <difficult/>
    <bndbox>
      <xmin>137.8612716763006</xmin>
      <ymin>77.59537572254335</ymin>
      <xmax>369.9421965317919</xmax>
      <ymax>330.485549132948</ymax>
    </bndbox>
  </object>
  <object>
    <name>Medicine</name>
    <pose/>
    <truncated/>
    <difficult/>
    <bndbox>
      <xmin>528.6127167630056</xmin>
      <ymin>212.56647398843944</ymin>
      <xmax>543.3526011560693</xmax>
      <ymax>239.73410404624278</ymax>
    </bndbox>
  </object>
  <object>
    <name>Medicine</name>
    <pose/>
    <truncated/>
    <difficult/>
    <bndbox>
      <xmin>512.7167630057804</xmin>
      <ymin>224.4161849710982</ymin>
      <xmax>528.0346820809247</xmax>
      <ymax>244.9364161849711</ymax>
    </bndbox>
  </object>
</annotation>
