<annotation>
  <folder/>
  <filename>15112.jpg</filename>
  <database/>
  <annotation/>
  <image/>
  <size>
    <height>360</height>
    <width>640</width>
    <depth>3</depth>
  </size>
  <segmented/>
  <object>
    <name>InfusionBag</name>
    <pose/>
    <truncated/>
    <difficult/>
    <bndbox>
      <xmin>314.7398843930637</xmin>
      <ymin>27.01734104046242</ymin>
      <xmax>331.21387283237</xmax>
      <ymax>70.08092485549133</ymax>
    </bndbox>
  </object>
  <object>
    <name>Person</name>
    <pose/>
    <truncated/>
    <difficult/>
    <bndbox>
      <xmin>142.77456647398844</xmin>
      <ymin>76.15028901734105</ymin>
      <xmax>374.8554913294798</xmax>
      <ymax>329.04046242774575</ymax>
    </bndbox>
  </object>
  <object>
    <name>Medicine</name>
    <pose/>
    <truncated/>
    <difficult/>
    <bndbox>
      <xmin>531.2138728323697</xmin>
      <ymin>212.27745664739896</ymin>
      <xmax>545.9537572254335</xmax>
      <ymax>239.4450867052023</ymax>
    </bndbox>
  </object>
  <object>
    <name>Medicine</name>
    <pose/>
    <truncated/>
    <difficult/>
    <bndbox>
      <xmin>513.005780346821</xmin>
      <ymin>224.12716763005773</ymin>
      <xmax>528.3236994219652</xmax>
      <ymax>244.64739884393063</ymax>
    </bndbox>
  </object>
</annotation>
