<annotation>
  <folder/>
  <filename>15136.jpg</filename>
  <database/>
  <annotation/>
  <image/>
  <size>
    <height>360</height>
    <width>640</width>
    <depth>3</depth>
  </size>
  <segmented/>
  <object>
    <name>InfusionBag</name>
    <pose/>
    <truncated/>
    <difficult/>
    <bndbox>
      <xmin>313.00578034682087</xmin>
      <ymin>22.39306358381502</ymin>
      <xmax>329.4797687861272</xmax>
      <ymax>65.45664739884394</ymax>
    </bndbox>
  </object>
  <object>
    <name>Person</name>
    <pose/>
    <truncated/>
    <difficult/>
    <bndbox>
      <xmin>138.15028901734104</xmin>
      <ymin>72.68208092485553</ymin>
      <xmax>370.23121387283237</xmax>
      <ymax>325.57225433526025</ymax>
    </bndbox>
  </object>
  <object>
    <name>Medicine</name>
    <pose/>
    <truncated/>
    <difficult/>
    <bndbox>
      <xmin>531.5028901734102</xmin>
      <ymin>210.83236994219664</ymin>
      <xmax>546.2427745664739</xmax>
      <ymax>237.99999999999997</ymax>
    </bndbox>
  </object>
  <object>
    <name>Medicine</name>
    <pose/>
    <truncated/>
    <difficult/>
    <bndbox>
      <xmin>513.2947976878615</xmin>
      <ymin>221.23699421965307</ymin>
      <xmax>528.6127167630058</xmax>
      <ymax>241.75722543352597</ymax>
    </bndbox>
  </object>
</annotation>
