<annotation>
  <folder/>
  <filename>15142.jpg</filename>
  <database/>
  <annotation/>
  <image/>
  <size>
    <height>360</height>
    <width>640</width>
    <depth>3</depth>
  </size>
  <segmented/>
  <object>
    <name>InfusionBag</name>
    <pose/>
    <truncated/>
    <difficult/>
    <bndbox>
      <xmin>310.9826589595377</xmin>
      <ymin>21.815028901734095</ymin>
      <xmax>327.456647398844</xmax>
      <ymax>64.87861271676302</ymax>
    </bndbox>
  </object>
  <object>
    <name>Person</name>
    <pose/>
    <truncated/>
    <difficult/>
    <bndbox>
      <xmin>138.4393063583815</xmin>
      <ymin>69.50289017341042</ymin>
      <xmax>370.5202312138728</xmax>
      <ymax>322.3930635838152</ymax>
    </bndbox>
  </object>
  <object>
    <name>Medicine</name>
    <pose/>
    <truncated/>
    <difficult/>
    <bndbox>
      <xmin>528.0346820809247</xmin>
      <ymin>207.36416184971108</ymin>
      <xmax>542.7745664739884</xmax>
      <ymax>234.53179190751442</ymax>
    </bndbox>
  </object>
  <object>
    <name>Medicine</name>
    <pose/>
    <truncated/>
    <difficult/>
    <bndbox>
      <xmin>510.98265895953784</xmin>
      <ymin>216.9017341040461</ymin>
      <xmax>526.3005780346821</xmax>
      <ymax>237.42196531791902</ymax>
    </bndbox>
  </object>
</annotation>
