<annotation>
  <folder/>
  <filename>15154.jpg</filename>
  <database/>
  <annotation/>
  <image/>
  <size>
    <height>360</height>
    <width>640</width>
    <depth>3</depth>
  </size>
  <segmented/>
  <object>
    <name>InfusionBag</name>
    <pose/>
    <truncated/>
    <difficult/>
    <bndbox>
      <xmin>296.820809248555</xmin>
      <ymin>15.45664739884392</ymin>
      <xmax>313.2947976878613</xmax>
      <ymax>58.52023121387284</ymax>
    </bndbox>
  </object>
  <object>
    <name>Person</name>
    <pose/>
    <truncated/>
    <difficult/>
    <bndbox>
      <xmin>129.19075144508668</xmin>
      <ymin>64.58959537572254</ymin>
      <xmax>362.1387283236994</xmax>
      <ymax>326.4393063583815</ymax>
    </bndbox>
  </object>
  <object>
    <name>Medicine</name>
    <pose/>
    <truncated/>
    <difficult/>
    <bndbox>
      <xmin>519.0751445086703</xmin>
      <ymin>197.82658959537582</ymin>
      <xmax>533.8150289017341</xmax>
      <ymax>224.99421965317916</ymax>
    </bndbox>
  </object>
  <object>
    <name>Medicine</name>
    <pose/>
    <truncated/>
    <difficult/>
    <bndbox>
      <xmin>501.73410404624303</xmin>
      <ymin>208.23121387283223</ymin>
      <xmax>517.0520231213874</xmax>
      <ymax>228.75144508670513</ymax>
    </bndbox>
  </object>
</annotation>
