<annotation>
  <folder/>
  <filename>15160.jpg</filename>
  <database/>
  <annotation/>
  <image/>
  <size>
    <height>360</height>
    <width>640</width>
    <depth>3</depth>
  </size>
  <segmented/>
  <object>
    <name>InfusionBag</name>
    <pose/>
    <truncated/>
    <difficult/>
    <bndbox>
      <xmin>297.10982658959546</xmin>
      <ymin>9.387283236994207</ymin>
      <xmax>313.58381502890177</xmax>
      <ymax>52.45086705202313</ymax>
    </bndbox>
  </object>
  <object>
    <name>Person</name>
    <pose/>
    <truncated/>
    <difficult/>
    <bndbox>
      <xmin>130.05780346820808</xmin>
      <ymin>58.52023121387283</ymin>
      <xmax>365.60693641618496</xmax>
      <ymax>325.8612716763006</ymax>
    </bndbox>
  </object>
  <object>
    <name>Medicine</name>
    <pose/>
    <truncated/>
    <difficult/>
    <bndbox>
      <xmin>524.566473988439</xmin>
      <ymin>187.71098265895964</ymin>
      <xmax>539.306358381503</xmax>
      <ymax>212.27745664739885</ymax>
    </bndbox>
  </object>
  <object>
    <name>Medicine</name>
    <pose/>
    <truncated/>
    <difficult/>
    <bndbox>
      <xmin>510.6936416184974</xmin>
      <ymin>201.5838150289016</ymin>
      <xmax>523.6994219653179</xmax>
      <ymax>219.79190751445086</ymax>
    </bndbox>
  </object>
</annotation>
