<annotation>
  <folder/>
  <filename>15190.jpg</filename>
  <database/>
  <annotation/>
  <image/>
  <size>
    <height>360</height>
    <width>640</width>
    <depth>3</depth>
  </size>
  <segmented/>
  <object>
    <name>InfusionBag</name>
    <pose/>
    <truncated/>
    <difficult/>
    <bndbox>
      <xmin>275.1445086705204</xmin>
      <ymin>-0.43930635838151133</ymin>
      <xmax>291.6184971098267</xmax>
      <ymax>42.624277456647405</ymax>
    </bndbox>
  </object>
  <object>
    <name>Person</name>
    <pose/>
    <truncated/>
    <difficult/>
    <bndbox>
      <xmin>145.37572254335254</xmin>
      <ymin>49.27167630057804</ymin>
      <xmax>375.43352601156073</xmax>
      <ymax>338.0</ymax>
    </bndbox>
  </object>
  <object>
    <name>Medicine</name>
    <pose/>
    <truncated/>
    <difficult/>
    <bndbox>
      <xmin>511.5606936416182</xmin>
      <ymin>158.80924855491335</ymin>
      <xmax>526.3005780346821</xmax>
      <ymax>183.37572254335257</ymax>
    </bndbox>
  </object>
  <object>
    <name>Medicine</name>
    <pose/>
    <truncated/>
    <difficult/>
    <bndbox>
      <xmin>501.7341040462431</xmin>
      <ymin>172.97109826589588</ymin>
      <xmax>514.7398843930636</xmax>
      <ymax>191.17919075144513</ymax>
    </bndbox>
  </object>
</annotation>
