<annotation>
  <folder/>
  <filename>15214.jpg</filename>
  <database/>
  <annotation/>
  <image/>
  <size>
    <height>360</height>
    <width>640</width>
    <depth>3</depth>
  </size>
  <segmented/>
  <object>
    <name>InfusionBag</name>
    <pose/>
    <truncated/>
    <difficult/>
    <bndbox>
      <xmin>255.49132947976898</xmin>
      <ymin>0.13872832369941435</ymin>
      <xmax>271.9653179190753</xmax>
      <ymax>43.20231213872833</ymax>
    </bndbox>
  </object>
  <object>
    <name>Person</name>
    <pose/>
    <truncated/>
    <difficult/>
    <bndbox>
      <xmin>141.3294797687861</xmin>
      <ymin>45.22543352601156</ymin>
      <xmax>373.12138728323697</xmax>
      <ymax>335.1098265895954</ymax>
    </bndbox>
  </object>
  <object>
    <name>Medicine</name>
    <pose/>
    <truncated/>
    <difficult/>
    <bndbox>
      <xmin>500.57803468208056</xmin>
      <ymin>143.2023121387284</ymin>
      <xmax>511.27167630057806</xmax>
      <ymax>167.47976878612718</ymax>
    </bndbox>
  </object>
  <object>
    <name>Medicine</name>
    <pose/>
    <truncated/>
    <difficult/>
    <bndbox>
      <xmin>491.040462427746</xmin>
      <ymin>158.23121387283229</ymin>
      <xmax>503.46820809248555</xmax>
      <ymax>174.70520231213874</ymax>
    </bndbox>
  </object>
</annotation>
