<annotation>
  <folder/>
  <filename>16026.jpg</filename>
  <database/>
  <annotation/>
  <image/>
  <size>
    <height>360</height>
    <width>640</width>
    <depth>3</depth>
  </size>
  <segmented/>
  <object>
    <name>InfusionBag</name>
    <pose/>
    <truncated/>
    <difficult/>
    <bndbox>
      <xmin>134.39306358381512</xmin>
      <ymin>62.277456647398836</ymin>
      <xmax>178.03468208092485</xmax>
      <ymax>150.71676300578036</ymax>
    </bndbox>
  </object>
  <object>
    <name>Person</name>
    <pose/>
    <truncated/>
    <difficult/>
    <bndbox>
      <xmin>127.16763005780346</xmin>
      <ymin>194.64739884393063</ymin>
      <xmax>545.3757225433526</xmax>
      <ymax>314.3005780346821</ymax>
    </bndbox>
  </object>
  <object>
    <name>Medicine</name>
    <pose/>
    <truncated/>
    <difficult/>
    <bndbox>
      <xmin>186.4161849710983</xmin>
      <ymin>169.21387283236996</ymin>
      <xmax>195.66473988439307</xmax>
      <ymax>184.82080924855492</ymax>
    </bndbox>
  </object>
  <object>
    <name>Medicine</name>
    <pose/>
    <truncated/>
    <difficult/>
    <bndbox>
      <xmin>178.32369942196533</xmin>
      <ymin>175.8612716763006</ymin>
      <xmax>184.6820809248555</xmax>
      <ymax>188.00000000000003</ymax>
    </bndbox>
  </object>
  <object>
    <name>Person</name>
    <pose/>
    <truncated/>
    <difficult/>
    <bndbox>
      <xmin>180.92485549132948</xmin>
      <ymin>104.47398843930635</ymin>
      <xmax>326.0115606936416</xmax>
      <ymax>225.5722543352601</ymax>
    </bndbox>
  </object>
</annotation>
