<annotation>
  <folder/>
  <filename>16038.jpg</filename>
  <database/>
  <annotation/>
  <image/>
  <size>
    <height>360</height>
    <width>640</width>
    <depth>3</depth>
  </size>
  <segmented/>
  <object>
    <name>InfusionBag</name>
    <pose/>
    <truncated/>
    <difficult/>
    <bndbox>
      <xmin>75.72254335260124</xmin>
      <ymin>54.47398843930635</ymin>
      <xmax>119.36416184971098</xmax>
      <ymax>142.91329479768788</ymax>
    </bndbox>
  </object>
  <object>
    <name>Person</name>
    <pose/>
    <truncated/>
    <difficult/>
    <bndbox>
      <xmin>111.56069364161847</xmin>
      <ymin>180.48554913294802</ymin>
      <xmax>519.0751445086705</xmax>
      <ymax>333.3757225433526</ymax>
    </bndbox>
  </object>
  <object>
    <name>Medicine</name>
    <pose/>
    <truncated/>
    <difficult/>
    <bndbox>
      <xmin>184.6820809248555</xmin>
      <ymin>162.27745664739885</ymin>
      <xmax>193.9306358381503</xmax>
      <ymax>177.88439306358381</ymax>
    </bndbox>
  </object>
  <object>
    <name>Medicine</name>
    <pose/>
    <truncated/>
    <difficult/>
    <bndbox>
      <xmin>178.32369942196533</xmin>
      <ymin>168.34682080924858</ymin>
      <xmax>184.6820809248555</xmax>
      <ymax>180.48554913294802</ymax>
    </bndbox>
  </object>
  <object>
    <name>Person</name>
    <pose/>
    <truncated/>
    <difficult/>
    <bndbox>
      <xmin>169.65317919075147</xmin>
      <ymin>100.1387283236994</ymin>
      <xmax>314.7398843930635</xmax>
      <ymax>221.23699421965316</ymax>
    </bndbox>
  </object>
</annotation>
