<annotation>
  <folder/>
  <filename>16032.jpg</filename>
  <database/>
  <annotation/>
  <image/>
  <size>
    <height>360</height>
    <width>640</width>
    <depth>3</depth>
  </size>
  <segmented/>
  <object>
    <name>InfusionBag</name>
    <pose/>
    <truncated/>
    <difficult/>
    <bndbox>
      <xmin>104.33526011560703</xmin>
      <ymin>57.65317919075143</ymin>
      <xmax>147.9768786127168</xmax>
      <ymax>146.09248554913296</ymax>
    </bndbox>
  </object>
  <object>
    <name>Person</name>
    <pose/>
    <truncated/>
    <difficult/>
    <bndbox>
      <xmin>122.83236994219656</xmin>
      <ymin>192.91329479768783</ymin>
      <xmax>540.7514450867052</xmax>
      <ymax>321.52601156069363</ymax>
    </bndbox>
  </object>
  <object>
    <name>Medicine</name>
    <pose/>
    <truncated/>
    <difficult/>
    <bndbox>
      <xmin>183.81502890173414</xmin>
      <ymin>164.58959537572255</ymin>
      <xmax>193.06358381502892</xmax>
      <ymax>180.19653179190752</ymax>
    </bndbox>
  </object>
  <object>
    <name>Medicine</name>
    <pose/>
    <truncated/>
    <difficult/>
    <bndbox>
      <xmin>177.7456647398844</xmin>
      <ymin>172.1040462427746</ymin>
      <xmax>184.1040462427746</xmax>
      <ymax>184.24277456647403</ymax>
    </bndbox>
  </object>
  <object>
    <name>Person</name>
    <pose/>
    <truncated/>
    <difficult/>
    <bndbox>
      <xmin>179.1907514450867</xmin>
      <ymin>98.40462427745665</ymin>
      <xmax>324.27745664739894</xmax>
      <ymax>219.5028901734104</ymax>
    </bndbox>
  </object>
</annotation>
