<annotation>
  <folder/>
  <filename>16056.jpg</filename>
  <database/>
  <annotation/>
  <image/>
  <size>
    <height>360</height>
    <width>640</width>
    <depth>3</depth>
  </size>
  <segmented/>
  <object>
    <name>InfusionBag</name>
    <pose/>
    <truncated/>
    <difficult/>
    <bndbox>
      <xmin>80.92485549132955</xmin>
      <ymin>48.982658959537574</ymin>
      <xmax>124.5664739884393</xmax>
      <ymax>137.42196531791916</ymax>
    </bndbox>
  </object>
  <object>
    <name>Person</name>
    <pose/>
    <truncated/>
    <difficult/>
    <bndbox>
      <xmin>139.3063583815029</xmin>
      <ymin>171.52601156069366</ymin>
      <xmax>532.6589595375723</xmax>
      <ymax>349.84971098265896</ymax>
    </bndbox>
  </object>
  <object>
    <name>Medicine</name>
    <pose/>
    <truncated/>
    <difficult/>
    <bndbox>
      <xmin>218.20809248554914</xmin>
      <ymin>153.60693641618496</ymin>
      <xmax>227.45664739884393</xmax>
      <ymax>169.21387283236993</ymax>
    </bndbox>
  </object>
  <object>
    <name>Medicine</name>
    <pose/>
    <truncated/>
    <difficult/>
    <bndbox>
      <xmin>212.4277456647399</xmin>
      <ymin>159.38728323699425</ymin>
      <xmax>218.78612716763007</xmax>
      <ymax>171.5260115606937</ymax>
    </bndbox>
  </object>
  <object>
    <name>Person</name>
    <pose/>
    <truncated/>
    <difficult/>
    <bndbox>
      <xmin>198.2658959537572</xmin>
      <ymin>93.2023121387283</ymin>
      <xmax>343.35260115606917</xmax>
      <ymax>214.30057803468208</ymax>
    </bndbox>
  </object>
</annotation>
