<annotation>
  <folder/>
  <filename>16050.jpg</filename>
  <database/>
  <annotation/>
  <image/>
  <size>
    <height>360</height>
    <width>640</width>
    <depth>3</depth>
  </size>
  <segmented/>
  <object>
    <name>InfusionBag</name>
    <pose/>
    <truncated/>
    <difficult/>
    <bndbox>
      <xmin>75.72254335260124</xmin>
      <ymin>54.47398843930635</ymin>
      <xmax>119.36416184971098</xmax>
      <ymax>142.91329479768788</ymax>
    </bndbox>
  </object>
  <object>
    <name>Person</name>
    <pose/>
    <truncated/>
    <difficult/>
    <bndbox>
      <xmin>129.76878612716763</xmin>
      <ymin>177.59537572254337</ymin>
      <xmax>522.2543352601156</xmax>
      <ymax>343.78034682080926</ymax>
    </bndbox>
  </object>
  <object>
    <name>Medicine</name>
    <pose/>
    <truncated/>
    <difficult/>
    <bndbox>
      <xmin>205.78034682080926</xmin>
      <ymin>156.20809248554914</ymin>
      <xmax>215.02890173410404</xmax>
      <ymax>171.8150289017341</ymax>
    </bndbox>
  </object>
  <object>
    <name>Medicine</name>
    <pose/>
    <truncated/>
    <difficult/>
    <bndbox>
      <xmin>198.26589595375722</xmin>
      <ymin>162.8554913294798</ymin>
      <xmax>204.6242774566474</xmax>
      <ymax>174.99421965317924</ymax>
    </bndbox>
  </object>
  <object>
    <name>Person</name>
    <pose/>
    <truncated/>
    <difficult/>
    <bndbox>
      <xmin>183.23699421965318</xmin>
      <ymin>91.75722543352597</ymin>
      <xmax>328.32369942196516</xmax>
      <ymax>212.85549132947975</ymax>
    </bndbox>
  </object>
</annotation>
