<annotation>
  <folder/>
  <filename>16062.jpg</filename>
  <database/>
  <annotation/>
  <image/>
  <size>
    <height>360</height>
    <width>640</width>
    <depth>3</depth>
  </size>
  <segmented/>
  <object>
    <name>InfusionBag</name>
    <pose/>
    <truncated/>
    <difficult/>
    <bndbox>
      <xmin>80.92485549132955</xmin>
      <ymin>48.982658959537574</ymin>
      <xmax>124.5664739884393</xmax>
      <ymax>137.42196531791916</ymax>
    </bndbox>
  </object>
  <object>
    <name>Person</name>
    <pose/>
    <truncated/>
    <difficult/>
    <bndbox>
      <xmin>139.3063583815029</xmin>
      <ymin>171.52601156069366</ymin>
      <xmax>537.5722543352601</xmax>
      <ymax>357.0751445086705</ymax>
    </bndbox>
  </object>
  <object>
    <name>Medicine</name>
    <pose/>
    <truncated/>
    <difficult/>
    <bndbox>
      <xmin>228.6127167630058</xmin>
      <ymin>149.84971098265896</ymin>
      <xmax>237.8612716763006</xmax>
      <ymax>165.45664739884393</ymax>
    </bndbox>
  </object>
  <object>
    <name>Medicine</name>
    <pose/>
    <truncated/>
    <difficult/>
    <bndbox>
      <xmin>222.54335260115607</xmin>
      <ymin>155.05202312138732</ymin>
      <xmax>228.90173410404626</xmax>
      <ymax>167.19075144508676</ymax>
    </bndbox>
  </object>
  <object>
    <name>Person</name>
    <pose/>
    <truncated/>
    <difficult/>
    <bndbox>
      <xmin>205.49132947976875</xmin>
      <ymin>92.62427745664735</ymin>
      <xmax>350.5780346820807</xmax>
      <ymax>213.72254335260112</ymax>
    </bndbox>
  </object>
</annotation>
