<annotation>
  <folder/>
  <filename>16068.jpg</filename>
  <database/>
  <annotation/>
  <image/>
  <size>
    <height>360</height>
    <width>640</width>
    <depth>3</depth>
  </size>
  <segmented/>
  <object>
    <name>InfusionBag</name>
    <pose/>
    <truncated/>
    <difficult/>
    <bndbox>
      <xmin>69.36416184971105</xmin>
      <ymin>35.398843930635834</ymin>
      <xmax>113.0057803468208</xmax>
      <ymax>123.83815028901742</ymax>
    </bndbox>
  </object>
  <object>
    <name>Person</name>
    <pose/>
    <truncated/>
    <difficult/>
    <bndbox>
      <xmin>146.82080924855492</xmin>
      <ymin>160.54335260115607</ymin>
      <xmax>545.0</xmax>
      <ymax>359.0</ymax>
    </bndbox>
  </object>
  <object>
    <name>Medicine</name>
    <pose/>
    <truncated/>
    <difficult/>
    <bndbox>
      <xmin>230.0578034682081</xmin>
      <ymin>149.56069364161849</ymin>
      <xmax>239.3063583815029</xmax>
      <ymax>165.16763005780345</ymax>
    </bndbox>
  </object>
  <object>
    <name>Person</name>
    <pose/>
    <truncated/>
    <difficult/>
    <bndbox>
      <xmin>220.23121387283237</xmin>
      <ymin>85.10982658959531</ymin>
      <xmax>361.5606936416185</xmax>
      <ymax>214.01156069364163</ymax>
    </bndbox>
  </object>
</annotation>
