<annotation>
  <folder/>
  <filename>16074.jpg</filename>
  <database/>
  <annotation/>
  <image/>
  <size>
    <height>360</height>
    <width>640</width>
    <depth>3</depth>
  </size>
  <segmented/>
  <object>
    <name>InfusionBag</name>
    <pose/>
    <truncated/>
    <difficult/>
    <bndbox>
      <xmin>49.421965317919145</xmin>
      <ymin>26.728323699421964</ymin>
      <xmax>93.06358381502888</xmax>
      <ymax>115.16763005780355</ymax>
    </bndbox>
  </object>
  <object>
    <name>Person</name>
    <pose/>
    <truncated/>
    <difficult/>
    <bndbox>
      <xmin>149.13294797687863</xmin>
      <ymin>151.87283236994222</ymin>
      <xmax>526.8439306358381</xmax>
      <ymax>358.71098265895955</ymax>
    </bndbox>
  </object>
  <object>
    <name>Person</name>
    <pose/>
    <truncated/>
    <difficult/>
    <bndbox>
      <xmin>212.71676300578036</xmin>
      <ymin>77.88439306358376</ymin>
      <xmax>354.0462427745665</xmax>
      <ymax>206.78612716763007</ymax>
    </bndbox>
  </object>
</annotation>
