<annotation>
  <folder/>
  <filename>16086.jpg</filename>
  <database/>
  <annotation/>
  <image/>
  <size>
    <height>360</height>
    <width>640</width>
    <depth>3</depth>
  </size>
  <segmented/>
  <object>
    <name>InfusionBag</name>
    <pose/>
    <truncated/>
    <difficult/>
    <bndbox>
      <xmin>38.1502890173411</xmin>
      <ymin>23.54913294797688</ymin>
      <xmax>83.52601156069365</xmax>
      <ymax>98.98265895953757</ymax>
    </bndbox>
  </object>
  <object>
    <name>Person</name>
    <pose/>
    <truncated/>
    <difficult/>
    <bndbox>
      <xmin>143.9306358381503</xmin>
      <ymin>144.35838150289018</ymin>
      <xmax>526.8439306358381</xmax>
      <ymax>358.71098265895955</ymax>
    </bndbox>
  </object>
  <object>
    <name>Person</name>
    <pose/>
    <truncated/>
    <difficult/>
    <bndbox>
      <xmin>214.45086705202314</xmin>
      <ymin>70.3699421965318</ymin>
      <xmax>357.80346820809234</xmax>
      <ymax>207.07514450867052</ymax>
    </bndbox>
  </object>
</annotation>
