<annotation>
  <folder/>
  <filename>16098.jpg</filename>
  <database/>
  <annotation/>
  <image/>
  <size>
    <height>360</height>
    <width>640</width>
    <depth>3</depth>
  </size>
  <segmented/>
  <object>
    <name>InfusionBag</name>
    <pose/>
    <truncated/>
    <difficult/>
    <bndbox>
      <xmin>51.73410404624284</xmin>
      <ymin>23.260115606936417</ymin>
      <xmax>95.37572254335261</xmax>
      <ymax>94.9364161849711</ymax>
    </bndbox>
  </object>
  <object>
    <name>Person</name>
    <pose/>
    <truncated/>
    <difficult/>
    <bndbox>
      <xmin>144.21965317919074</xmin>
      <ymin>142.04624277456648</ymin>
      <xmax>526.8439306358381</xmax>
      <ymax>358.71098265895955</ymax>
    </bndbox>
  </object>
  <object>
    <name>Person</name>
    <pose/>
    <truncated/>
    <difficult/>
    <bndbox>
      <xmin>225.7225433526012</xmin>
      <ymin>68.92485549132948</ymin>
      <xmax>378.6127167630058</xmax>
      <ymax>209.67630057803467</ymax>
    </bndbox>
  </object>
</annotation>
