<annotation>
  <folder/>
  <filename>16104.jpg</filename>
  <database/>
  <annotation/>
  <image/>
  <size>
    <height>360</height>
    <width>640</width>
    <depth>3</depth>
  </size>
  <segmented/>
  <object>
    <name>InfusionBag</name>
    <pose/>
    <truncated/>
    <difficult/>
    <bndbox>
      <xmin>57.22543352601162</xmin>
      <ymin>23.260115606936417</ymin>
      <xmax>100.86705202312139</xmax>
      <ymax>94.9364161849711</ymax>
    </bndbox>
  </object>
  <object>
    <name>Person</name>
    <pose/>
    <truncated/>
    <difficult/>
    <bndbox>
      <xmin>176.58959537572258</xmin>
      <ymin>139.73410404624278</ymin>
      <xmax>538.693641618497</xmax>
      <ymax>358.4219653179191</ymax>
    </bndbox>
  </object>
  <object>
    <name>Person</name>
    <pose/>
    <truncated/>
    <difficult/>
    <bndbox>
      <xmin>234.97109826589602</xmin>
      <ymin>67.19075144508673</ymin>
      <xmax>398.84393063583815</xmax>
      <ymax>210.5433526011561</ymax>
    </bndbox>
  </object>
</annotation>
