<annotation>
  <folder/>
  <filename>16128.jpg</filename>
  <database/>
  <annotation/>
  <image/>
  <size>
    <height>360</height>
    <width>640</width>
    <depth>3</depth>
  </size>
  <segmented/>
  <object>
    <name>InfusionBag</name>
    <pose/>
    <truncated/>
    <difficult/>
    <bndbox>
      <xmin>74.56647398843937</xmin>
      <ymin>12.566473988439306</ymin>
      <xmax>117.05202312138728</xmax>
      <ymax>77.88439306358381</ymax>
    </bndbox>
  </object>
  <object>
    <name>Person</name>
    <pose/>
    <truncated/>
    <difficult/>
    <bndbox>
      <xmin>173.41040462427748</xmin>
      <ymin>124.70520231213874</ymin>
      <xmax>515.0</xmax>
      <ymax>359.0</ymax>
    </bndbox>
  </object>
  <object>
    <name>Person</name>
    <pose/>
    <truncated/>
    <difficult/>
    <bndbox>
      <xmin>233.81502890173417</xmin>
      <ymin>59.38728323699425</ymin>
      <xmax>397.6878612716763</xmax>
      <ymax>202.73988439306365</ymax>
    </bndbox>
  </object>
</annotation>
