<annotation>
  <folder/>
  <filename>16140.jpg</filename>
  <database/>
  <annotation/>
  <image/>
  <size>
    <height>360</height>
    <width>640</width>
    <depth>3</depth>
  </size>
  <segmented/>
  <object>
    <name>InfusionBag</name>
    <pose/>
    <truncated/>
    <difficult/>
    <bndbox>
      <xmin>89.88439306358387</xmin>
      <ymin>10.832369942196529</ymin>
      <xmax>132.36994219653167</xmax>
      <ymax>76.15028901734104</ymax>
    </bndbox>
  </object>
  <object>
    <name>Person</name>
    <pose/>
    <truncated/>
    <difficult/>
    <bndbox>
      <xmin>171.09826589595377</xmin>
      <ymin>120.08092485549133</ymin>
      <xmax>488.0</xmax>
      <ymax>359.0</ymax>
    </bndbox>
  </object>
  <object>
    <name>Person</name>
    <pose/>
    <truncated/>
    <difficult/>
    <bndbox>
      <xmin>256.3583815028902</xmin>
      <ymin>57.36416184971098</ymin>
      <xmax>422.2543352601156</xmax>
      <ymax>211.98843930635837</ymax>
    </bndbox>
  </object>
</annotation>
