<annotation>
  <folder/>
  <filename>16182.jpg</filename>
  <database/>
  <annotation/>
  <image/>
  <size>
    <height>360</height>
    <width>640</width>
    <depth>3</depth>
  </size>
  <segmented/>
  <object>
    <name>InfusionBag</name>
    <pose/>
    <truncated/>
    <difficult/>
    <bndbox>
      <xmin>125.7225433526012</xmin>
      <ymin>16.901734104046252</ymin>
      <xmax>158.95953757225433</xmax>
      <ymax>66.32369942196532</ymax>
    </bndbox>
  </object>
  <object>
    <name>Person</name>
    <pose/>
    <truncated/>
    <difficult/>
    <bndbox>
      <xmin>203.17919075144508</xmin>
      <ymin>116.61271676300578</ymin>
      <xmax>412.4277456647399</xmax>
      <ymax>339.15606936416185</ymax>
    </bndbox>
  </object>
  <object>
    <name>Person</name>
    <pose/>
    <truncated/>
    <difficult/>
    <bndbox>
      <xmin>261.27167630057806</xmin>
      <ymin>58.520231213872805</ymin>
      <xmax>439.3063583815029</xmax>
      <ymax>241.17919075144508</ymax>
    </bndbox>
  </object>
</annotation>
