<annotation>
  <folder/>
  <filename>16206.jpg</filename>
  <database/>
  <annotation/>
  <image/>
  <size>
    <height>360</height>
    <width>640</width>
    <depth>3</depth>
  </size>
  <segmented/>
  <object>
    <name>InfusionBag</name>
    <pose/>
    <truncated/>
    <difficult/>
    <bndbox>
      <xmin>134.39306358381506</xmin>
      <ymin>14.58959537572255</ymin>
      <xmax>163.8728323699422</xmax>
      <ymax>60.25433526011561</ymax>
    </bndbox>
  </object>
  <object>
    <name>Person</name>
    <pose/>
    <truncated/>
    <difficult/>
    <bndbox>
      <xmin>137.8612716763006</xmin>
      <ymin>112.56647398843931</ymin>
      <xmax>325.7225433526012</xmax>
      <ymax>315.4566473988439</ymax>
    </bndbox>
  </object>
  <object>
    <name>Person</name>
    <pose/>
    <truncated/>
    <difficult/>
    <bndbox>
      <xmin>258.38150289017335</xmin>
      <ymin>58.520231213872805</ymin>
      <xmax>424.8554913294798</xmax>
      <ymax>243.78034682080926</ymax>
    </bndbox>
  </object>
</annotation>
