<annotation>
  <folder/>
  <filename>16224.jpg</filename>
  <database/>
  <annotation/>
  <image/>
  <size>
    <height>360</height>
    <width>640</width>
    <depth>3</depth>
  </size>
  <segmented/>
  <object>
    <name>InfusionBag</name>
    <pose/>
    <truncated/>
    <difficult/>
    <bndbox>
      <xmin>181.50289017341046</xmin>
      <ymin>21.815028901734106</ymin>
      <xmax>210.9826589595376</xmax>
      <ymax>67.47976878612717</ymax>
    </bndbox>
  </object>
  <object>
    <name>Person</name>
    <pose/>
    <truncated/>
    <difficult/>
    <bndbox>
      <xmin>152.3121387283237</xmin>
      <ymin>113.4335260115607</ymin>
      <xmax>346.8208092485553</xmax>
      <ymax>316.32369942196544</ymax>
    </bndbox>
  </object>
  <object>
    <name>Person</name>
    <pose/>
    <truncated/>
    <difficult/>
    <bndbox>
      <xmin>296.24277456647394</xmin>
      <ymin>62.27745664739881</ymin>
      <xmax>464.1618497109827</xmax>
      <ymax>272.393063583815</ymax>
    </bndbox>
  </object>
</annotation>
