<annotation>
  <folder/>
  <filename>16248.jpg</filename>
  <database/>
  <annotation/>
  <image/>
  <size>
    <height>360</height>
    <width>640</width>
    <depth>3</depth>
  </size>
  <segmented/>
  <object>
    <name>InfusionBag</name>
    <pose/>
    <truncated/>
    <difficult/>
    <bndbox>
      <xmin>215.31791907514454</xmin>
      <ymin>17.76878612716763</ymin>
      <xmax>236.4161849710983</xmax>
      <ymax>57.07514450867052</ymax>
    </bndbox>
  </object>
  <object>
    <name>Person</name>
    <pose/>
    <truncated/>
    <difficult/>
    <bndbox>
      <xmin>135.2601156069364</xmin>
      <ymin>107.94219653179191</ymin>
      <xmax>363.8728323699422</xmax>
      <ymax>310.8323699421965</ymax>
    </bndbox>
  </object>
  <object>
    <name>Person</name>
    <pose/>
    <truncated/>
    <difficult/>
    <bndbox>
      <xmin>301.4450867052022</xmin>
      <ymin>60.543352601156016</ymin>
      <xmax>471.9653179190752</xmax>
      <ymax>302.4508670520231</ymax>
    </bndbox>
  </object>
</annotation>
